temperature,ph,turbidity,tds,light,timestamp,risk_score,risk_level
24.96,7.29,21.46,276.31,4.41,2026-03-16 13:45:57.202,15,Safe
24.23,7.29,38.65,278.19,14.59,2026-03-16 13:48:57.202,30,Safe
23.82,7.3,42.33,280.05,2.02,2026-03-16 13:51:57.202,50,Moderate
23.58,7.27,27.35,282.38,12.8,2026-03-16 13:54:57.202,35,Moderate
23.29,7.26,41.12,284.16,18.29,2026-03-16 13:57:57.202,50,Moderate
22.9,7.23,46.84,284.61,12.55,2026-03-16 14:00:57.202,50,Moderate
22.9,7.24,25.74,285.81,2.23,2026-03-16 14:03:57.202,35,Moderate
22.82,7.24,42.5,288.31,10.79,2026-03-16 14:06:57.202,50,Moderate
22.67,7.22,42.7,287.87,1.38,2026-03-16 14:09:57.202,50,Moderate
22.68,7.19,29.92,288.13,13.0,2026-03-16 14:12:57.202,35,Moderate
22.8,7.18,40.3,289.67,4.76,2026-03-16 14:15:57.202,50,Moderate
22.67,7.18,30.9,290.59,13.47,2026-03-16 14:18:57.202,50,Moderate
22.88,7.16,27.69,291.19,11.01,2026-03-16 14:21:57.202,35,Moderate
22.95,7.14,28.58,291.87,15.68,2026-03-16 14:24:57.202,35,Moderate
22.94,7.11,41.09,293.03,10.06,2026-03-16 14:27:57.202,50,Moderate
22.86,7.08,39.79,293.94,11.67,2026-03-16 14:30:57.202,50,Moderate
22.97,7.04,28.0,293.5,1.47,2026-03-16 14:33:57.202,35,Moderate
22.93,7.04,33.4,295.17,5.99,2026-03-16 14:36:57.202,50,Moderate
23.04,7.02,33.09,296.27,16.92,2026-03-16 14:39:57.202,50,Moderate
23.0,7.01,46.03,297.98,10.91,2026-03-16 14:42:57.202,50,Moderate
23.09,7.02,44.42,298.36,8.13,2026-03-16 14:45:57.202,50,Moderate
23.02,7.01,37.93,299.77,5.34,2026-03-16 14:48:57.202,50,Moderate
23.04,6.99,31.32,301.24,19.34,2026-03-16 14:51:57.202,50,Moderate
22.88,6.95,28.89,302.2,6.27,2026-03-16 14:54:57.202,35,Moderate
22.82,6.94,37.62,303.68,13.28,2026-03-16 14:57:57.202,50,Moderate
22.76,6.93,46.1,304.94,12.31,2026-03-16 15:00:57.202,50,Moderate
22.8,6.93,33.18,305.57,1.7,2026-03-16 15:03:57.202,50,Moderate
22.8,6.91,49.63,305.88,12.6,2026-03-16 15:06:57.202,50,Moderate
22.62,6.87,48.44,306.98,4.98,2026-03-16 15:09:57.202,50,Moderate
22.52,6.86,43.59,307.5,14.87,2026-03-16 15:12:57.202,50,Moderate
22.46,6.82,37.61,307.94,4.63,2026-03-16 15:15:57.202,50,Moderate
22.6,6.82,44.11,308.95,0.12,2026-03-16 15:18:57.202,50,Moderate
22.61,6.82,45.01,310.73,8.09,2026-03-16 15:21:57.202,50,Moderate
22.68,6.81,32.75,311.67,6.54,2026-03-16 15:24:57.202,50,Moderate
22.78,6.81,40.01,313.62,18.99,2026-03-16 15:27:57.202,50,Moderate
22.65,6.78,46.3,314.61,19.29,2026-03-16 15:30:57.202,50,Moderate
22.57,6.78,42.47,317.7,2.42,2026-03-16 15:33:57.202,50,Moderate
22.64,6.73,42.53,319.51,8.71,2026-03-16 15:36:57.202,50,Moderate
22.7,6.7,51.75,320.79,9.29,2026-03-16 15:39:57.202,50,Moderate
22.61,6.7,36.09,321.7,14.4,2026-03-16 15:42:57.202,50,Moderate
22.64,6.68,39.16,323.3,14.92,2026-03-16 15:45:57.202,50,Moderate
22.68,6.65,48.77,323.69,10.49,2026-03-16 15:48:57.202,50,Moderate
22.67,6.65,47.43,325.75,17.45,2026-03-16 15:51:57.202,50,Moderate
22.54,6.59,46.81,328.35,6.08,2026-03-16 15:54:57.202,50,Moderate
22.55,6.56,38.19,328.8,14.8,2026-03-16 15:57:57.202,50,Moderate
22.46,6.53,45.57,331.32,9.08,2026-03-16 16:00:57.202,50,Moderate
22.44,6.52,46.93,332.84,14.98,2026-03-16 16:03:57.202,50,Moderate
22.65,6.47,39.5,332.93,19.24,2026-03-16 16:06:57.202,65,High
24.1,6.48,22.44,332.5,9.83,2026-03-16 16:09:57.202,30,Safe
24.84,6.47,21.61,331.88,16.27,2026-03-16 16:12:57.202,30,Safe
25.16,6.45,22.2,332.05,10.85,2026-03-16 16:15:57.202,30,Safe
25.46,6.45,19.82,332.68,8.76,2026-03-16 16:18:57.202,15,Safe
25.61,6.42,21.96,332.6,19.85,2026-03-16 16:21:57.202,30,Safe
25.5,6.39,22.2,333.88,19.6,2026-03-16 16:24:57.202,30,Safe
25.57,6.35,18.73,331.45,8.3,2026-03-16 16:27:57.202,15,Safe
25.52,6.36,19.28,332.01,10.77,2026-03-16 16:30:57.202,15,Safe
25.52,6.32,16.98,331.34,15.51,2026-03-16 16:33:57.202,15,Safe
25.64,6.3,17.27,330.57,0.74,2026-03-16 16:36:57.202,15,Safe
25.67,6.26,19.12,329.79,13.1,2026-03-16 16:39:57.202,15,Safe
25.64,6.25,16.24,330.87,7.6,2026-03-16 16:42:57.202,15,Safe
25.53,6.21,16.89,330.38,14.94,2026-03-16 16:45:57.202,15,Safe
25.48,6.2,18.67,330.69,5.87,2026-03-16 16:48:57.202,15,Safe
25.49,6.19,19.21,332.22,4.82,2026-03-16 16:51:57.202,15,Safe
25.47,6.21,17.7,332.32,3.16,2026-03-16 16:54:57.202,15,Safe
25.36,6.2,16.58,333.57,9.66,2026-03-16 16:57:57.202,15,Safe
25.42,6.21,17.5,333.41,13.72,2026-03-16 17:00:57.202,15,Safe
25.49,6.17,16.32,332.37,12.73,2026-03-16 17:03:57.202,15,Safe
25.58,6.17,19.06,332.71,8.82,2026-03-16 17:06:57.202,15,Safe
25.58,6.14,21.08,333.28,10.62,2026-03-16 17:09:57.202,30,Safe
25.65,6.12,16.32,334.87,19.26,2026-03-16 17:12:57.202,15,Safe
25.58,6.08,16.08,335.83,0.28,2026-03-16 17:15:57.202,15,Safe
25.62,6.04,17.42,336.67,0.5,2026-03-16 17:18:57.202,15,Safe
25.58,6.04,17.89,337.41,2.8,2026-03-16 17:21:57.202,15,Safe
25.62,6.03,19.03,336.66,18.92,2026-03-16 17:24:57.202,15,Safe
25.62,6.01,17.1,334.68,7.41,2026-03-16 17:27:57.202,15,Safe
25.52,6.0,18.16,334.68,3.8,2026-03-16 17:30:57.202,15,Safe
25.56,6.0,16.4,335.25,2.52,2026-03-16 17:33:57.202,15,Safe
25.61,6.0,18.14,335.23,0.06,2026-03-16 17:36:57.202,15,Safe
25.69,6.0,17.99,335.32,4.76,2026-03-16 17:39:57.202,15,Safe
25.74,6.0,17.8,334.61,2.18,2026-03-16 17:42:57.202,15,Safe
25.53,6.0,17.19,335.63,9.58,2026-03-16 17:45:57.202,15,Safe
25.63,6.0,16.81,335.45,12.66,2026-03-16 17:48:57.202,15,Safe
25.62,6.0,18.38,335.06,13.02,2026-03-16 17:51:57.202,15,Safe
25.68,6.0,19.45,335.29,8.54,2026-03-16 17:54:57.202,15,Safe
25.58,6.01,16.05,334.64,16.24,2026-03-16 17:57:57.202,15,Safe
25.54,6.0,18.04,334.4,14.42,2026-03-16 18:00:57.202,15,Safe
25.61,6.0,13.64,335.04,7.35,2026-03-16 18:03:57.202,15,Safe
25.64,6.0,18.36,335.08,18.58,2026-03-16 18:06:57.202,15,Safe
25.71,6.0,16.61,334.52,8.02,2026-03-16 18:09:57.202,15,Safe
25.68,6.0,16.31,334.36,15.54,2026-03-16 18:12:57.202,15,Safe
25.68,6.0,16.96,334.05,8.84,2026-03-16 18:15:57.202,15,Safe
25.62,6.01,16.78,334.09,7.91,2026-03-16 18:18:57.202,15,Safe
25.49,6.02,15.69,335.68,3.51,2026-03-16 18:21:57.202,15,Safe
25.46,6.01,14.54,335.91,18.42,2026-03-16 18:24:57.202,15,Safe
25.62,6.0,17.02,335.16,12.36,2026-03-16 18:27:57.202,15,Safe
25.51,6.0,15.18,335.05,0.84,2026-03-16 18:30:57.202,15,Safe
25.6,6.0,13.09,335.26,0.73,2026-03-16 18:33:57.202,15,Safe
25.58,6.0,13.59,335.1,2.24,2026-03-16 18:36:57.202,15,Safe
25.57,6.0,15.0,336.62,1.51,2026-03-16 18:39:57.202,15,Safe
25.55,6.0,15.39,337.47,4.28,2026-03-16 18:42:57.202,15,Safe
25.64,6.01,15.1,336.94,1.61,2026-03-16 18:45:57.202,15,Safe
25.62,6.02,14.6,336.87,1.24,2026-03-16 18:48:57.202,15,Safe
25.72,6.0,15.88,336.76,3.95,2026-03-16 18:51:57.202,15,Safe
25.6,6.0,17.69,336.06,1.67,2026-03-16 18:54:57.202,15,Safe
25.58,6.0,11.94,335.82,1.88,2026-03-16 18:57:57.202,15,Safe
25.66,6.0,17.85,336.0,1.81,2026-03-16 19:00:57.202,15,Safe
25.68,6.0,13.92,336.14,0.51,2026-03-16 19:03:57.202,15,Safe
25.71,6.0,15.49,335.98,4.16,2026-03-16 19:06:57.202,15,Safe
25.65,6.0,16.53,336.48,3.74,2026-03-16 19:09:57.202,15,Safe
25.51,6.0,13.21,336.77,2.31,2026-03-16 19:12:57.202,15,Safe
25.66,6.0,11.36,336.91,4.37,2026-03-16 19:15:57.202,15,Safe
25.61,6.0,14.08,337.86,2.19,2026-03-16 19:18:57.202,15,Safe
25.69,6.0,11.72,338.44,1.87,2026-03-16 19:21:57.202,15,Safe
25.7,6.0,13.47,339.04,0.69,2026-03-16 19:24:57.202,15,Safe
25.74,6.0,13.81,338.82,0.56,2026-03-16 19:27:57.202,15,Safe
25.74,6.01,14.48,339.0,0.08,2026-03-16 19:30:57.202,15,Safe
25.52,6.01,12.92,338.43,4.87,2026-03-16 19:33:57.202,15,Safe
25.54,6.0,15.03,338.74,1.27,2026-03-16 19:36:57.202,15,Safe
25.62,6.0,11.26,337.89,2.73,2026-03-16 19:39:57.202,15,Safe
25.65,6.0,13.21,335.67,2.29,2026-03-16 19:42:57.202,15,Safe
25.68,6.0,9.73,336.31,3.77,2026-03-16 19:45:57.202,15,Safe
25.6,6.0,12.63,335.05,4.47,2026-03-16 19:48:57.202,15,Safe
25.62,6.01,13.04,334.81,3.01,2026-03-16 19:51:57.202,15,Safe
25.52,6.0,16.63,336.83,1.76,2026-03-16 19:54:57.202,15,Safe
25.63,6.0,12.04,337.0,1.82,2026-03-16 19:57:57.202,15,Safe
25.58,6.01,10.79,336.23,1.83,2026-03-16 20:00:57.202,15,Safe
25.7,6.02,13.67,335.57,1.99,2026-03-16 20:03:57.202,15,Safe
25.74,6.0,11.09,336.16,2.23,2026-03-16 20:06:57.202,15,Safe
25.68,6.0,13.12,334.59,0.44,2026-03-16 20:09:57.202,15,Safe
25.64,6.02,11.73,335.58,4.64,2026-03-16 20:12:57.202,15,Safe
25.63,6.01,11.25,336.94,1.84,2026-03-16 20:15:57.202,15,Safe
25.61,6.03,10.29,336.16,4.12,2026-03-16 20:18:57.202,15,Safe
25.66,6.03,11.19,336.5,0.91,2026-03-16 20:21:57.202,15,Safe
25.69,6.02,10.43,336.24,1.73,2026-03-16 20:24:57.202,15,Safe
25.73,6.0,13.08,335.17,2.51,2026-03-16 20:27:57.202,15,Safe
25.62,6.01,10.15,334.33,0.14,2026-03-16 20:30:57.202,15,Safe
25.68,6.01,8.92,334.67,1.45,2026-03-16 20:33:57.202,15,Safe
25.65,6.0,8.56,335.25,1.02,2026-03-16 20:36:57.202,15,Safe
25.66,6.01,11.53,334.51,1.6,2026-03-16 20:39:57.202,15,Safe
25.62,6.0,13.1,333.69,0.8,2026-03-16 20:42:57.202,15,Safe
25.66,6.0,12.01,332.09,4.73,2026-03-16 20:45:57.202,15,Safe
25.74,6.01,8.92,331.7,2.68,2026-03-16 20:48:57.202,15,Safe
25.71,6.0,9.23,331.71,2.77,2026-03-16 20:51:57.202,15,Safe
25.69,6.0,9.34,331.58,3.97,2026-03-16 20:54:57.202,15,Safe
25.63,6.03,10.11,332.99,2.37,2026-03-16 20:57:57.202,15,Safe
25.64,6.04,8.92,332.34,1.68,2026-03-16 21:00:57.202,15,Safe
25.72,6.01,10.32,332.8,3.98,2026-03-16 21:03:57.202,15,Safe
25.61,6.0,7.97,332.78,2.92,2026-03-16 21:06:57.202,15,Safe
25.62,6.0,8.39,334.36,0.09,2026-03-16 21:09:57.202,15,Safe
25.61,6.03,8.16,335.27,0.69,2026-03-16 21:12:57.202,15,Safe
25.61,6.05,7.69,335.37,3.86,2026-03-16 21:15:57.202,15,Safe
25.62,6.04,8.25,336.77,1.49,2026-03-16 21:18:57.202,15,Safe
25.71,6.05,6.02,336.76,3.38,2026-03-16 21:21:57.202,15,Safe
25.71,6.04,11.09,336.79,2.21,2026-03-16 21:24:57.202,15,Safe
25.68,6.04,8.83,336.82,1.21,2026-03-16 21:27:57.202,15,Safe
25.79,6.06,7.89,337.58,2.75,2026-03-16 21:30:57.202,15,Safe
25.63,6.05,8.48,338.18,4.54,2026-03-16 21:33:57.202,15,Safe
25.51,6.03,9.01,339.82,4.6,2026-03-16 21:36:57.202,15,Safe
25.67,6.02,8.68,341.38,0.54,2026-03-16 21:39:57.202,15,Safe
25.67,6.0,9.66,341.79,0.56,2026-03-16 21:42:57.202,15,Safe
25.64,6.0,8.54,342.1,4.28,2026-03-16 21:45:57.202,15,Safe
25.7,6.0,8.14,343.41,1.3,2026-03-16 21:48:57.202,15,Safe
25.56,6.0,8.35,343.4,0.59,2026-03-16 21:51:57.202,15,Safe
25.67,6.01,10.33,342.66,3.07,2026-03-16 21:54:57.202,15,Safe
25.67,6.02,5.13,341.54,3.32,2026-03-16 21:57:57.202,15,Safe
25.64,6.02,7.7,341.24,0.31,2026-03-16 22:00:57.202,15,Safe
25.59,6.02,8.5,342.18,0.45,2026-03-16 22:03:57.202,15,Safe
25.61,6.03,7.67,344.64,1.98,2026-03-16 22:06:57.202,15,Safe
25.65,6.01,5.24,344.31,4.67,2026-03-16 22:09:57.202,15,Safe
25.62,6.0,5.67,344.01,4.35,2026-03-16 22:12:57.202,15,Safe
25.66,6.0,7.59,343.63,2.64,2026-03-16 22:15:57.202,15,Safe
25.75,6.0,6.55,344.0,1.24,2026-03-16 22:18:57.202,15,Safe
25.79,6.01,7.79,345.39,0.08,2026-03-16 22:21:57.202,15,Safe
25.68,6.0,7.23,345.46,1.09,2026-03-16 22:24:57.202,15,Safe
25.65,6.01,6.25,347.36,1.6,2026-03-16 22:27:57.202,15,Safe
25.8,6.0,6.43,347.65,3.13,2026-03-16 22:30:57.202,15,Safe
25.76,6.0,5.92,348.4,1.88,2026-03-16 22:33:57.202,15,Safe
25.74,6.0,8.91,348.77,2.79,2026-03-16 22:36:57.202,15,Safe
25.73,6.0,6.05,348.75,1.34,2026-03-16 22:39:57.202,15,Safe
25.84,6.0,5.17,349.73,1.66,2026-03-16 22:42:57.202,15,Safe
25.76,6.01,5.1,349.45,1.02,2026-03-16 22:45:57.202,15,Safe
25.78,6.02,3.64,348.67,0.49,2026-03-16 22:48:57.202,15,Safe
25.69,6.04,6.79,347.66,1.3,2026-03-16 22:51:57.202,15,Safe
25.76,6.06,5.81,348.47,3.42,2026-03-16 22:54:57.202,15,Safe
25.7,6.03,5.76,349.63,2.44,2026-03-16 22:57:57.202,15,Safe
25.68,6.04,5.87,348.97,2.06,2026-03-16 23:00:57.202,15,Safe
25.66,6.08,5.88,348.75,2.42,2026-03-16 23:03:57.202,15,Safe
25.69,6.1,6.29,349.17,3.37,2026-03-16 23:06:57.202,15,Safe
25.51,6.07,3.95,348.62,1.98,2026-03-16 23:09:57.202,15,Safe
25.57,6.08,5.49,349.12,3.8,2026-03-16 23:12:57.202,15,Safe
25.6,6.06,5.48,350.33,2.83,2026-03-16 23:15:57.202,15,Safe
25.62,6.09,5.32,349.7,0.37,2026-03-16 23:18:57.202,15,Safe
25.67,6.11,6.34,348.55,3.56,2026-03-16 23:21:57.202,15,Safe
25.51,6.12,5.39,347.2,0.7,2026-03-16 23:24:57.202,15,Safe
25.64,6.12,5.66,346.63,4.77,2026-03-16 23:27:57.202,15,Safe
25.58,6.12,3.63,347.18,86.37,2026-03-16 23:30:57.202,15,Safe
25.68,6.13,5.51,347.22,92.66,2026-03-16 23:33:57.202,15,Safe
25.66,6.14,6.0,346.99,73.25,2026-03-16 23:36:57.202,15,Safe
25.74,6.15,5.23,346.74,23.89,2026-03-16 23:39:57.202,15,Safe
25.68,6.17,5.58,346.85,21.64,2026-03-16 23:42:57.202,15,Safe
25.63,6.18,7.36,346.66,26.23,2026-03-16 23:45:57.202,15,Safe
25.69,6.17,5.23,348.8,117.29,2026-03-16 23:48:57.202,15,Safe
25.6,6.18,7.52,349.68,66.56,2026-03-16 23:51:57.202,15,Safe
25.54,6.2,6.16,349.47,86.58,2026-03-16 23:54:57.202,15,Safe
25.61,6.19,7.82,349.69,57.96,2026-03-16 23:57:57.202,15,Safe
25.61,6.21,3.89,348.76,57.08,2026-03-17 00:00:57.202,15,Safe
25.59,6.21,7.38,350.01,23.92,2026-03-17 00:03:57.202,15,Safe
25.63,6.2,7.47,349.21,116.4,2026-03-17 00:06:57.202,15,Safe
25.64,6.22,5.98,347.51,96.1,2026-03-17 00:09:57.202,15,Safe
25.67,6.23,7.38,346.48,29.88,2026-03-17 00:12:57.202,15,Safe
25.61,6.23,3.94,347.15,100.07,2026-03-17 00:15:57.202,15,Safe
25.61,6.23,6.3,347.11,73.78,2026-03-17 00:18:57.202,15,Safe
25.67,6.23,8.19,347.61,77.18,2026-03-17 00:21:57.202,15,Safe
25.72,6.22,4.4,346.84,49.23,2026-03-17 00:24:57.202,15,Safe
25.68,6.22,4.61,347.34,103.78,2026-03-17 00:27:57.202,15,Safe
25.65,6.24,6.24,347.89,34.22,2026-03-17 00:30:57.202,15,Safe
25.69,6.24,6.87,348.71,119.99,2026-03-17 00:33:57.202,15,Safe
25.59,6.22,5.95,349.31,100.6,2026-03-17 00:36:57.202,15,Safe
25.59,6.19,5.68,349.36,94.91,2026-03-17 00:39:57.202,15,Safe
25.55,6.17,7.99,349.22,26.99,2026-03-17 00:42:57.202,15,Safe
25.68,6.15,5.93,349.67,102.16,2026-03-17 00:45:57.202,15,Safe
25.62,6.16,7.86,350.02,39.88,2026-03-17 00:48:57.202,15,Safe
25.59,6.17,5.65,350.01,21.23,2026-03-17 00:51:57.202,15,Safe
25.66,6.16,2.72,350.47,86.33,2026-03-17 00:54:57.202,15,Safe
25.63,6.17,4.46,350.5,89.7,2026-03-17 00:57:57.202,15,Safe
25.62,6.17,9.5,351.28,107.41,2026-03-17 01:00:57.202,15,Safe
25.62,6.17,4.85,350.79,91.94,2026-03-17 01:03:57.202,15,Safe
25.58,6.19,5.16,350.23,43.2,2026-03-17 01:06:57.202,15,Safe
25.67,6.19,4.83,350.8,97.31,2026-03-17 01:09:57.202,15,Safe
25.66,6.21,8.28,349.68,83.25,2026-03-17 01:12:57.202,15,Safe
25.61,6.21,4.19,349.31,47.08,2026-03-17 01:15:57.202,15,Safe
25.7,6.22,6.04,350.09,15.98,2026-03-17 01:18:57.202,15,Safe
25.7,6.22,6.04,350.6,47.9,2026-03-17 01:21:57.202,15,Safe
25.66,6.19,5.57,350.09,83.25,2026-03-17 01:24:57.202,15,Safe
25.71,6.2,5.91,350.1,94.01,2026-03-17 01:27:57.202,15,Safe
25.66,6.2,5.17,348.89,642.56,2026-03-17 01:30:57.202,15,Safe
25.58,6.19,6.25,351.34,908.73,2026-03-17 01:33:57.202,15,Safe
25.64,6.19,2.55,351.79,824.96,2026-03-17 01:36:57.202,15,Safe
25.59,6.2,6.28,352.79,187.46,2026-03-17 01:39:57.202,15,Safe
25.57,6.18,5.97,353.54,378.1,2026-03-17 01:42:57.202,15,Safe
25.56,6.2,6.98,353.19,752.34,2026-03-17 01:45:57.202,15,Safe
25.51,6.21,5.97,353.54,717.17,2026-03-17 01:48:57.202,15,Safe
25.59,6.21,6.91,353.4,873.6,2026-03-17 01:51:57.202,15,Safe
25.69,6.23,7.57,353.67,534.18,2026-03-17 01:54:57.202,15,Safe
25.79,6.22,5.16,354.92,323.87,2026-03-17 01:57:57.202,15,Safe
25.68,6.24,7.69,355.71,478.82,2026-03-17 02:00:57.202,15,Safe
25.64,6.26,8.13,356.08,184.57,2026-03-17 02:03:57.202,15,Safe
25.7,6.26,9.5,356.23,507.52,2026-03-17 02:06:57.202,15,Safe
25.77,6.25,6.51,356.34,429.24,2026-03-17 02:09:57.202,15,Safe
25.83,6.25,8.38,355.27,484.35,2026-03-17 02:12:57.202,15,Safe
25.82,6.25,7.42,355.95,185.11,2026-03-17 02:15:57.202,15,Safe
25.74,6.23,7.14,356.22,793.47,2026-03-17 02:18:57.202,15,Safe
25.72,6.24,7.82,356.65,493.9,2026-03-17 02:21:57.202,15,Safe
25.73,6.24,7.21,355.55,633.29,2026-03-17 02:24:57.202,15,Safe
25.7,6.24,8.29,355.78,153.08,2026-03-17 02:27:57.202,15,Safe
25.68,6.24,15.25,360.15,1768.5,2026-03-17 02:30:57.202,15,Safe
25.66,6.25,18.06,363.12,2010.21,2026-03-17 02:33:57.202,15,Safe
25.66,6.23,15.93,365.88,2010.45,2026-03-17 02:36:57.202,15,Safe
25.64,6.22,17.46,370.7,2497.78,2026-03-17 02:39:57.202,15,Safe
25.71,6.2,12.69,374.35,3165.68,2026-03-17 02:42:57.202,15,Safe
25.78,6.24,23.18,379.06,2589.9,2026-03-17 02:45:57.202,30,Safe
25.86,6.22,18.05,384.62,1502.48,2026-03-17 02:48:57.202,15,Safe
25.66,6.22,22.82,387.89,2722.85,2026-03-17 02:51:57.202,30,Safe
25.67,6.21,21.36,390.73,2161.14,2026-03-17 02:54:57.202,30,Safe
25.81,6.23,18.34,396.5,3261.82,2026-03-17 02:57:57.202,15,Safe
25.69,6.23,21.54,399.36,1405.43,2026-03-17 03:00:57.202,30,Safe
25.73,6.21,15.33,398.81,2649.5,2026-03-17 03:03:57.202,15,Safe
25.73,6.2,15.49,397.32,2222.75,2026-03-17 03:06:57.202,15,Safe
25.73,6.2,13.57,397.53,1660.7,2026-03-17 03:09:57.202,15,Safe
25.59,6.21,12.77,397.06,2078.19,2026-03-17 03:12:57.202,15,Safe
25.73,6.21,15.35,396.41,1614.25,2026-03-17 03:15:57.202,15,Safe
25.69,6.21,15.5,396.46,2774.11,2026-03-17 03:18:57.202,15,Safe
25.57,6.21,12.79,395.75,1951.89,2026-03-17 03:21:57.202,15,Safe
25.49,6.19,13.61,395.41,1939.61,2026-03-17 03:24:57.202,15,Safe
25.42,6.18,15.63,396.64,2650.86,2026-03-17 03:27:57.202,15,Safe
25.52,6.16,14.54,397.73,2007.86,2026-03-17 03:30:57.202,15,Safe
25.72,6.16,12.12,398.38,1665.59,2026-03-17 03:33:57.202,15,Safe
25.69,6.15,14.11,398.43,2128.72,2026-03-17 03:36:57.202,15,Safe
25.7,6.15,12.03,397.28,2621.99,2026-03-17 03:39:57.202,15,Safe
25.61,6.17,14.17,397.71,1876.7,2026-03-17 03:42:57.202,15,Safe
25.61,6.16,12.96,398.01,2585.71,2026-03-17 03:45:57.202,15,Safe
25.62,6.15,15.67,397.85,2402.85,2026-03-17 03:48:57.202,15,Safe
25.71,6.13,15.54,397.75,2790.02,2026-03-17 03:51:57.202,15,Safe
25.68,6.1,14.26,398.06,2831.1,2026-03-17 03:54:57.202,15,Safe
25.62,6.1,16.32,397.5,1668.55,2026-03-17 03:57:57.202,15,Safe
25.56,6.11,12.38,396.85,2670.88,2026-03-17 04:00:57.202,15,Safe
25.61,6.11,14.82,396.88,2584.91,2026-03-17 04:03:57.202,15,Safe
25.62,6.12,10.22,397.01,2650.26,2026-03-17 04:06:57.202,15,Safe
25.54,6.1,11.71,396.73,1968.35,2026-03-17 04:09:57.202,15,Safe
25.64,6.09,9.8,396.49,1921.26,2026-03-17 04:12:57.202,15,Safe
25.62,6.07,14.9,397.31,2803.26,2026-03-17 04:15:57.202,15,Safe
25.76,6.08,12.97,397.63,3053.08,2026-03-17 04:18:57.202,15,Safe
25.69,6.08,11.21,398.4,2481.82,2026-03-17 04:21:57.202,15,Safe
25.64,6.08,10.67,398.41,2806.82,2026-03-17 04:24:57.202,15,Safe
25.62,6.08,10.9,398.32,2304.35,2026-03-17 04:27:57.202,15,Safe
25.73,6.07,10.85,399.22,1695.28,2026-03-17 04:30:57.202,15,Safe
25.83,6.06,10.74,398.95,2586.99,2026-03-17 04:33:57.202,15,Safe
25.97,6.06,11.36,400.3,1528.62,2026-03-17 04:36:57.202,15,Safe
25.92,6.08,13.44,400.3,1778.26,2026-03-17 04:39:57.202,15,Safe
25.94,6.07,12.19,399.85,1386.85,2026-03-17 04:42:57.202,15,Safe
26.03,6.05,11.19,400.62,1452.83,2026-03-17 04:45:57.202,15,Safe
26.03,6.05,10.97,401.13,1699.63,2026-03-17 04:48:57.202,15,Safe
26.09,6.06,11.8,401.63,2778.81,2026-03-17 04:51:57.202,15,Safe
26.06,6.03,10.59,402.58,2914.97,2026-03-17 04:54:57.202,15,Safe
25.93,6.02,11.79,402.51,1310.02,2026-03-17 04:57:57.202,15,Safe
25.96,6.02,10.34,403.21,2332.36,2026-03-17 05:00:57.202,15,Safe
25.92,6.01,9.41,403.22,2507.15,2026-03-17 05:03:57.202,15,Safe
25.95,6.03,10.48,404.21,1956.56,2026-03-17 05:06:57.202,15,Safe
25.96,6.04,12.55,404.4,1527.36,2026-03-17 05:09:57.202,15,Safe
26.0,6.04,11.27,404.87,1971.48,2026-03-17 05:12:57.202,15,Safe
25.95,6.04,10.64,403.97,1663.27,2026-03-17 05:15:57.202,15,Safe
25.88,6.05,12.54,403.89,1836.65,2026-03-17 05:18:57.202,15,Safe
25.88,6.06,9.46,403.37,2249.5,2026-03-17 05:21:57.202,15,Safe
25.92,6.06,8.37,403.92,2510.77,2026-03-17 05:24:57.202,15,Safe
25.96,6.05,9.46,403.99,2355.97,2026-03-17 05:27:57.202,15,Safe
25.95,6.05,8.63,405.03,2372.25,2026-03-17 05:30:57.202,15,Safe
25.91,6.07,6.33,405.5,2134.5,2026-03-17 05:33:57.202,15,Safe
25.9,6.08,8.42,405.02,2628.85,2026-03-17 05:36:57.202,15,Safe
25.94,6.1,7.87,405.8,2659.88,2026-03-17 05:39:57.202,15,Safe
25.91,6.09,11.9,406.0,1600.52,2026-03-17 05:42:57.202,15,Safe
25.94,6.08,8.23,406.85,2637.52,2026-03-17 05:45:57.202,15,Safe
25.96,6.07,6.34,408.07,1401.0,2026-03-17 05:48:57.202,15,Safe
25.99,6.08,11.27,408.59,2662.01,2026-03-17 05:51:57.202,15,Safe
25.95,6.08,8.29,408.55,2356.22,2026-03-17 05:54:57.202,15,Safe
25.92,6.09,10.01,409.49,2458.19,2026-03-17 05:57:57.202,15,Safe
25.95,6.09,10.01,411.1,1493.27,2026-03-17 06:00:57.202,15,Safe
26.03,6.07,8.29,412.86,2923.42,2026-03-17 06:03:57.202,15,Safe
25.96,6.09,8.94,413.37,2530.97,2026-03-17 06:06:57.202,15,Safe
25.96,6.1,5.73,414.26,1907.56,2026-03-17 06:09:57.202,15,Safe
25.89,6.11,8.95,415.66,3081.38,2026-03-17 06:12:57.202,15,Safe
26.0,6.09,8.76,415.08,1842.75,2026-03-17 06:15:57.202,15,Safe
25.96,6.09,9.04,414.49,2939.16,2026-03-17 06:18:57.202,15,Safe
25.98,6.08,8.14,415.85,2069.33,2026-03-17 06:21:57.202,15,Safe
25.89,6.1,7.18,415.58,2671.22,2026-03-17 06:24:57.202,15,Safe
25.93,6.07,7.3,416.13,2187.79,2026-03-17 06:27:57.202,15,Safe
26.01,6.08,9.54,416.04,2685.61,2026-03-17 06:30:57.202,15,Safe
25.94,6.08,10.03,415.7,2109.86,2026-03-17 06:33:57.202,15,Safe
26.0,6.09,10.01,415.13,2347.4,2026-03-17 06:36:57.202,15,Safe
25.92,6.09,7.92,415.58,2453.94,2026-03-17 06:39:57.202,15,Safe
25.86,6.09,7.63,414.4,1724.91,2026-03-17 06:42:57.202,15,Safe
25.84,6.07,9.32,415.37,2181.3,2026-03-17 06:45:57.202,15,Safe
25.98,6.08,7.78,415.13,1785.91,2026-03-17 06:48:57.202,15,Safe
25.89,6.08,8.6,415.89,1682.17,2026-03-17 06:51:57.202,15,Safe
25.88,6.06,7.13,416.52,2203.33,2026-03-17 06:54:57.202,15,Safe
25.85,6.06,7.24,416.75,2743.33,2026-03-17 06:57:57.202,15,Safe
25.93,6.06,6.12,416.32,2277.38,2026-03-17 07:00:57.202,15,Safe
26.01,6.07,8.83,416.35,1940.33,2026-03-17 07:03:57.202,15,Safe
26.03,6.06,9.21,416.86,2540.58,2026-03-17 07:06:57.202,15,Safe
25.97,6.05,7.03,416.48,2058.09,2026-03-17 07:09:57.202,15,Safe
26.01,6.06,9.37,417.97,2015.24,2026-03-17 07:12:57.202,15,Safe
25.98,6.06,6.28,417.92,2327.97,2026-03-17 07:15:57.202,15,Safe
25.96,6.07,6.14,418.59,2339.7,2026-03-17 07:18:57.202,15,Safe
25.97,6.07,6.56,419.82,1950.46,2026-03-17 07:21:57.202,15,Safe
25.9,6.05,9.16,419.34,2307.37,2026-03-17 07:24:57.202,15,Safe
25.86,6.03,10.46,420.21,2280.54,2026-03-17 07:27:57.202,15,Safe
25.81,6.06,7.81,421.45,1949.1,2026-03-17 07:30:57.202,15,Safe
25.89,6.06,8.75,422.65,1873.3,2026-03-17 07:33:57.202,15,Safe
25.94,6.06,10.66,422.76,2799.15,2026-03-17 07:36:57.202,15,Safe
26.05,6.07,12.83,422.43,1348.43,2026-03-17 07:39:57.202,15,Safe
26.04,6.09,7.89,422.42,1792.31,2026-03-17 07:42:57.202,15,Safe
25.95,6.08,12.11,424.15,2135.04,2026-03-17 07:45:57.202,15,Safe
26.01,6.08,8.23,424.1,2524.18,2026-03-17 07:48:57.202,15,Safe
26.04,6.07,8.15,424.45,2634.51,2026-03-17 07:51:57.202,15,Safe
26.02,6.04,7.94,423.91,3033.18,2026-03-17 07:54:57.202,15,Safe
25.95,6.03,8.09,425.03,2049.54,2026-03-17 07:57:57.202,15,Safe
25.77,6.02,8.92,425.83,1803.14,2026-03-17 08:00:57.202,15,Safe
25.78,6.03,8.98,424.99,2144.9,2026-03-17 08:03:57.202,15,Safe
25.81,6.05,8.1,425.06,2646.76,2026-03-17 08:06:57.202,15,Safe
25.79,6.06,10.88,425.33,2303.21,2026-03-17 08:09:57.202,15,Safe
25.95,6.05,11.79,425.57,1532.41,2026-03-17 08:12:57.202,15,Safe
25.87,6.04,8.06,425.57,2817.71,2026-03-17 08:15:57.202,15,Safe
25.94,6.06,8.34,426.79,2095.27,2026-03-17 08:18:57.202,15,Safe
25.9,6.05,7.3,427.54,1847.9,2026-03-17 08:21:57.202,15,Safe
25.81,6.06,7.59,427.9,2363.35,2026-03-17 08:24:57.202,15,Safe
25.82,6.06,10.39,427.64,1731.58,2026-03-17 08:27:57.202,15,Safe
25.89,6.06,9.23,427.63,2686.37,2026-03-17 08:30:57.202,15,Safe
25.9,6.05,9.98,427.42,1406.7,2026-03-17 08:33:57.202,15,Safe
25.87,6.05,8.65,428.74,2153.27,2026-03-17 08:36:57.202,15,Safe
25.88,6.03,10.26,429.15,2436.7,2026-03-17 08:39:57.202,15,Safe
25.9,6.02,9.02,430.18,2483.15,2026-03-17 08:42:57.202,15,Safe
25.86,6.0,8.45,430.19,1357.83,2026-03-17 08:45:57.202,15,Safe
25.88,6.0,7.9,430.63,2517.05,2026-03-17 08:48:57.202,15,Safe
25.91,6.0,9.32,430.19,2234.22,2026-03-17 08:51:57.202,15,Safe
25.89,6.0,10.15,431.24,2052.06,2026-03-17 08:54:57.202,15,Safe
25.87,6.0,9.26,432.02,1940.28,2026-03-17 08:57:57.202,15,Safe
25.8,6.0,9.72,433.04,1963.78,2026-03-17 09:00:57.202,15,Safe
25.87,6.0,11.25,434.33,1455.19,2026-03-17 09:03:57.202,15,Safe
25.9,6.0,8.93,434.58,1850.33,2026-03-17 09:06:57.202,15,Safe
26.0,6.0,9.11,433.87,1318.54,2026-03-17 09:09:57.202,15,Safe
25.93,6.01,9.54,433.74,2445.06,2026-03-17 09:12:57.202,15,Safe
25.88,6.0,11.18,434.69,2438.54,2026-03-17 09:15:57.202,15,Safe
25.87,6.0,8.09,436.33,1614.27,2026-03-17 09:18:57.202,15,Safe
25.83,6.02,9.25,435.96,2477.46,2026-03-17 09:21:57.202,15,Safe
25.85,6.0,9.3,436.69,1375.72,2026-03-17 09:24:57.202,15,Safe
25.91,6.01,10.95,438.12,2175.4,2026-03-17 09:27:57.202,15,Safe
25.92,6.04,9.72,437.54,2381.88,2026-03-17 09:30:57.202,15,Safe
25.9,6.04,8.63,437.36,1976.76,2026-03-17 09:33:57.202,15,Safe
25.87,6.04,10.11,438.3,2745.29,2026-03-17 09:36:57.202,15,Safe
25.89,6.06,7.3,438.73,2413.48,2026-03-17 09:39:57.202,15,Safe
25.85,6.07,8.34,438.69,2444.15,2026-03-17 09:42:57.202,15,Safe
25.76,6.07,8.19,439.49,2121.55,2026-03-17 09:45:57.202,15,Safe
25.93,6.06,8.19,439.77,2703.33,2026-03-17 09:48:57.202,15,Safe
25.91,6.05,9.14,439.92,2462.3,2026-03-17 09:51:57.202,15,Safe
26.03,6.05,9.63,439.94,2188.89,2026-03-17 09:54:57.202,15,Safe
25.9,6.06,10.14,440.17,1576.83,2026-03-17 09:57:57.202,15,Safe
25.81,6.07,9.44,440.91,1267.83,2026-03-17 10:00:57.202,15,Safe
25.88,6.08,8.18,442.09,2322.27,2026-03-17 10:03:57.202,15,Safe
25.77,6.08,6.47,442.35,1425.89,2026-03-17 10:06:57.202,15,Safe
25.98,6.08,8.44,442.57,2640.35,2026-03-17 10:09:57.202,15,Safe
25.91,6.07,9.37,442.63,1742.99,2026-03-17 10:12:57.202,15,Safe
25.94,6.07,7.54,442.63,1671.63,2026-03-17 10:15:57.202,15,Safe
25.91,6.07,8.7,443.09,3040.18,2026-03-17 10:18:57.202,15,Safe
25.97,6.08,9.76,442.81,2226.0,2026-03-17 10:21:57.202,15,Safe
25.98,6.06,7.68,444.11,1750.0,2026-03-17 10:24:57.202,15,Safe
25.84,6.05,12.21,443.83,2589.45,2026-03-17 10:27:57.202,15,Safe
25.94,6.04,11.09,444.43,2425.16,2026-03-17 10:30:57.202,15,Safe
25.98,6.04,9.03,444.93,2624.02,2026-03-17 10:33:57.202,15,Safe
25.82,6.03,10.92,445.68,2972.61,2026-03-17 10:36:57.202,15,Safe
25.88,6.05,10.8,445.05,2146.62,2026-03-17 10:39:57.202,15,Safe
25.93,6.05,10.48,445.12,2156.94,2026-03-17 10:42:57.202,15,Safe
26.05,6.06,9.49,444.83,2840.56,2026-03-17 10:45:57.202,15,Safe
25.99,6.04,7.77,445.95,1702.98,2026-03-17 10:48:57.202,15,Safe
25.95,6.04,7.89,445.89,3123.41,2026-03-17 10:51:57.202,15,Safe
26.01,6.02,10.43,446.38,2039.21,2026-03-17 10:54:57.202,15,Safe
25.93,6.01,10.12,446.38,2779.26,2026-03-17 10:57:57.202,15,Safe
25.98,6.01,10.93,445.7,2842.08,2026-03-17 11:00:57.202,15,Safe
25.87,6.0,9.0,446.11,2401.61,2026-03-17 11:03:57.202,15,Safe
25.93,6.02,10.63,446.22,2018.57,2026-03-17 11:06:57.202,15,Safe
25.91,6.04,10.24,446.38,1476.96,2026-03-17 11:09:57.202,15,Safe
25.98,6.07,8.15,446.0,1936.35,2026-03-17 11:12:57.202,15,Safe
25.96,6.05,9.03,444.48,2135.91,2026-03-17 11:15:57.202,15,Safe
25.94,6.07,10.74,444.47,1510.33,2026-03-17 11:18:57.202,15,Safe
25.84,6.07,10.22,445.3,2599.57,2026-03-17 11:21:57.202,15,Safe
25.8,6.09,9.75,445.88,2089.12,2026-03-17 11:24:57.202,15,Safe
25.94,6.11,4.73,445.88,1997.32,2026-03-17 11:27:57.202,15,Safe
25.93,6.13,10.2,444.91,2169.5,2026-03-17 11:30:57.202,15,Safe
25.82,6.11,8.01,443.85,1532.81,2026-03-17 11:33:57.202,15,Safe
25.73,6.13,8.8,444.29,2198.21,2026-03-17 11:36:57.202,15,Safe
25.62,6.14,8.06,443.59,1490.18,2026-03-17 11:39:57.202,15,Safe
25.65,6.15,11.78,443.91,1187.76,2026-03-17 11:42:57.202,15,Safe
25.62,6.13,10.16,443.97,1792.07,2026-03-17 11:45:57.202,15,Safe
25.63,6.13,8.53,444.04,2497.79,2026-03-17 11:48:57.202,15,Safe
25.62,6.16,9.1,443.52,1774.64,2026-03-17 11:51:57.202,15,Safe
25.64,6.16,10.47,443.11,1693.17,2026-03-17 11:54:57.202,15,Safe
25.61,6.17,9.33,443.84,1454.3,2026-03-17 11:57:57.202,15,Safe
25.69,6.19,8.25,443.41,1291.57,2026-03-17 12:00:57.202,15,Safe
25.73,6.2,7.14,442.35,2187.35,2026-03-17 12:03:57.202,15,Safe
25.63,6.17,11.74,442.89,2272.9,2026-03-17 12:06:57.202,15,Safe
25.62,6.15,9.82,443.54,1753.45,2026-03-17 12:09:57.202,15,Safe
25.49,6.17,9.12,442.85,1724.28,2026-03-17 12:12:57.202,15,Safe
25.7,6.17,11.97,441.91,1871.15,2026-03-17 12:15:57.202,15,Safe
25.72,6.17,7.99,440.83,2496.4,2026-03-17 12:18:57.202,15,Safe
25.74,6.16,11.86,440.46,2080.19,2026-03-17 12:21:57.202,15,Safe
25.76,6.16,10.24,442.86,1560.9,2026-03-17 12:24:57.202,15,Safe
25.74,6.15,9.13,443.41,1847.49,2026-03-17 12:27:57.202,15,Safe
25.66,6.19,18.95,449.66,83.07,2026-03-17 12:30:57.202,15,Safe
25.5,6.2,19.26,451.68,40.76,2026-03-17 12:33:57.202,15,Safe
25.56,6.22,22.59,456.42,56.97,2026-03-17 12:36:57.202,30,Safe
25.67,6.21,24.27,462.97,85.05,2026-03-17 12:39:57.202,30,Safe
25.66,6.21,15.49,467.4,41.74,2026-03-17 12:42:57.202,15,Safe
25.53,6.19,26.81,470.77,100.33,2026-03-17 12:45:57.202,30,Safe
25.71,6.19,24.09,471.54,39.21,2026-03-17 12:48:57.202,30,Safe
25.73,6.21,23.12,475.98,72.15,2026-03-17 12:51:57.202,30,Safe
25.73,6.22,23.82,480.54,159.3,2026-03-17 12:54:57.202,30,Safe
25.73,6.2,24.85,484.88,140.15,2026-03-17 12:57:57.202,30,Safe
25.76,6.2,26.35,490.83,101.19,2026-03-17 13:00:57.202,30,Safe
25.69,6.18,18.27,490.44,94.77,2026-03-17 13:03:57.202,15,Safe
25.63,6.17,19.14,490.44,140.15,2026-03-17 13:06:57.202,15,Safe
25.66,6.16,18.3,489.79,44.65,2026-03-17 13:09:57.202,15,Safe
25.66,6.17,16.29,490.75,155.32,2026-03-17 13:12:57.202,15,Safe
25.66,6.14,18.64,489.76,175.07,2026-03-17 13:15:57.202,15,Safe
25.68,6.15,17.38,489.38,165.51,2026-03-17 13:18:57.202,15,Safe
25.75,6.14,15.91,489.01,69.7,2026-03-17 13:21:57.202,15,Safe
25.73,6.15,17.09,489.13,126.5,2026-03-17 13:24:57.202,15,Safe
25.69,6.14,18.98,488.44,126.05,2026-03-17 13:27:57.202,15,Safe
25.67,6.12,16.57,488.99,8.72,2026-03-17 13:30:57.202,15,Safe
25.69,6.11,16.35,489.43,7.18,2026-03-17 13:33:57.202,15,Safe
25.64,6.11,13.43,489.35,80.82,2026-03-17 13:36:57.202,15,Safe
25.72,6.1,17.09,487.96,206.75,2026-03-17 13:39:57.202,15,Safe
25.72,6.07,14.19,487.36,218.3,2026-03-17 13:42:57.202,15,Safe
25.71,6.07,15.98,487.84,106.81,2026-03-17 13:45:57.202,15,Safe
25.7,6.05,15.48,488.13,15.87,2026-03-17 13:48:57.202,15,Safe
25.76,6.02,15.75,488.93,16.23,2026-03-17 13:51:57.202,15,Safe
25.65,6.02,15.44,489.46,94.96,2026-03-17 13:54:57.202,15,Safe
25.73,6.03,17.05,488.37,172.95,2026-03-17 13:57:57.202,15,Safe
25.77,6.04,15.03,488.83,4.12,2026-03-17 14:00:57.202,15,Safe
25.77,6.06,16.97,488.02,15.65,2026-03-17 14:03:57.202,15,Safe
25.74,6.06,13.46,487.7,15.41,2026-03-17 14:06:57.202,15,Safe
25.7,6.05,15.13,488.29,159.83,2026-03-17 14:09:57.202,15,Safe
25.67,6.07,16.39,487.79,2.32,2026-03-17 14:12:57.202,15,Safe
25.6,6.09,15.74,489.08,14.75,2026-03-17 14:15:57.202,15,Safe
25.64,6.09,16.1,489.62,2.73,2026-03-17 14:18:57.202,15,Safe
25.68,6.12,13.21,490.77,3.42,2026-03-17 14:21:57.202,15,Safe
25.7,6.11,14.18,490.86,17.14,2026-03-17 14:24:57.202,15,Safe
25.85,6.11,15.28,489.57,17.84,2026-03-17 14:27:57.202,15,Safe
25.76,6.07,16.98,489.4,9.59,2026-03-17 14:30:57.202,15,Safe
25.78,6.07,13.06,488.13,168.91,2026-03-17 14:33:57.202,15,Safe
25.74,6.07,14.48,488.19,15.8,2026-03-17 14:36:57.202,15,Safe
25.81,6.08,16.36,490.15,18.92,2026-03-17 14:39:57.202,15,Safe
25.77,6.07,16.49,490.07,2.22,2026-03-17 14:42:57.202,15,Safe
25.76,6.08,14.45,490.33,2.27,2026-03-17 14:45:57.202,15,Safe
25.78,6.07,16.28,489.82,134.59,2026-03-17 14:48:57.202,15,Safe
25.77,6.06,13.52,490.41,18.91,2026-03-17 14:51:57.202,15,Safe
25.63,6.05,14.22,491.48,5.52,2026-03-17 14:54:57.202,15,Safe
25.68,6.04,13.63,491.15,8.88,2026-03-17 14:57:57.202,15,Safe
25.63,6.03,14.78,491.34,6.53,2026-03-17 15:00:57.202,15,Safe
25.61,6.01,14.51,491.35,19.41,2026-03-17 15:03:57.202,15,Safe
25.69,6.02,14.52,491.38,13.86,2026-03-17 15:06:57.202,15,Safe
25.71,6.03,15.2,490.77,6.34,2026-03-17 15:09:57.202,15,Safe
25.67,6.01,12.41,492.97,214.1,2026-03-17 15:12:57.202,15,Safe
25.65,6.0,10.77,492.39,11.3,2026-03-17 15:15:57.202,15,Safe
25.68,6.0,17.36,493.46,79.93,2026-03-17 15:18:57.202,15,Safe
25.56,6.0,11.62,493.34,1.75,2026-03-17 15:21:57.202,15,Safe
25.7,6.0,15.02,494.89,137.73,2026-03-17 15:24:57.202,15,Safe
25.66,6.0,13.35,493.38,19.41,2026-03-17 15:27:57.202,15,Safe
25.55,6.0,15.4,492.3,19.2,2026-03-17 15:30:57.202,15,Safe
25.72,6.02,14.27,492.12,3.72,2026-03-17 15:33:57.202,15,Safe
25.73,6.01,12.0,492.9,0.05,2026-03-17 15:36:57.202,15,Safe
25.72,6.0,13.37,492.15,4.9,2026-03-17 15:39:57.202,15,Safe
25.62,6.0,13.16,492.45,9.52,2026-03-17 15:42:57.202,15,Safe
25.53,6.02,14.83,492.3,2.71,2026-03-17 15:45:57.202,15,Safe
25.6,6.0,11.27,493.03,15.33,2026-03-17 15:48:57.202,15,Safe
25.64,6.01,12.86,492.5,13.77,2026-03-17 15:51:57.202,15,Safe
25.7,6.0,15.95,493.11,2.05,2026-03-17 15:54:57.202,15,Safe
25.78,6.0,14.2,492.59,15.13,2026-03-17 15:57:57.202,15,Safe
25.67,6.0,14.82,492.87,17.79,2026-03-17 16:00:57.202,15,Safe
25.75,6.01,13.86,494.24,4.53,2026-03-17 16:03:57.202,15,Safe
25.74,6.02,12.97,495.41,2.16,2026-03-17 16:06:57.202,15,Safe
25.73,6.0,13.91,496.55,18.4,2026-03-17 16:09:57.202,15,Safe
25.7,6.0,14.51,496.49,3.21,2026-03-17 16:12:57.202,15,Safe
25.71,6.0,12.38,495.31,5.64,2026-03-17 16:15:57.202,15,Safe
25.65,6.01,13.58,495.44,8.79,2026-03-17 16:18:57.202,15,Safe
25.64,6.02,10.51,495.31,2.21,2026-03-17 16:21:57.202,15,Safe
25.61,6.02,11.87,495.59,6.24,2026-03-17 16:24:57.202,15,Safe
25.61,6.01,12.25,495.51,13.58,2026-03-17 16:27:57.202,15,Safe
25.66,6.03,12.07,495.12,11.81,2026-03-17 16:30:57.202,15,Safe
25.65,6.01,10.15,495.49,16.76,2026-03-17 16:33:57.202,15,Safe
25.64,6.03,14.52,495.55,12.06,2026-03-17 16:36:57.202,15,Safe
25.58,6.02,8.39,495.45,1.99,2026-03-17 16:39:57.202,15,Safe
25.64,6.02,11.06,494.96,1.53,2026-03-17 16:42:57.202,15,Safe
25.53,6.03,13.45,494.75,10.93,2026-03-17 16:45:57.202,15,Safe
25.58,6.01,10.38,494.62,11.13,2026-03-17 16:48:57.202,15,Safe
25.51,6.02,12.52,494.01,13.2,2026-03-17 16:51:57.202,15,Safe
25.61,6.04,12.17,493.4,7.06,2026-03-17 16:54:57.202,15,Safe
25.6,6.06,13.2,493.55,6.83,2026-03-17 16:57:57.202,15,Safe
25.69,6.04,12.29,494.34,1.31,2026-03-17 17:00:57.202,15,Safe
25.64,6.03,13.19,494.6,13.92,2026-03-17 17:03:57.202,15,Safe
25.61,6.03,11.23,493.16,10.06,2026-03-17 17:06:57.202,15,Safe
25.7,6.02,12.15,493.22,10.72,2026-03-17 17:09:57.202,15,Safe
25.64,6.01,12.37,492.98,6.74,2026-03-17 17:12:57.202,15,Safe
25.61,6.01,11.06,493.19,10.8,2026-03-17 17:15:57.202,15,Safe
25.64,6.0,10.57,492.28,11.54,2026-03-17 17:18:57.202,15,Safe
25.63,6.0,12.91,492.08,11.32,2026-03-17 17:21:57.202,15,Safe
25.55,6.02,13.75,492.17,16.6,2026-03-17 17:24:57.202,15,Safe
25.54,6.02,12.74,492.14,3.84,2026-03-17 17:27:57.202,15,Safe
25.66,6.02,14.95,492.16,5.17,2026-03-17 17:30:57.202,15,Safe
25.62,6.04,13.14,493.91,12.03,2026-03-17 17:33:57.202,15,Safe
25.53,6.03,11.99,494.64,2.24,2026-03-17 17:36:57.202,15,Safe
25.55,6.05,11.64,494.86,2.45,2026-03-17 17:39:57.202,15,Safe
25.55,6.05,11.48,495.62,19.4,2026-03-17 17:42:57.202,15,Safe
25.55,6.05,14.24,497.85,19.27,2026-03-17 17:45:57.202,15,Safe
25.62,6.08,11.38,497.24,13.24,2026-03-17 17:48:57.202,15,Safe
25.54,6.08,14.61,497.95,2.44,2026-03-17 17:51:57.202,15,Safe
25.68,6.06,11.44,498.2,4.71,2026-03-17 17:54:57.202,15,Safe
25.58,6.04,14.02,499.4,16.46,2026-03-17 17:57:57.202,15,Safe
25.66,6.04,10.29,499.77,10.13,2026-03-17 18:00:57.202,15,Safe
25.63,6.05,11.63,500.36,15.82,2026-03-17 18:03:57.202,15,Safe
25.66,6.04,11.32,500.41,15.26,2026-03-17 18:06:57.202,15,Safe
25.71,6.03,15.4,501.01,15.99,2026-03-17 18:09:57.202,15,Safe
25.73,6.04,12.47,501.55,12.94,2026-03-17 18:12:57.202,15,Safe
25.77,6.03,14.26,502.43,1.78,2026-03-17 18:15:57.202,15,Safe
25.73,6.05,11.47,503.62,14.27,2026-03-17 18:18:57.202,15,Safe
25.67,6.07,13.16,503.63,5.66,2026-03-17 18:21:57.202,15,Safe
25.7,6.05,13.7,503.28,13.69,2026-03-17 18:24:57.202,15,Safe
25.66,6.05,13.68,505.34,5.12,2026-03-17 18:27:57.202,15,Safe
25.58,6.04,13.63,504.53,1.27,2026-03-17 18:30:57.202,15,Safe
25.55,6.04,14.44,504.78,4.65,2026-03-17 18:33:57.202,15,Safe
25.54,6.03,15.79,504.96,4.17,2026-03-17 18:36:57.202,15,Safe
25.63,6.02,15.19,505.17,1.58,2026-03-17 18:39:57.202,15,Safe
25.43,6.02,14.73,506.07,0.18,2026-03-17 18:42:57.202,15,Safe
25.53,6.03,13.32,506.44,2.46,2026-03-17 18:45:57.202,15,Safe
25.63,6.03,12.55,506.29,4.45,2026-03-17 18:48:57.202,15,Safe
25.58,6.02,11.53,507.87,4.44,2026-03-17 18:51:57.202,15,Safe
25.66,6.01,12.35,509.07,4.15,2026-03-17 18:54:57.202,15,Safe
25.59,6.0,12.5,508.69,3.66,2026-03-17 18:57:57.202,15,Safe
25.66,6.02,16.45,510.18,4.76,2026-03-17 19:00:57.202,15,Safe
25.67,6.01,14.17,510.53,1.42,2026-03-17 19:03:57.202,15,Safe
25.5,6.0,13.2,509.87,3.33,2026-03-17 19:06:57.202,15,Safe
25.6,6.02,13.36,510.18,3.07,2026-03-17 19:09:57.202,15,Safe
25.47,6.03,14.28,510.54,3.15,2026-03-17 19:12:57.202,15,Safe
25.55,6.03,13.25,510.29,2.62,2026-03-17 19:15:57.202,15,Safe
25.54,6.04,13.04,510.64,1.27,2026-03-17 19:18:57.202,15,Safe
25.48,6.08,13.7,510.57,4.38,2026-03-17 19:21:57.202,15,Safe
25.55,6.08,12.58,511.09,0.93,2026-03-17 19:24:57.202,15,Safe
25.51,6.08,12.09,511.97,3.46,2026-03-17 19:27:57.202,15,Safe
25.58,6.07,13.2,513.58,1.97,2026-03-17 19:30:57.202,15,Safe
25.59,6.07,12.21,512.79,3.25,2026-03-17 19:33:57.202,15,Safe
25.47,6.09,13.71,513.23,0.76,2026-03-17 19:36:57.202,15,Safe
25.65,6.08,12.83,512.54,0.04,2026-03-17 19:39:57.202,15,Safe
25.57,6.06,10.74,512.44,2.43,2026-03-17 19:42:57.202,15,Safe
25.51,6.08,13.54,511.91,0.32,2026-03-17 19:45:57.202,15,Safe
25.57,6.06,16.48,510.77,0.96,2026-03-17 19:48:57.202,15,Safe
25.62,6.03,11.34,511.32,1.47,2026-03-17 19:51:57.202,15,Safe
25.63,6.04,14.03,512.12,1.41,2026-03-17 19:54:57.202,15,Safe
25.65,6.01,12.36,512.99,1.05,2026-03-17 19:57:57.202,15,Safe
25.63,6.01,14.48,512.93,2.15,2026-03-17 20:00:57.202,15,Safe
25.56,6.02,11.3,512.28,0.76,2026-03-17 20:03:57.202,15,Safe
25.68,6.03,12.47,513.22,0.53,2026-03-17 20:06:57.202,15,Safe
25.54,6.02,13.3,512.85,0.79,2026-03-17 20:09:57.202,15,Safe
25.57,6.02,16.15,512.61,2.2,2026-03-17 20:12:57.202,15,Safe
25.58,6.0,11.86,512.95,1.8,2026-03-17 20:15:57.202,15,Safe
25.62,6.0,13.6,513.67,4.26,2026-03-17 20:18:57.202,15,Safe
25.61,6.0,11.26,514.03,4.91,2026-03-17 20:21:57.202,15,Safe
25.52,6.02,11.26,513.71,3.3,2026-03-17 20:24:57.202,15,Safe
25.53,6.01,11.95,512.43,1.4,2026-03-17 20:27:57.202,15,Safe
25.58,6.03,14.72,511.83,4.44,2026-03-17 20:30:57.202,15,Safe
25.52,6.03,12.95,512.08,4.96,2026-03-17 20:33:57.202,15,Safe
25.58,6.04,13.5,511.35,1.21,2026-03-17 20:36:57.202,15,Safe
25.58,6.0,11.93,512.35,3.25,2026-03-17 20:39:57.202,15,Safe
25.56,6.0,14.58,512.24,3.14,2026-03-17 20:42:57.202,15,Safe
25.6,6.0,12.34,511.94,1.24,2026-03-17 20:45:57.202,15,Safe
25.54,6.0,14.97,511.27,4.44,2026-03-17 20:48:57.202,15,Safe
25.4,6.01,13.92,511.68,2.12,2026-03-17 20:51:57.202,15,Safe
25.51,6.0,15.32,512.55,3.52,2026-03-17 20:54:57.202,15,Safe
25.58,6.0,13.91,513.33,2.04,2026-03-17 20:57:57.202,15,Safe
25.68,6.0,11.76,513.8,0.71,2026-03-17 21:00:57.202,15,Safe
25.52,6.0,12.43,512.69,4.35,2026-03-17 21:03:57.202,15,Safe
25.44,6.0,14.69,513.15,2.52,2026-03-17 21:06:57.202,15,Safe
25.59,6.0,12.21,514.12,1.98,2026-03-17 21:09:57.202,15,Safe
25.55,6.0,13.42,514.02,3.54,2026-03-17 21:12:57.202,15,Safe
25.6,6.0,13.43,514.21,2.38,2026-03-17 21:15:57.202,15,Safe
25.58,6.0,14.08,515.22,2.22,2026-03-17 21:18:57.202,15,Safe
25.61,6.01,14.36,515.28,1.59,2026-03-17 21:21:57.202,15,Safe
25.62,6.02,13.94,515.03,0.85,2026-03-17 21:24:57.202,15,Safe
25.6,6.0,11.87,515.16,4.14,2026-03-17 21:27:57.202,15,Safe
25.56,6.04,14.48,515.08,2.32,2026-03-17 21:30:57.202,15,Safe
25.55,6.08,14.24,515.82,2.77,2026-03-17 21:33:57.202,15,Safe
25.63,6.09,13.05,514.4,3.91,2026-03-17 21:36:57.202,15,Safe
25.51,6.11,12.28,513.83,0.0,2026-03-17 21:39:57.202,15,Safe
25.53,6.12,15.38,514.55,0.23,2026-03-17 21:42:57.202,15,Safe
25.54,6.1,12.72,514.65,3.05,2026-03-17 21:45:57.202,15,Safe
25.66,6.1,14.22,515.69,1.71,2026-03-17 21:48:57.202,15,Safe
25.63,6.09,12.16,515.65,2.07,2026-03-17 21:51:57.202,15,Safe
25.65,6.11,12.16,516.35,3.36,2026-03-17 21:54:57.202,15,Safe
25.62,6.1,14.34,517.1,2.31,2026-03-17 21:57:57.202,15,Safe
25.55,6.09,14.12,518.22,1.52,2026-03-17 22:00:57.202,15,Safe
25.51,6.07,13.35,517.79,4.11,2026-03-17 22:03:57.202,15,Safe
25.55,6.07,16.05,516.49,0.33,2026-03-17 22:06:57.202,15,Safe
25.57,6.06,16.04,517.66,4.96,2026-03-17 22:09:57.202,15,Safe
25.57,6.08,16.39,516.9,4.69,2026-03-17 22:12:57.202,15,Safe
25.62,6.08,14.2,516.8,1.39,2026-03-17 22:15:57.202,15,Safe
25.63,6.09,15.29,517.68,2.12,2026-03-17 22:18:57.202,15,Safe
25.64,6.09,14.89,518.45,3.13,2026-03-17 22:21:57.202,15,Safe
25.56,6.09,12.82,518.7,3.88,2026-03-17 22:24:57.202,15,Safe
25.53,6.1,14.7,519.93,0.33,2026-03-17 22:27:57.202,15,Safe
25.57,6.1,16.29,520.85,1.91,2026-03-17 22:30:57.202,15,Safe
25.59,6.11,12.68,521.07,3.1,2026-03-17 22:33:57.202,15,Safe
25.56,6.09,13.44,521.04,3.95,2026-03-17 22:36:57.202,15,Safe
25.67,6.07,13.7,522.17,0.3,2026-03-17 22:39:57.202,15,Safe
25.55,6.07,13.18,520.71,1.71,2026-03-17 22:42:57.202,15,Safe
25.58,6.03,13.03,520.08,0.98,2026-03-17 22:45:57.202,15,Safe
25.55,6.03,14.83,520.25,2.89,2026-03-17 22:48:57.202,15,Safe
25.58,6.05,16.85,519.78,1.12,2026-03-17 22:51:57.202,15,Safe
25.61,6.07,14.56,520.23,4.95,2026-03-17 22:54:57.202,15,Safe
25.67,6.07,12.86,519.85,0.15,2026-03-17 22:57:57.202,15,Safe
25.55,6.06,16.28,520.54,4.55,2026-03-17 23:00:57.202,15,Safe
25.69,6.06,14.44,521.11,3.3,2026-03-17 23:03:57.202,15,Safe
25.5,6.07,12.09,522.25,0.96,2026-03-17 23:06:57.202,15,Safe
25.58,6.06,11.6,524.04,3.95,2026-03-17 23:09:57.202,15,Safe
25.48,6.06,14.4,523.24,2.35,2026-03-17 23:12:57.202,15,Safe
25.49,6.05,14.59,524.27,1.87,2026-03-17 23:15:57.202,15,Safe
25.5,6.04,17.52,525.11,1.02,2026-03-17 23:18:57.202,15,Safe
25.49,6.05,13.74,524.44,0.42,2026-03-17 23:21:57.202,15,Safe
25.55,6.06,16.75,525.87,1.59,2026-03-17 23:24:57.202,15,Safe
25.58,6.07,14.8,526.18,3.93,2026-03-17 23:27:57.202,15,Safe
25.8,6.04,14.57,526.21,86.77,2026-03-17 23:30:57.202,15,Safe
25.63,6.04,15.76,525.4,101.34,2026-03-17 23:33:57.202,15,Safe
25.54,6.02,14.97,525.61,56.74,2026-03-17 23:36:57.202,15,Safe
25.55,6.01,13.73,524.99,47.87,2026-03-17 23:39:57.202,15,Safe
25.6,6.0,13.55,524.78,114.05,2026-03-17 23:42:57.202,15,Safe
25.62,6.02,14.34,524.41,49.24,2026-03-17 23:45:57.202,15,Safe
25.55,6.03,15.94,525.29,106.03,2026-03-17 23:48:57.202,15,Safe
25.66,6.03,15.24,525.52,24.79,2026-03-17 23:51:57.202,15,Safe
25.69,6.02,15.44,526.12,39.47,2026-03-17 23:54:57.202,15,Safe
25.75,6.03,13.97,526.42,71.33,2026-03-17 23:57:57.202,15,Safe
25.58,6.03,14.79,526.95,78.39,2026-03-18 00:00:57.202,15,Safe
25.63,6.02,13.71,527.02,99.79,2026-03-18 00:03:57.202,15,Safe
25.53,6.05,13.09,527.1,88.53,2026-03-18 00:06:57.202,15,Safe
25.45,6.04,17.14,527.62,110.64,2026-03-18 00:09:57.202,15,Safe
25.53,6.02,16.63,525.32,111.21,2026-03-18 00:12:57.202,15,Safe
25.56,6.03,16.71,526.53,95.49,2026-03-18 00:15:57.202,15,Safe
25.6,6.05,15.0,526.08,93.33,2026-03-18 00:18:57.202,15,Safe
25.66,6.05,17.12,526.31,72.58,2026-03-18 00:21:57.202,15,Safe
25.63,6.06,12.74,526.03,71.14,2026-03-18 00:24:57.202,15,Safe
25.64,6.05,13.02,526.81,37.7,2026-03-18 00:27:57.202,15,Safe
25.67,6.06,14.41,527.59,15.49,2026-03-18 00:30:57.202,15,Safe
25.71,6.07,13.25,527.99,35.18,2026-03-18 00:33:57.202,15,Safe
25.67,6.08,16.87,528.56,49.35,2026-03-18 00:36:57.202,15,Safe
25.61,6.07,15.23,528.26,57.22,2026-03-18 00:39:57.202,15,Safe
25.66,6.06,16.22,528.73,46.66,2026-03-18 00:42:57.202,15,Safe
25.71,6.04,14.73,527.73,118.05,2026-03-18 00:45:57.202,15,Safe
25.6,6.06,14.4,527.98,65.62,2026-03-18 00:48:57.202,15,Safe
25.59,6.06,12.65,528.83,79.72,2026-03-18 00:51:57.202,15,Safe
25.47,6.07,13.1,528.67,36.46,2026-03-18 00:54:57.202,15,Safe
25.53,6.08,15.53,528.54,69.69,2026-03-18 00:57:57.202,15,Safe
25.54,6.09,13.22,528.26,84.83,2026-03-18 01:00:57.202,15,Safe
25.59,6.07,16.05,527.06,22.35,2026-03-18 01:03:57.202,15,Safe
25.58,6.08,14.17,527.14,23.21,2026-03-18 01:06:57.202,15,Safe
25.64,6.09,15.03,526.33,43.55,2026-03-18 01:09:57.202,15,Safe
25.53,6.08,17.3,527.43,101.06,2026-03-18 01:12:57.202,15,Safe
25.5,6.09,16.76,528.08,42.02,2026-03-18 01:15:57.202,15,Safe
25.41,6.09,15.52,529.01,16.35,2026-03-18 01:18:57.202,15,Safe
25.55,6.1,14.65,529.43,76.77,2026-03-18 01:21:57.202,15,Safe
25.53,6.09,13.23,530.73,90.84,2026-03-18 01:24:57.202,15,Safe
25.53,6.1,13.35,529.65,100.38,2026-03-18 01:27:57.202,15,Safe
25.48,6.08,12.78,528.28,721.21,2026-03-18 01:30:57.202,15,Safe
25.62,6.09,14.99,528.09,378.39,2026-03-18 01:33:57.202,15,Safe
25.67,6.1,17.4,527.71,155.29,2026-03-18 01:36:57.202,15,Safe
25.57,6.12,13.46,526.9,86.67,2026-03-18 01:39:57.202,15,Safe
25.61,6.15,15.83,526.95,649.22,2026-03-18 01:42:57.202,15,Safe
25.56,6.14,16.34,526.26,513.09,2026-03-18 01:45:57.202,15,Safe
25.6,6.14,15.47,527.46,142.42,2026-03-18 01:48:57.202,15,Safe
25.51,6.11,17.83,528.42,643.65,2026-03-18 01:51:57.202,15,Safe
25.46,6.1,16.17,528.9,125.92,2026-03-18 01:54:57.202,15,Safe
25.46,6.1,14.08,528.57,276.65,2026-03-18 01:57:57.202,15,Safe
25.54,6.09,14.34,528.04,501.86,2026-03-18 02:00:57.202,15,Safe
25.65,6.1,13.06,528.04,391.27,2026-03-18 02:03:57.202,15,Safe
25.63,6.09,14.41,526.62,477.55,2026-03-18 02:06:57.202,15,Safe
25.61,6.1,13.44,525.52,172.92,2026-03-18 02:09:57.202,15,Safe
25.47,6.11,16.13,526.24,676.57,2026-03-18 02:12:57.202,15,Safe
25.46,6.09,14.4,526.07,557.39,2026-03-18 02:15:57.202,15,Safe
25.54,6.05,16.12,526.02,470.99,2026-03-18 02:18:57.202,15,Safe
25.59,6.02,15.72,527.42,344.84,2026-03-18 02:21:57.202,15,Safe
25.6,6.02,17.21,527.11,539.05,2026-03-18 02:24:57.202,15,Safe
25.54,6.01,13.42,526.69,388.03,2026-03-18 02:27:57.202,15,Safe
25.44,6.0,26.73,529.32,2394.75,2026-03-18 02:30:57.202,30,Safe
25.62,6.0,22.5,534.79,2238.35,2026-03-18 02:33:57.202,30,Safe
25.6,6.0,26.71,538.62,1551.8,2026-03-18 02:36:57.202,30,Safe
25.58,6.0,26.68,542.05,1548.73,2026-03-18 02:39:57.202,30,Safe
25.45,6.01,27.03,544.31,1425.31,2026-03-18 02:42:57.202,30,Safe
25.58,6.01,25.92,547.79,2435.36,2026-03-18 02:45:57.202,30,Safe
25.59,6.0,28.67,550.89,2149.15,2026-03-18 02:48:57.202,30,Safe
25.62,6.0,28.94,555.26,2656.87,2026-03-18 02:51:57.202,30,Safe
25.63,6.0,29.64,559.15,2412.23,2026-03-18 02:54:57.202,30,Safe
25.68,6.0,32.93,561.53,1908.21,2026-03-18 02:57:57.202,45,Moderate
25.65,6.01,35.92,565.67,1602.35,2026-03-18 03:00:57.202,45,Moderate
25.66,6.0,24.44,565.44,1666.27,2026-03-18 03:03:57.202,30,Safe
25.66,6.03,21.97,566.97,1992.09,2026-03-18 03:06:57.202,30,Safe
25.7,6.03,24.62,566.75,1576.47,2026-03-18 03:09:57.202,30,Safe
25.68,6.05,23.28,566.38,2455.88,2026-03-18 03:12:57.202,30,Safe
25.7,6.06,26.84,565.74,2334.29,2026-03-18 03:15:57.202,30,Safe
25.61,6.07,23.51,564.86,2159.02,2026-03-18 03:18:57.202,30,Safe
25.67,6.06,27.55,564.37,2060.13,2026-03-18 03:21:57.202,30,Safe
25.59,6.06,24.21,565.57,2098.37,2026-03-18 03:24:57.202,30,Safe
25.65,6.04,23.08,565.58,1915.64,2026-03-18 03:27:57.202,30,Safe
25.62,6.02,21.03,565.72,2223.43,2026-03-18 03:30:57.202,30,Safe
25.69,6.02,22.86,565.32,2383.74,2026-03-18 03:33:57.202,30,Safe
25.74,6.01,25.46,564.08,2042.03,2026-03-18 03:36:57.202,30,Safe
25.62,6.0,26.52,564.31,2282.91,2026-03-18 03:39:57.202,30,Safe
25.73,6.0,23.28,564.16,2232.53,2026-03-18 03:42:57.202,30,Safe
25.63,6.01,22.23,564.0,1536.95,2026-03-18 03:45:57.202,30,Safe
25.56,6.02,23.64,564.33,2333.88,2026-03-18 03:48:57.202,30,Safe
25.55,6.01,21.99,563.07,1820.01,2026-03-18 03:51:57.202,30,Safe
25.55,6.01,23.43,563.6,2308.73,2026-03-18 03:54:57.202,30,Safe
25.52,6.0,23.42,563.75,1727.52,2026-03-18 03:57:57.202,30,Safe
25.57,6.0,21.97,564.35,2472.27,2026-03-18 04:00:57.202,30,Safe
25.76,6.01,23.9,563.53,2589.31,2026-03-18 04:03:57.202,30,Safe
25.6,6.02,22.99,563.45,2206.9,2026-03-18 04:06:57.202,30,Safe
25.59,6.01,21.66,563.87,1394.13,2026-03-18 04:09:57.202,30,Safe
25.62,6.02,21.61,563.12,1431.24,2026-03-18 04:12:57.202,30,Safe
25.6,6.01,21.82,564.24,1981.42,2026-03-18 04:15:57.202,30,Safe
25.63,6.01,22.47,564.89,2335.25,2026-03-18 04:18:57.202,30,Safe
25.52,6.01,23.25,565.82,2944.47,2026-03-18 04:21:57.202,30,Safe
25.46,6.0,21.35,565.91,2088.49,2026-03-18 04:24:57.202,30,Safe
25.49,6.0,23.08,566.28,2661.67,2026-03-18 04:27:57.202,30,Safe
25.69,6.0,24.64,566.52,2548.73,2026-03-18 04:30:57.202,30,Safe
25.74,6.0,21.39,566.64,2502.2,2026-03-18 04:33:57.202,30,Safe
25.73,6.0,23.35,568.11,2267.39,2026-03-18 04:36:57.202,30,Safe
25.81,6.0,19.61,568.15,2969.54,2026-03-18 04:39:57.202,15,Safe
25.74,6.0,20.79,568.62,2622.38,2026-03-18 04:42:57.202,30,Safe
25.82,6.0,23.69,568.67,1815.18,2026-03-18 04:45:57.202,30,Safe
25.97,6.0,19.87,567.46,1437.2,2026-03-18 04:48:57.202,15,Safe
25.95,6.01,22.28,568.22,2436.09,2026-03-18 04:51:57.202,30,Safe
25.92,6.01,23.56,567.89,2623.09,2026-03-18 04:54:57.202,30,Safe
25.93,6.0,22.63,568.24,2015.51,2026-03-18 04:57:57.202,30,Safe
25.8,6.0,23.89,568.77,2233.78,2026-03-18 05:00:57.202,30,Safe
25.94,6.01,20.24,569.33,2498.7,2026-03-18 05:03:57.202,30,Safe
26.0,6.0,23.75,570.8,1616.67,2026-03-18 05:06:57.202,30,Safe
25.85,6.0,23.2,570.66,1318.17,2026-03-18 05:09:57.202,30,Safe
25.82,6.01,23.05,569.58,2625.41,2026-03-18 05:12:57.202,30,Safe
25.73,6.0,21.0,568.95,2036.61,2026-03-18 05:15:57.202,30,Safe
25.87,6.0,21.73,569.37,1898.7,2026-03-18 05:18:57.202,30,Safe
25.99,6.0,20.89,569.58,2075.13,2026-03-18 05:21:57.202,30,Safe
25.89,6.0,19.32,570.48,1533.25,2026-03-18 05:24:57.202,15,Safe
25.91,6.0,23.63,570.41,1924.23,2026-03-18 05:27:57.202,30,Safe
25.98,6.0,21.83,572.03,1990.37,2026-03-18 05:30:57.202,30,Safe
25.88,6.0,21.68,570.02,2749.71,2026-03-18 05:33:57.202,30,Safe
25.93,6.02,18.92,569.69,1685.05,2026-03-18 05:36:57.202,15,Safe
25.8,6.04,19.42,569.54,1867.63,2026-03-18 05:39:57.202,15,Safe
25.81,6.03,25.2,568.36,2288.67,2026-03-18 05:42:57.202,30,Safe
25.87,6.02,23.42,569.73,2066.95,2026-03-18 05:45:57.202,30,Safe
25.8,6.03,22.36,569.78,2608.07,2026-03-18 05:48:57.202,30,Safe
25.83,6.02,20.09,568.67,2399.57,2026-03-18 05:51:57.202,30,Safe
25.73,6.02,22.25,568.4,1796.89,2026-03-18 05:54:57.202,30,Safe
25.84,6.01,19.5,568.64,1890.35,2026-03-18 05:57:57.202,15,Safe
25.89,6.01,23.15,568.12,1981.95,2026-03-18 06:00:57.202,30,Safe
25.77,6.02,22.49,568.82,1958.06,2026-03-18 06:03:57.202,30,Safe
25.78,6.0,22.49,568.92,2042.22,2026-03-18 06:06:57.202,30,Safe
25.77,6.0,21.75,567.86,1788.9,2026-03-18 06:09:57.202,30,Safe
25.83,6.0,21.9,568.87,2441.7,2026-03-18 06:12:57.202,30,Safe
25.84,6.02,20.92,567.63,1447.01,2026-03-18 06:15:57.202,30,Safe
25.84,6.02,22.65,568.43,2546.68,2026-03-18 06:18:57.202,30,Safe
25.95,6.01,22.27,568.53,2554.02,2026-03-18 06:21:57.202,30,Safe
25.88,6.0,19.05,568.8,1622.73,2026-03-18 06:24:57.202,15,Safe
25.86,6.0,19.1,568.43,2820.55,2026-03-18 06:27:57.202,15,Safe
25.87,6.0,19.68,568.89,2382.66,2026-03-18 06:30:57.202,15,Safe
26.01,6.0,19.12,570.48,1582.52,2026-03-18 06:33:57.202,15,Safe
25.88,6.0,21.0,569.25,2412.49,2026-03-18 06:36:57.202,30,Safe
25.92,6.02,18.31,569.13,2152.59,2026-03-18 06:39:57.202,15,Safe
25.83,6.01,21.09,569.61,1888.08,2026-03-18 06:42:57.202,30,Safe
25.81,6.03,20.78,571.21,1698.75,2026-03-18 06:45:57.202,30,Safe
25.84,6.06,21.26,571.24,2652.17,2026-03-18 06:48:57.202,30,Safe
25.77,6.05,21.96,570.81,1846.5,2026-03-18 06:51:57.202,30,Safe
25.84,6.02,18.09,569.43,1540.81,2026-03-18 06:54:57.202,15,Safe
25.78,6.01,17.98,569.16,1535.62,2026-03-18 06:57:57.202,15,Safe
25.91,6.01,20.28,570.02,1806.03,2026-03-18 07:00:57.202,30,Safe
25.86,6.0,21.6,570.37,1879.9,2026-03-18 07:03:57.202,30,Safe
25.91,6.0,20.78,571.01,2168.89,2026-03-18 07:06:57.202,30,Safe
25.9,6.01,19.81,572.27,2548.43,2026-03-18 07:09:57.202,15,Safe
25.8,6.0,18.83,574.84,1939.16,2026-03-18 07:12:57.202,15,Safe
25.84,6.02,19.69,575.88,2419.71,2026-03-18 07:15:57.202,15,Safe
25.7,6.01,20.01,575.34,2287.58,2026-03-18 07:18:57.202,30,Safe
25.82,6.0,18.74,574.26,1659.73,2026-03-18 07:21:57.202,15,Safe
25.87,6.01,17.57,573.45,2894.97,2026-03-18 07:24:57.202,15,Safe
25.83,6.01,22.15,574.31,1170.25,2026-03-18 07:27:57.202,30,Safe
25.77,6.01,21.27,574.33,1811.6,2026-03-18 07:30:57.202,30,Safe
25.78,6.0,19.23,573.12,2415.17,2026-03-18 07:33:57.202,15,Safe
25.85,6.0,21.85,574.07,2670.43,2026-03-18 07:36:57.202,30,Safe
25.96,6.03,15.75,573.91,2088.22,2026-03-18 07:39:57.202,15,Safe
25.94,6.01,16.92,574.01,2462.6,2026-03-18 07:42:57.202,15,Safe
25.93,6.01,19.0,574.01,2421.0,2026-03-18 07:45:57.202,15,Safe
25.94,6.0,22.12,576.04,2114.34,2026-03-18 07:48:57.202,30,Safe
25.86,6.01,20.87,576.13,1425.28,2026-03-18 07:51:57.202,30,Safe
25.8,6.0,19.87,575.16,2243.02,2026-03-18 07:54:57.202,15,Safe
25.89,6.0,19.92,574.62,1621.74,2026-03-18 07:57:57.202,15,Safe
25.88,6.0,19.58,573.87,1609.95,2026-03-18 08:00:57.202,15,Safe
25.88,6.0,20.29,574.69,1493.66,2026-03-18 08:03:57.202,30,Safe
25.94,6.03,21.3,574.94,1667.64,2026-03-18 08:06:57.202,30,Safe
25.86,6.03,19.16,574.79,1854.1,2026-03-18 08:09:57.202,15,Safe
25.8,6.04,17.73,573.8,2102.65,2026-03-18 08:12:57.202,15,Safe
25.86,6.02,19.34,573.76,1249.45,2026-03-18 08:15:57.202,15,Safe
25.84,6.03,20.62,574.69,1866.4,2026-03-18 08:18:57.202,30,Safe
25.9,6.03,21.57,575.66,1642.48,2026-03-18 08:21:57.202,30,Safe
25.95,6.04,18.18,575.78,2175.0,2026-03-18 08:24:57.202,15,Safe
25.94,6.05,19.22,574.68,2480.4,2026-03-18 08:27:57.202,15,Safe
25.98,6.04,16.83,575.72,1389.66,2026-03-18 08:30:57.202,15,Safe
25.96,6.0,19.79,575.68,2829.18,2026-03-18 08:33:57.202,15,Safe
25.85,6.0,15.49,576.73,2132.21,2026-03-18 08:36:57.202,15,Safe
25.92,6.0,18.81,576.18,2188.07,2026-03-18 08:39:57.202,15,Safe
25.85,6.0,18.49,575.51,2890.46,2026-03-18 08:42:57.202,15,Safe
25.9,6.0,18.68,575.6,1552.44,2026-03-18 08:45:57.202,15,Safe
25.92,6.02,18.83,576.13,2221.96,2026-03-18 08:48:57.202,15,Safe
25.91,6.03,18.09,575.99,2498.5,2026-03-18 08:51:57.202,15,Safe
25.83,6.02,17.82,575.02,2250.64,2026-03-18 08:54:57.202,15,Safe
25.93,6.03,17.31,574.38,1798.64,2026-03-18 08:57:57.202,15,Safe
25.88,6.04,19.34,575.19,2070.11,2026-03-18 09:00:57.202,15,Safe
25.91,6.05,17.12,576.66,2092.09,2026-03-18 09:03:57.202,15,Safe
25.88,6.05,16.07,577.32,1820.04,2026-03-18 09:06:57.202,15,Safe
25.88,6.05,22.52,576.16,2306.74,2026-03-18 09:09:57.202,30,Safe
25.86,6.06,16.94,576.8,1543.08,2026-03-18 09:12:57.202,15,Safe
25.81,6.08,17.3,577.52,2752.82,2026-03-18 09:15:57.202,15,Safe
25.9,6.09,17.95,576.7,2209.16,2026-03-18 09:18:57.202,15,Safe
25.85,6.09,20.45,576.69,1943.65,2026-03-18 09:21:57.202,30,Safe
25.9,6.08,17.03,576.57,1784.19,2026-03-18 09:24:57.202,15,Safe
25.86,6.1,20.95,575.26,1798.44,2026-03-18 09:27:57.202,30,Safe
25.83,6.1,18.35,576.06,2198.84,2026-03-18 09:30:57.202,15,Safe
25.9,6.1,17.8,577.65,1358.45,2026-03-18 09:33:57.202,15,Safe
25.95,6.09,19.32,577.89,2822.99,2026-03-18 09:36:57.202,15,Safe
25.98,6.11,18.38,577.95,2112.28,2026-03-18 09:39:57.202,15,Safe
25.85,6.08,16.92,578.65,2341.64,2026-03-18 09:42:57.202,15,Safe
25.81,6.07,17.2,577.99,1630.95,2026-03-18 09:45:57.202,15,Safe
25.85,6.08,18.84,578.02,1479.52,2026-03-18 09:48:57.202,15,Safe
25.84,6.08,18.06,578.49,2587.78,2026-03-18 09:51:57.202,15,Safe
25.9,6.08,19.71,578.64,2207.09,2026-03-18 09:54:57.202,15,Safe
25.95,6.08,17.63,578.83,1511.23,2026-03-18 09:57:57.202,15,Safe
25.83,6.07,17.47,577.05,1599.44,2026-03-18 10:00:57.202,15,Safe
25.94,6.08,15.45,578.4,2028.97,2026-03-18 10:03:57.202,15,Safe
25.9,6.08,16.4,578.12,2668.93,2026-03-18 10:06:57.202,15,Safe
25.89,6.05,20.7,578.17,1924.91,2026-03-18 10:09:57.202,30,Safe
25.9,6.07,19.4,577.54,2600.89,2026-03-18 10:12:57.202,15,Safe
25.81,6.1,18.27,576.58,1624.29,2026-03-18 10:15:57.202,15,Safe
25.82,6.11,21.07,578.32,2113.39,2026-03-18 10:18:57.202,30,Safe
25.83,6.1,17.74,578.6,1433.47,2026-03-18 10:21:57.202,15,Safe
25.83,6.11,20.24,579.32,1635.38,2026-03-18 10:24:57.202,30,Safe
25.82,6.11,19.01,578.7,1650.51,2026-03-18 10:27:57.202,15,Safe
25.84,6.12,17.45,578.08,2967.55,2026-03-18 10:30:57.202,15,Safe
25.94,6.11,16.1,577.26,1660.43,2026-03-18 10:33:57.202,15,Safe
25.94,6.13,15.35,577.32,2638.71,2026-03-18 10:36:57.202,15,Safe
25.87,6.14,18.39,577.17,2366.77,2026-03-18 10:39:57.202,15,Safe
25.87,6.16,19.41,577.16,2706.3,2026-03-18 10:42:57.202,15,Safe
25.84,6.16,18.3,577.67,1604.82,2026-03-18 10:45:57.202,15,Safe
25.84,6.13,17.8,577.07,1677.94,2026-03-18 10:48:57.202,15,Safe
25.85,6.12,20.28,577.53,1542.33,2026-03-18 10:51:57.202,30,Safe
25.81,6.11,17.59,577.37,2276.67,2026-03-18 10:54:57.202,15,Safe
25.85,6.12,17.23,577.19,2407.03,2026-03-18 10:57:57.202,15,Safe
25.89,6.11,18.58,576.41,2906.58,2026-03-18 11:00:57.202,15,Safe
25.83,6.12,19.45,576.41,1674.9,2026-03-18 11:03:57.202,15,Safe
25.83,6.13,15.96,575.94,2354.96,2026-03-18 11:06:57.202,15,Safe
25.89,6.14,20.38,575.2,2035.15,2026-03-18 11:09:57.202,30,Safe
25.8,6.12,18.11,576.67,1367.45,2026-03-18 11:12:57.202,15,Safe
25.89,6.12,19.44,577.24,2558.86,2026-03-18 11:15:57.202,15,Safe
25.96,6.11,21.3,576.48,2170.14,2026-03-18 11:18:57.202,30,Safe
25.93,6.12,18.07,576.93,2141.44,2026-03-18 11:21:57.202,15,Safe
25.86,6.12,17.98,575.97,2831.27,2026-03-18 11:24:57.202,15,Safe
25.89,6.13,17.86,575.85,2051.02,2026-03-18 11:27:57.202,15,Safe
25.85,6.14,18.74,576.41,1423.6,2026-03-18 11:30:57.202,15,Safe
25.7,6.12,18.51,577.2,2450.41,2026-03-18 11:33:57.202,15,Safe
25.68,6.11,19.41,576.2,2261.04,2026-03-18 11:36:57.202,15,Safe
25.59,6.11,19.75,577.66,2042.61,2026-03-18 11:39:57.202,15,Safe
25.58,6.09,21.37,577.99,2054.91,2026-03-18 11:42:57.202,30,Safe
25.52,6.09,16.7,577.98,2197.87,2026-03-18 11:45:57.202,15,Safe
25.55,6.06,18.12,579.45,1516.83,2026-03-18 11:48:57.202,15,Safe
25.53,6.05,19.92,578.56,1802.62,2026-03-18 11:51:57.202,15,Safe
25.58,6.05,17.93,578.3,1368.32,2026-03-18 11:54:57.202,15,Safe
25.63,6.06,20.5,579.33,2466.43,2026-03-18 11:57:57.202,30,Safe
25.59,6.05,21.13,579.55,1774.79,2026-03-18 12:00:57.202,30,Safe
25.58,6.04,21.83,579.93,1679.77,2026-03-18 12:03:57.202,30,Safe
25.54,6.01,21.24,579.73,1916.38,2026-03-18 12:06:57.202,30,Safe
25.54,6.0,20.23,578.25,1918.98,2026-03-18 12:09:57.202,30,Safe
25.58,6.01,19.56,579.07,1430.63,2026-03-18 12:12:57.202,15,Safe
25.66,6.03,21.35,580.1,2137.84,2026-03-18 12:15:57.202,30,Safe
25.66,6.0,17.73,580.04,2102.63,2026-03-18 12:18:57.202,15,Safe
25.64,6.0,20.66,579.52,1776.55,2026-03-18 12:21:57.202,30,Safe
25.68,6.01,19.74,578.92,2362.77,2026-03-18 12:24:57.202,15,Safe
25.6,6.01,18.52,579.43,1463.77,2026-03-18 12:27:57.202,15,Safe
25.58,6.02,25.06,582.06,78.12,2026-03-18 12:30:57.202,30,Safe
25.59,6.04,26.92,585.56,114.8,2026-03-18 12:33:57.202,30,Safe
25.52,6.05,29.16,586.23,178.91,2026-03-18 12:36:57.202,30,Safe
25.5,6.04,28.6,590.28,55.61,2026-03-18 12:39:57.202,30,Safe
25.57,6.04,34.45,591.33,85.74,2026-03-18 12:42:57.202,45,Moderate
25.64,6.05,29.34,596.12,157.86,2026-03-18 12:45:57.202,30,Safe
25.57,6.07,32.01,600.81,79.66,2026-03-18 12:48:57.202,45,Moderate
25.49,6.08,29.49,604.95,75.86,2026-03-18 12:51:57.202,30,Safe
25.5,6.08,35.1,608.64,118.1,2026-03-18 12:54:57.202,45,Moderate
25.58,6.08,35.93,611.13,43.7,2026-03-18 12:57:57.202,45,Moderate
25.53,6.04,35.08,616.99,47.59,2026-03-18 13:00:57.202,45,Moderate
25.45,6.03,26.33,616.33,136.7,2026-03-18 13:03:57.202,30,Safe
25.51,6.03,25.08,618.35,84.85,2026-03-18 13:06:57.202,30,Safe
25.54,6.03,26.02,619.08,142.14,2026-03-18 13:09:57.202,30,Safe
25.55,6.04,26.04,619.2,121.02,2026-03-18 13:12:57.202,30,Safe
25.52,6.02,24.65,620.25,159.48,2026-03-18 13:15:57.202,30,Safe
25.54,6.03,22.86,618.96,34.33,2026-03-18 13:18:57.202,30,Safe
25.6,6.03,25.72,620.61,39.35,2026-03-18 13:21:57.202,30,Safe
25.66,6.04,25.15,619.53,136.4,2026-03-18 13:24:57.202,30,Safe
25.68,6.05,26.53,619.92,153.76,2026-03-18 13:27:57.202,30,Safe
25.55,6.05,24.69,619.66,131.51,2026-03-18 13:30:57.202,30,Safe
25.58,6.06,24.58,620.88,3.71,2026-03-18 13:33:57.202,30,Safe
25.6,6.06,25.91,621.21,12.85,2026-03-18 13:36:57.202,30,Safe
25.58,6.05,24.37,620.67,3.76,2026-03-18 13:39:57.202,30,Safe
25.53,6.03,26.64,620.53,12.62,2026-03-18 13:42:57.202,30,Safe
25.57,6.04,24.73,620.63,4.15,2026-03-18 13:45:57.202,30,Safe
25.52,6.01,24.73,620.34,101.13,2026-03-18 13:48:57.202,30,Safe
25.6,6.01,24.58,620.52,8.43,2026-03-18 13:51:57.202,30,Safe
25.59,6.0,26.64,620.32,11.52,2026-03-18 13:54:57.202,30,Safe
25.61,6.0,21.45,621.37,15.26,2026-03-18 13:57:57.202,30,Safe
25.6,6.0,24.28,623.52,19.3,2026-03-18 14:00:57.202,30,Safe
25.67,6.0,27.5,624.12,16.03,2026-03-18 14:03:57.202,30,Safe
25.57,6.0,25.15,623.75,4.89,2026-03-18 14:06:57.202,30,Safe
25.65,6.0,26.74,624.07,16.63,2026-03-18 14:09:57.202,30,Safe
25.61,6.0,22.85,623.09,8.49,2026-03-18 14:12:57.202,30,Safe
25.58,6.01,24.14,623.37,16.46,2026-03-18 14:15:57.202,30,Safe
25.64,6.0,24.33,622.82,145.88,2026-03-18 14:18:57.202,30,Safe
25.58,6.0,26.46,622.03,246.21,2026-03-18 14:21:57.202,30,Safe
25.5,6.01,22.99,621.51,15.43,2026-03-18 14:24:57.202,30,Safe
25.48,6.04,26.07,620.61,7.3,2026-03-18 14:27:57.202,30,Safe
25.53,6.06,25.26,619.6,16.26,2026-03-18 14:30:57.202,30,Safe
25.55,6.04,24.68,618.99,230.58,2026-03-18 14:33:57.202,30,Safe
25.53,6.03,23.21,620.28,91.58,2026-03-18 14:36:57.202,30,Safe
25.61,6.02,25.01,621.48,16.7,2026-03-18 14:39:57.202,30,Safe
25.74,6.0,24.8,620.61,265.09,2026-03-18 14:42:57.202,30,Safe
25.69,6.01,23.34,620.13,114.52,2026-03-18 14:45:57.202,30,Safe
25.53,6.02,22.16,620.15,14.94,2026-03-18 14:48:57.202,30,Safe
25.56,6.02,24.4,620.85,182.41,2026-03-18 14:51:57.202,30,Safe
25.58,6.03,23.95,620.45,11.76,2026-03-18 14:54:57.202,30,Safe
25.7,6.01,24.59,619.93,4.21,2026-03-18 14:57:57.202,30,Safe
25.64,6.02,23.62,620.43,19.7,2026-03-18 15:00:57.202,30,Safe
25.63,6.0,27.25,619.28,0.47,2026-03-18 15:03:57.202,30,Safe
25.63,6.01,21.42,618.26,19.84,2026-03-18 15:06:57.202,30,Safe
25.71,6.0,23.14,617.57,6.39,2026-03-18 15:09:57.202,30,Safe
25.67,6.01,24.82,617.24,9.28,2026-03-18 15:12:57.202,30,Safe
25.57,6.0,22.08,615.15,7.67,2026-03-18 15:15:57.202,30,Safe
25.55,6.0,23.71,615.17,18.91,2026-03-18 15:18:57.202,30,Safe
25.6,6.0,22.87,615.96,17.27,2026-03-18 15:21:57.202,30,Safe
25.7,6.0,23.3,615.75,4.14,2026-03-18 15:24:57.202,30,Safe
25.73,6.0,23.88,617.5,170.85,2026-03-18 15:27:57.202,30,Safe
25.67,6.0,21.23,618.53,5.2,2026-03-18 15:30:57.202,30,Safe
25.57,6.0,25.12,618.15,7.97,2026-03-18 15:33:57.202,30,Safe
25.61,6.02,23.85,617.31,5.25,2026-03-18 15:36:57.202,30,Safe
25.66,6.03,22.17,617.35,1.94,2026-03-18 15:39:57.202,30,Safe
25.63,6.04,22.3,617.58,13.99,2026-03-18 15:42:57.202,30,Safe
25.54,6.01,23.34,617.62,18.9,2026-03-18 15:45:57.202,30,Safe
25.58,6.03,24.27,617.67,7.68,2026-03-18 15:48:57.202,30,Safe
25.56,6.04,23.7,617.53,8.12,2026-03-18 15:51:57.202,30,Safe
25.58,6.05,22.77,617.33,3.38,2026-03-18 15:54:57.202,30,Safe
25.54,6.03,24.17,618.77,15.56,2026-03-18 15:57:57.202,30,Safe
25.53,6.03,21.51,618.69,10.48,2026-03-18 16:00:57.202,30,Safe
25.63,6.05,23.42,618.72,14.83,2026-03-18 16:03:57.202,30,Safe
25.69,6.05,23.22,619.28,4.9,2026-03-18 16:06:57.202,30,Safe
25.65,6.05,24.62,618.44,18.06,2026-03-18 16:09:57.202,30,Safe
25.65,6.06,23.08,618.76,12.68,2026-03-18 16:12:57.202,30,Safe
25.63,6.05,21.55,618.25,17.22,2026-03-18 16:15:57.202,30,Safe
25.54,6.08,22.38,617.93,12.03,2026-03-18 16:18:57.202,30,Safe
25.71,6.11,21.89,617.13,11.23,2026-03-18 16:21:57.202,30,Safe
25.71,6.1,21.61,616.77,1.31,2026-03-18 16:24:57.202,30,Safe
25.62,6.09,22.16,616.06,4.26,2026-03-18 16:27:57.202,30,Safe
25.58,6.08,21.68,617.39,15.33,2026-03-18 16:30:57.202,30,Safe
25.62,6.09,21.18,617.08,5.39,2026-03-18 16:33:57.202,30,Safe
25.61,6.11,20.61,616.38,8.51,2026-03-18 16:36:57.202,30,Safe
25.59,6.13,20.85,615.86,0.39,2026-03-18 16:39:57.202,30,Safe
25.61,6.14,21.45,615.52,3.99,2026-03-18 16:42:57.202,30,Safe
25.55,6.16,18.92,615.43,19.42,2026-03-18 16:45:57.202,15,Safe
25.6,6.14,21.56,615.5,12.79,2026-03-18 16:48:57.202,30,Safe
25.6,6.13,22.44,614.36,3.04,2026-03-18 16:51:57.202,30,Safe
25.69,6.15,22.86,613.89,5.83,2026-03-18 16:54:57.202,30,Safe
25.59,6.14,22.04,613.85,17.69,2026-03-18 16:57:57.202,30,Safe
25.57,6.13,21.69,614.79,2.38,2026-03-18 17:00:57.202,30,Safe
25.6,6.11,19.9,614.05,0.64,2026-03-18 17:03:57.202,15,Safe
25.61,6.08,21.01,612.28,15.61,2026-03-18 17:06:57.202,30,Safe
25.67,6.09,19.8,613.45,8.62,2026-03-18 17:09:57.202,15,Safe
25.71,6.09,21.69,613.57,13.85,2026-03-18 17:12:57.202,30,Safe
25.62,6.07,22.83,613.84,5.18,2026-03-18 17:15:57.202,30,Safe
25.61,6.05,22.22,612.66,17.34,2026-03-18 17:18:57.202,30,Safe
25.6,6.05,22.26,612.18,19.09,2026-03-18 17:21:57.202,30,Safe
25.49,6.06,22.24,611.04,7.11,2026-03-18 17:24:57.202,30,Safe
25.46,6.09,23.0,611.9,8.94,2026-03-18 17:27:57.202,30,Safe
25.45,6.13,19.53,612.83,15.13,2026-03-18 17:30:57.202,15,Safe
25.63,6.12,21.13,613.4,5.11,2026-03-18 17:33:57.202,30,Safe
25.63,6.13,20.95,612.84,8.68,2026-03-18 17:36:57.202,30,Safe
25.61,6.15,22.82,613.59,12.95,2026-03-18 17:39:57.202,30,Safe
25.56,6.18,21.96,614.54,16.05,2026-03-18 17:42:57.202,30,Safe
25.6,6.2,21.34,614.27,16.21,2026-03-18 17:45:57.202,30,Safe
25.61,6.2,20.47,614.64,6.42,2026-03-18 17:48:57.202,30,Safe
25.62,6.21,20.27,615.51,10.5,2026-03-18 17:51:57.202,30,Safe
25.57,6.2,19.62,615.96,10.73,2026-03-18 17:54:57.202,15,Safe
25.58,6.21,17.61,616.12,12.27,2026-03-18 17:57:57.202,15,Safe
25.61,6.23,20.02,616.67,1.64,2026-03-18 18:00:57.202,30,Safe
25.67,6.24,18.74,615.7,13.37,2026-03-18 18:03:57.202,15,Safe
25.67,6.24,20.67,615.91,0.68,2026-03-18 18:06:57.202,30,Safe
25.58,6.23,22.07,615.29,6.45,2026-03-18 18:09:57.202,30,Safe
25.6,6.22,16.88,615.86,10.92,2026-03-18 18:12:57.202,15,Safe
25.55,6.23,21.72,615.16,10.98,2026-03-18 18:15:57.202,30,Safe
25.52,6.24,19.75,615.02,4.54,2026-03-18 18:18:57.202,15,Safe
25.76,6.23,18.13,615.4,17.34,2026-03-18 18:21:57.202,15,Safe
25.72,6.24,18.62,615.18,7.08,2026-03-18 18:24:57.202,15,Safe
25.6,6.23,18.42,615.34,7.49,2026-03-18 18:27:57.202,15,Safe
25.6,6.23,17.58,615.08,4.8,2026-03-18 18:30:57.202,15,Safe
25.68,6.24,18.9,616.02,1.26,2026-03-18 18:33:57.202,15,Safe
25.61,6.25,22.44,615.75,3.82,2026-03-18 18:36:57.202,30,Safe
25.64,6.26,21.47,616.42,4.82,2026-03-18 18:39:57.202,30,Safe
25.65,6.25,20.99,616.17,0.05,2026-03-18 18:42:57.202,30,Safe
25.63,6.25,18.99,617.04,2.27,2026-03-18 18:45:57.202,15,Safe
25.54,6.26,17.23,617.25,2.33,2026-03-18 18:48:57.202,15,Safe
25.47,6.27,17.26,616.42,3.0,2026-03-18 18:51:57.202,15,Safe
25.44,6.27,19.64,616.91,3.62,2026-03-18 18:54:57.202,15,Safe
25.47,6.25,19.11,616.8,1.21,2026-03-18 18:57:57.202,15,Safe
25.43,6.24,18.53,617.96,2.59,2026-03-18 19:00:57.202,15,Safe
25.43,6.26,20.43,617.3,1.8,2026-03-18 19:03:57.202,30,Safe
25.41,6.26,17.85,618.46,2.61,2026-03-18 19:06:57.202,15,Safe
25.45,6.25,16.83,618.85,0.49,2026-03-18 19:09:57.202,15,Safe
25.54,6.27,19.65,619.35,2.23,2026-03-18 19:12:57.202,15,Safe
25.6,6.25,17.27,618.47,2.01,2026-03-18 19:15:57.202,15,Safe
25.53,6.26,18.72,618.89,4.14,2026-03-18 19:18:57.202,15,Safe
25.53,6.27,15.93,619.79,1.75,2026-03-18 19:21:57.202,15,Safe
25.45,6.28,21.1,620.78,2.8,2026-03-18 19:24:57.202,30,Safe
25.38,6.27,21.76,622.26,1.32,2026-03-18 19:27:57.202,30,Safe
25.44,6.26,19.87,622.06,2.85,2026-03-18 19:30:57.202,15,Safe
25.46,6.26,18.88,622.12,4.92,2026-03-18 19:33:57.202,15,Safe
25.39,6.24,21.24,621.08,2.07,2026-03-18 19:36:57.202,30,Safe
25.45,6.23,21.16,621.9,3.53,2026-03-18 19:39:57.202,30,Safe
25.49,6.23,21.58,623.36,0.67,2026-03-18 19:42:57.202,30,Safe
25.49,6.21,17.38,621.31,1.57,2026-03-18 19:45:57.202,15,Safe
25.37,6.2,21.17,620.43,0.27,2026-03-18 19:48:57.202,30,Safe
25.54,6.19,20.67,621.77,4.34,2026-03-18 19:51:57.202,30,Safe
25.55,6.18,21.33,621.56,3.52,2026-03-18 19:54:57.202,30,Safe
25.52,6.16,18.54,620.64,4.73,2026-03-18 19:57:57.202,15,Safe
25.51,6.14,17.3,619.64,4.89,2026-03-18 20:00:57.202,15,Safe
25.64,6.13,21.65,620.52,3.25,2026-03-18 20:03:57.202,30,Safe
25.52,6.13,21.58,620.17,0.69,2026-03-18 20:06:57.202,30,Safe
25.52,6.1,17.89,618.44,4.93,2026-03-18 20:09:57.202,15,Safe
25.58,6.09,19.76,619.35,0.84,2026-03-18 20:12:57.202,15,Safe
25.56,6.08,21.07,620.44,0.94,2026-03-18 20:15:57.202,30,Safe
25.61,6.08,21.95,621.46,3.53,2026-03-18 20:18:57.202,30,Safe
25.55,6.07,20.49,622.34,4.04,2026-03-18 20:21:57.202,30,Safe
25.48,6.08,19.28,623.21,4.6,2026-03-18 20:24:57.202,15,Safe
25.46,6.07,20.52,624.66,1.2,2026-03-18 20:27:57.202,30,Safe
25.47,6.06,18.59,623.9,4.2,2026-03-18 20:30:57.202,15,Safe
25.55,6.06,23.13,623.7,1.0,2026-03-18 20:33:57.202,30,Safe
25.64,6.04,19.6,623.54,2.81,2026-03-18 20:36:57.202,15,Safe
25.5,6.04,19.15,623.44,1.54,2026-03-18 20:39:57.202,15,Safe
25.58,6.05,17.97,623.89,4.82,2026-03-18 20:42:57.202,15,Safe
25.55,6.07,19.15,624.27,0.49,2026-03-18 20:45:57.202,15,Safe
25.58,6.03,19.75,625.55,1.03,2026-03-18 20:48:57.202,15,Safe
25.58,6.02,20.6,626.31,1.86,2026-03-18 20:51:57.202,30,Safe
25.55,6.03,18.53,625.74,3.13,2026-03-18 20:54:57.202,15,Safe
25.5,6.04,18.65,624.76,4.08,2026-03-18 20:57:57.202,15,Safe
25.54,6.06,20.94,624.88,0.58,2026-03-18 21:00:57.202,30,Safe
25.56,6.03,20.2,626.5,2.68,2026-03-18 21:03:57.202,30,Safe
25.58,6.05,20.41,627.2,0.64,2026-03-18 21:06:57.202,30,Safe
25.54,6.04,19.47,627.43,3.08,2026-03-18 21:09:57.202,15,Safe
25.66,6.06,18.68,627.88,2.84,2026-03-18 21:12:57.202,15,Safe
25.62,6.06,21.78,628.2,1.46,2026-03-18 21:15:57.202,30,Safe
25.66,6.06,20.52,627.22,2.78,2026-03-18 21:18:57.202,30,Safe
25.6,6.04,21.18,627.88,1.85,2026-03-18 21:21:57.202,30,Safe
25.48,6.03,17.07,627.65,3.14,2026-03-18 21:24:57.202,15,Safe
25.4,6.03,23.41,628.16,3.74,2026-03-18 21:27:57.202,30,Safe
25.69,6.03,18.57,628.21,0.72,2026-03-18 21:30:57.202,15,Safe
25.62,6.06,21.23,627.22,2.3,2026-03-18 21:33:57.202,30,Safe
25.54,6.05,20.73,627.23,3.67,2026-03-18 21:36:57.202,30,Safe
25.44,6.03,17.53,627.42,0.97,2026-03-18 21:39:57.202,15,Safe
25.45,6.03,22.42,627.39,0.71,2026-03-18 21:42:57.202,30,Safe
25.52,6.04,21.19,626.64,0.78,2026-03-18 21:45:57.202,30,Safe
25.53,6.05,18.74,625.16,2.82,2026-03-18 21:48:57.202,15,Safe
25.52,6.04,16.67,625.38,1.58,2026-03-18 21:51:57.202,15,Safe
25.56,6.07,19.14,625.8,0.26,2026-03-18 21:54:57.202,15,Safe
25.53,6.06,18.53,624.27,2.92,2026-03-18 21:57:57.202,15,Safe
25.46,6.03,19.17,623.81,2.66,2026-03-18 22:00:57.202,15,Safe
25.53,6.03,20.83,623.99,0.73,2026-03-18 22:03:57.202,30,Safe
25.65,6.02,17.26,622.64,4.65,2026-03-18 22:06:57.202,15,Safe
25.56,6.0,20.25,623.12,0.34,2026-03-18 22:09:57.202,30,Safe
25.46,6.0,18.1,623.82,3.56,2026-03-18 22:12:57.202,15,Safe
25.55,6.0,18.84,624.55,0.96,2026-03-18 22:15:57.202,15,Safe
25.54,6.0,18.06,624.21,2.16,2026-03-18 22:18:57.202,15,Safe
25.58,6.0,18.89,623.68,3.67,2026-03-18 22:21:57.202,15,Safe
25.47,6.0,22.72,622.95,4.27,2026-03-18 22:24:57.202,30,Safe
25.47,6.0,21.34,623.55,4.59,2026-03-18 22:27:57.202,30,Safe
25.52,6.0,16.77,625.05,1.87,2026-03-18 22:30:57.202,15,Safe
25.41,6.0,20.46,625.52,0.78,2026-03-18 22:33:57.202,30,Safe
25.47,6.0,19.68,625.7,3.73,2026-03-18 22:36:57.202,15,Safe
25.58,6.02,19.56,625.49,2.65,2026-03-18 22:39:57.202,15,Safe
25.56,6.02,20.51,626.83,0.92,2026-03-18 22:42:57.202,30,Safe
25.59,6.01,21.54,626.19,0.94,2026-03-18 22:45:57.202,30,Safe
25.47,6.0,16.47,626.28,4.12,2026-03-18 22:48:57.202,15,Safe
25.59,6.0,20.95,627.74,3.66,2026-03-18 22:51:57.202,30,Safe
25.55,6.0,19.22,628.29,4.58,2026-03-18 22:54:57.202,15,Safe
25.58,6.0,19.71,629.14,2.5,2026-03-18 22:57:57.202,15,Safe
25.43,6.02,20.45,630.09,4.62,2026-03-18 23:00:57.202,30,Safe
25.44,6.0,18.6,630.44,0.7,2026-03-18 23:03:57.202,15,Safe
25.52,6.01,20.82,629.96,0.92,2026-03-18 23:06:57.202,30,Safe
25.39,6.01,21.21,630.31,1.14,2026-03-18 23:09:57.202,30,Safe
25.47,6.01,23.3,630.35,1.62,2026-03-18 23:12:57.202,30,Safe
25.52,6.0,20.27,630.21,3.15,2026-03-18 23:15:57.202,30,Safe
25.49,6.03,20.23,630.47,4.85,2026-03-18 23:18:57.202,30,Safe
25.46,6.04,19.09,631.04,4.86,2026-03-18 23:21:57.202,15,Safe
25.52,6.04,18.15,632.1,1.14,2026-03-18 23:24:57.202,15,Safe
25.42,6.06,17.82,632.19,3.12,2026-03-18 23:27:57.202,15,Safe
25.52,6.08,20.13,631.63,44.0,2026-03-18 23:30:57.202,30,Safe
25.46,6.05,18.58,630.56,43.64,2026-03-18 23:33:57.202,15,Safe
25.51,6.06,18.55,629.4,92.01,2026-03-18 23:36:57.202,15,Safe
25.52,6.05,19.11,629.89,30.13,2026-03-18 23:39:57.202,15,Safe
25.52,6.05,20.91,629.58,77.35,2026-03-18 23:42:57.202,30,Safe
25.49,6.04,20.68,628.65,28.01,2026-03-18 23:45:57.202,30,Safe
25.49,6.04,21.62,628.98,49.29,2026-03-18 23:48:57.202,30,Safe
25.37,6.0,19.21,629.12,21.71,2026-03-18 23:51:57.202,15,Safe
25.36,6.02,19.39,630.06,93.84,2026-03-18 23:54:57.202,15,Safe
25.45,6.03,21.87,631.64,27.1,2026-03-18 23:57:57.202,30,Safe
25.54,6.01,18.44,631.78,38.0,2026-03-19 00:00:57.202,15,Safe
25.52,6.03,19.59,632.18,66.68,2026-03-19 00:03:57.202,15,Safe
25.54,6.02,20.61,633.44,76.07,2026-03-19 00:06:57.202,30,Safe
25.49,6.03,18.87,633.51,68.64,2026-03-19 00:09:57.202,15,Safe
25.48,6.01,20.26,634.01,78.35,2026-03-19 00:12:57.202,30,Safe
25.45,6.01,16.94,633.99,74.87,2026-03-19 00:15:57.202,15,Safe
25.47,6.02,20.69,633.59,107.86,2026-03-19 00:18:57.202,30,Safe
25.56,6.0,18.9,634.05,63.08,2026-03-19 00:21:57.202,15,Safe
25.55,6.0,19.79,635.0,26.26,2026-03-19 00:24:57.202,15,Safe
25.64,6.02,19.27,634.88,25.21,2026-03-19 00:27:57.202,15,Safe
25.74,6.03,17.95,635.88,27.61,2026-03-19 00:30:57.202,15,Safe
25.7,6.01,21.29,636.92,107.43,2026-03-19 00:33:57.202,30,Safe
25.62,6.01,21.19,637.85,74.14,2026-03-19 00:36:57.202,30,Safe
25.69,6.0,18.95,637.89,16.39,2026-03-19 00:39:57.202,15,Safe
25.68,6.0,15.11,636.49,116.13,2026-03-19 00:42:57.202,15,Safe
25.6,6.0,20.35,637.02,98.16,2026-03-19 00:45:57.202,30,Safe
25.52,6.03,18.54,635.55,91.25,2026-03-19 00:48:57.202,15,Safe
25.4,6.04,21.81,635.6,85.63,2026-03-19 00:51:57.202,30,Safe
25.51,6.04,18.84,636.21,62.33,2026-03-19 00:54:57.202,15,Safe
25.62,6.06,19.34,635.18,93.2,2026-03-19 00:57:57.202,15,Safe
25.57,6.04,21.62,635.27,72.12,2026-03-19 01:00:57.202,30,Safe
25.62,6.05,19.02,635.57,49.18,2026-03-19 01:03:57.202,15,Safe
25.64,6.05,16.97,637.07,26.17,2026-03-19 01:06:57.202,15,Safe
25.59,6.05,21.25,636.88,30.16,2026-03-19 01:09:57.202,30,Safe
25.56,6.04,19.15,637.76,18.27,2026-03-19 01:12:57.202,15,Safe
25.56,6.04,21.25,636.79,88.27,2026-03-19 01:15:57.202,30,Safe
25.51,6.04,16.88,636.54,18.31,2026-03-19 01:18:57.202,15,Safe
25.54,6.03,19.79,637.41,51.86,2026-03-19 01:21:57.202,15,Safe
25.44,6.03,20.42,637.7,91.05,2026-03-19 01:24:57.202,30,Safe
25.52,6.0,19.77,638.22,104.74,2026-03-19 01:27:57.202,15,Safe
25.51,6.0,19.33,638.05,301.97,2026-03-19 01:30:57.202,15,Safe
25.58,6.0,22.08,638.04,128.26,2026-03-19 01:33:57.202,30,Safe
25.5,6.02,21.64,638.32,532.4,2026-03-19 01:36:57.202,30,Safe
25.45,6.02,19.1,638.37,95.46,2026-03-19 01:39:57.202,15,Safe
25.43,6.06,19.17,638.27,281.15,2026-03-19 01:42:57.202,15,Safe
25.52,6.08,21.38,635.87,571.14,2026-03-19 01:45:57.202,30,Safe
25.48,6.1,19.32,636.77,115.95,2026-03-19 01:48:57.202,15,Safe
25.63,6.08,19.89,638.23,336.41,2026-03-19 01:51:57.202,15,Safe
25.53,6.09,18.33,638.64,276.97,2026-03-19 01:54:57.202,15,Safe
25.53,6.1,22.23,638.43,102.46,2026-03-19 01:57:57.202,30,Safe
25.46,6.08,16.67,637.27,309.56,2026-03-19 02:00:57.202,15,Safe
25.5,6.1,18.84,637.08,390.9,2026-03-19 02:03:57.202,15,Safe
25.48,6.11,18.6,635.77,80.08,2026-03-19 02:06:57.202,15,Safe
25.44,6.09,19.61,635.47,279.96,2026-03-19 02:09:57.202,15,Safe
25.43,6.08,19.81,635.17,374.9,2026-03-19 02:12:57.202,15,Safe
25.54,6.11,18.65,634.75,199.9,2026-03-19 02:15:57.202,15,Safe
25.56,6.13,19.2,634.56,180.45,2026-03-19 02:18:57.202,15,Safe
25.52,6.15,16.69,635.08,244.35,2026-03-19 02:21:57.202,15,Safe
25.51,6.17,21.65,635.86,355.05,2026-03-19 02:24:57.202,30,Safe
25.64,6.17,18.34,637.03,531.73,2026-03-19 02:27:57.202,15,Safe
25.56,6.18,27.23,642.99,1722.28,2026-03-19 02:30:57.202,30,Safe
25.54,6.18,28.27,645.43,2512.52,2026-03-19 02:33:57.202,30,Safe
25.55,6.18,35.15,649.69,2370.87,2026-03-19 02:36:57.202,45,Moderate
25.56,6.2,29.59,652.09,1322.79,2026-03-19 02:39:57.202,30,Safe
25.48,6.18,31.94,655.71,1247.2,2026-03-19 02:42:57.202,45,Moderate
25.48,6.19,31.61,660.36,2074.86,2026-03-19 02:45:57.202,45,Moderate
25.51,6.2,34.56,663.24,2013.11,2026-03-19 02:48:57.202,45,Moderate
25.48,6.17,35.79,667.74,1730.6,2026-03-19 02:51:57.202,45,Moderate
25.63,6.2,35.32,672.09,2604.31,2026-03-19 02:54:57.202,45,Moderate
25.71,6.19,31.47,677.5,1388.94,2026-03-19 02:57:57.202,45,Moderate
25.52,6.18,37.42,682.37,1443.12,2026-03-19 03:00:57.202,45,Moderate
25.56,6.15,26.97,683.42,1931.99,2026-03-19 03:03:57.202,30,Safe
25.54,6.14,26.09,684.41,1304.3,2026-03-19 03:06:57.202,30,Safe
25.59,6.11,26.1,684.28,1815.56,2026-03-19 03:09:57.202,30,Safe
25.51,6.1,25.7,683.72,1950.58,2026-03-19 03:12:57.202,30,Safe
25.59,6.07,28.88,683.87,1200.63,2026-03-19 03:15:57.202,30,Safe
25.44,6.06,27.1,683.76,1683.01,2026-03-19 03:18:57.202,30,Safe
25.45,6.07,25.05,683.3,1501.82,2026-03-19 03:21:57.202,30,Safe
25.58,6.06,30.34,683.22,1941.29,2026-03-19 03:24:57.202,45,Moderate
25.52,6.05,25.4,682.87,1793.58,2026-03-19 03:27:57.202,30,Safe
25.67,6.06,27.81,682.19,2403.23,2026-03-19 03:30:57.202,30,Safe
25.58,6.05,26.41,682.78,2436.18,2026-03-19 03:33:57.202,30,Safe
25.57,6.06,26.08,682.85,2124.08,2026-03-19 03:36:57.202,30,Safe
25.61,6.03,24.79,684.21,2299.22,2026-03-19 03:39:57.202,30,Safe
25.51,6.0,23.48,683.74,1996.83,2026-03-19 03:42:57.202,30,Safe
25.7,6.0,25.12,682.59,1795.82,2026-03-19 03:45:57.202,30,Safe
25.63,6.01,26.42,681.85,1675.9,2026-03-19 03:48:57.202,30,Safe
25.53,6.0,28.7,682.14,1763.03,2026-03-19 03:51:57.202,30,Safe
25.61,6.0,25.23,682.63,1720.49,2026-03-19 03:54:57.202,30,Safe
25.57,6.0,25.5,682.4,1657.06,2026-03-19 03:57:57.202,30,Safe
25.6,6.0,25.48,682.89,1446.23,2026-03-19 04:00:57.202,30,Safe
25.48,6.01,23.74,683.35,1478.27,2026-03-19 04:03:57.202,30,Safe
25.58,6.0,26.33,682.66,2087.57,2026-03-19 04:06:57.202,30,Safe
25.57,6.02,24.15,682.44,2479.35,2026-03-19 04:09:57.202,30,Safe
25.57,6.01,26.11,682.16,1650.44,2026-03-19 04:12:57.202,30,Safe
25.54,6.0,23.78,681.05,2186.61,2026-03-19 04:15:57.202,30,Safe
25.54,6.0,25.81,681.47,2075.09,2026-03-19 04:18:57.202,30,Safe
25.46,6.03,28.7,680.87,2334.68,2026-03-19 04:21:57.202,30,Safe
25.53,6.04,25.11,681.1,2421.92,2026-03-19 04:24:57.202,30,Safe
25.55,6.04,23.74,679.67,2450.99,2026-03-19 04:27:57.202,30,Safe
25.82,6.02,22.01,679.15,2266.07,2026-03-19 04:30:57.202,30,Safe
25.86,6.0,25.38,678.26,2066.96,2026-03-19 04:33:57.202,30,Safe
25.77,6.0,24.06,678.22,2430.35,2026-03-19 04:36:57.202,30,Safe
25.72,6.0,25.35,679.72,1904.85,2026-03-19 04:39:57.202,30,Safe
25.72,6.01,23.84,682.12,2000.88,2026-03-19 04:42:57.202,30,Safe
25.72,6.0,26.44,682.07,1488.7,2026-03-19 04:45:57.202,30,Safe
25.73,6.01,23.35,682.37,2115.24,2026-03-19 04:48:57.202,30,Safe
25.84,6.03,22.56,682.51,1980.1,2026-03-19 04:51:57.202,30,Safe
25.83,6.02,22.95,682.26,2030.9,2026-03-19 04:54:57.202,30,Safe
25.88,6.0,23.44,682.69,1479.03,2026-03-19 04:57:57.202,30,Safe
25.8,6.0,25.59,682.81,1601.01,2026-03-19 05:00:57.202,30,Safe
25.97,6.0,26.37,681.91,2031.93,2026-03-19 05:03:57.202,30,Safe
25.94,6.0,24.41,683.15,1537.6,2026-03-19 05:06:57.202,30,Safe
25.84,6.0,24.04,680.55,1705.89,2026-03-19 05:09:57.202,30,Safe
25.84,6.0,23.14,681.35,2434.23,2026-03-19 05:12:57.202,30,Safe
25.88,6.01,25.04,681.17,1388.23,2026-03-19 05:15:57.202,30,Safe
25.87,6.02,23.01,681.17,2455.69,2026-03-19 05:18:57.202,30,Safe
25.76,6.0,23.51,681.71,1513.9,2026-03-19 05:21:57.202,30,Safe
25.91,6.0,24.89,681.47,1624.03,2026-03-19 05:24:57.202,30,Safe
25.8,6.0,25.42,680.69,1658.75,2026-03-19 05:27:57.202,30,Safe
25.84,6.03,24.04,681.81,1953.19,2026-03-19 05:30:57.202,30,Safe
25.82,6.03,22.92,682.44,2112.6,2026-03-19 05:33:57.202,30,Safe
25.79,6.04,24.92,683.19,1845.89,2026-03-19 05:36:57.202,30,Safe
25.83,6.03,25.72,683.05,1744.29,2026-03-19 05:39:57.202,30,Safe
25.89,6.0,23.2,682.88,2402.0,2026-03-19 05:42:57.202,30,Safe
25.81,6.0,25.02,682.65,2147.54,2026-03-19 05:45:57.202,30,Safe
25.65,6.01,23.82,682.75,2368.57,2026-03-19 05:48:57.202,30,Safe
25.71,6.0,24.72,682.93,2225.43,2026-03-19 05:51:57.202,30,Safe
25.83,6.0,20.2,682.16,1558.41,2026-03-19 05:54:57.202,30,Safe
25.84,6.0,24.35,682.25,2715.23,2026-03-19 05:57:57.202,30,Safe
25.85,6.0,22.68,684.12,1286.02,2026-03-19 06:00:57.202,30,Safe
25.87,6.0,22.97,683.28,2456.01,2026-03-19 06:03:57.202,30,Safe
25.76,6.0,22.16,684.42,2177.76,2026-03-19 06:06:57.202,30,Safe
25.78,6.0,21.35,683.6,1867.62,2026-03-19 06:09:57.202,30,Safe
25.81,6.0,23.12,684.59,2615.19,2026-03-19 06:12:57.202,30,Safe
25.89,6.0,22.97,685.03,1492.93,2026-03-19 06:15:57.202,30,Safe
25.84,6.02,24.73,685.79,1936.51,2026-03-19 06:18:57.202,30,Safe
25.77,6.02,22.95,687.15,2470.93,2026-03-19 06:21:57.202,30,Safe
25.76,6.02,22.08,687.33,2297.13,2026-03-19 06:24:57.202,30,Safe
25.87,6.04,23.34,686.57,1228.1,2026-03-19 06:27:57.202,30,Safe
25.84,6.03,23.16,687.1,2452.74,2026-03-19 06:30:57.202,30,Safe
25.79,6.02,20.44,685.58,1708.11,2026-03-19 06:33:57.202,30,Safe
25.77,6.04,21.82,686.4,1934.86,2026-03-19 06:36:57.202,30,Safe
25.75,6.05,25.12,687.4,2527.11,2026-03-19 06:39:57.202,30,Safe
25.7,6.04,23.93,687.65,1853.85,2026-03-19 06:42:57.202,30,Safe
25.81,6.04,23.38,687.36,1438.25,2026-03-19 06:45:57.202,30,Safe
25.82,6.05,20.24,687.94,2022.31,2026-03-19 06:48:57.202,30,Safe
25.8,6.05,22.77,689.16,1766.3,2026-03-19 06:51:57.202,30,Safe
25.83,6.06,22.86,690.48,2138.3,2026-03-19 06:54:57.202,30,Safe
25.78,6.06,24.39,689.97,2315.52,2026-03-19 06:57:57.202,30,Safe
25.68,6.05,21.91,690.34,2191.7,2026-03-19 07:00:57.202,30,Safe
25.78,6.06,22.23,690.01,1792.02,2026-03-19 07:03:57.202,30,Safe
25.78,6.04,23.22,689.7,2077.94,2026-03-19 07:06:57.202,30,Safe
25.8,6.03,23.58,688.82,2182.25,2026-03-19 07:09:57.202,30,Safe
25.84,6.04,22.51,689.45,2683.06,2026-03-19 07:12:57.202,30,Safe
25.84,6.04,21.25,687.77,1327.02,2026-03-19 07:15:57.202,30,Safe
25.9,6.05,22.85,687.76,1502.16,2026-03-19 07:18:57.202,30,Safe
25.83,6.05,20.46,687.36,1595.91,2026-03-19 07:21:57.202,30,Safe
25.77,6.02,22.7,687.58,2279.01,2026-03-19 07:24:57.202,30,Safe
25.91,6.03,20.91,688.3,1663.38,2026-03-19 07:27:57.202,30,Safe
25.86,6.02,19.29,687.51,2347.44,2026-03-19 07:30:57.202,15,Safe
25.82,6.03,21.26,689.11,1920.49,2026-03-19 07:33:57.202,30,Safe
25.77,6.04,23.75,689.29,1682.27,2026-03-19 07:36:57.202,30,Safe
25.75,6.03,20.91,689.06,2348.88,2026-03-19 07:39:57.202,30,Safe
25.9,6.03,20.57,687.84,2419.54,2026-03-19 07:42:57.202,30,Safe
25.85,6.0,21.29,689.09,1844.4,2026-03-19 07:45:57.202,30,Safe
25.82,6.0,22.83,689.02,1511.98,2026-03-19 07:48:57.202,30,Safe
25.82,6.0,22.71,689.36,1720.13,2026-03-19 07:51:57.202,30,Safe
25.81,6.0,22.74,690.03,2208.2,2026-03-19 07:54:57.202,30,Safe
25.86,6.0,21.92,689.82,2481.32,2026-03-19 07:57:57.202,30,Safe
25.87,6.01,19.28,689.48,2128.94,2026-03-19 08:00:57.202,15,Safe
25.83,6.05,20.79,690.39,2294.61,2026-03-19 08:03:57.202,30,Safe
25.85,6.04,22.38,690.47,1413.55,2026-03-19 08:06:57.202,30,Safe
25.76,6.05,20.21,689.72,2575.92,2026-03-19 08:09:57.202,30,Safe
25.75,6.05,22.71,691.26,1992.86,2026-03-19 08:12:57.202,30,Safe
25.79,6.05,22.95,691.65,2574.09,2026-03-19 08:15:57.202,30,Safe
25.84,6.04,21.29,692.94,1803.14,2026-03-19 08:18:57.202,30,Safe
25.74,6.02,21.75,693.89,2241.93,2026-03-19 08:21:57.202,30,Safe
25.83,6.0,21.67,694.18,2400.71,2026-03-19 08:24:57.202,30,Safe
25.71,6.0,19.51,695.95,1552.98,2026-03-19 08:27:57.202,15,Safe
25.61,6.0,19.09,695.88,2459.31,2026-03-19 08:30:57.202,15,Safe
25.72,6.0,21.46,696.58,1929.66,2026-03-19 08:33:57.202,30,Safe
25.71,6.0,18.87,696.91,2346.32,2026-03-19 08:36:57.202,15,Safe
25.74,6.0,20.58,697.24,2645.2,2026-03-19 08:39:57.202,30,Safe
25.72,6.02,22.12,697.62,1278.07,2026-03-19 08:42:57.202,30,Safe
25.69,6.0,23.23,698.45,2592.2,2026-03-19 08:45:57.202,30,Safe
25.81,6.0,18.01,698.52,2564.03,2026-03-19 08:48:57.202,15,Safe
25.86,6.0,20.02,699.05,1948.2,2026-03-19 08:51:57.202,30,Safe
25.81,6.01,19.66,700.35,2653.46,2026-03-19 08:54:57.202,15,Safe
25.77,6.02,20.54,700.61,1433.56,2026-03-19 08:57:57.202,30,Safe
25.82,6.0,21.21,700.26,1464.09,2026-03-19 09:00:57.202,30,Safe
25.96,6.0,18.01,700.65,2148.23,2026-03-19 09:03:57.202,15,Safe
25.85,6.0,20.12,701.4,1892.24,2026-03-19 09:06:57.202,30,Safe
25.88,6.0,24.68,701.43,2103.85,2026-03-19 09:09:57.202,30,Safe
25.76,6.01,20.21,701.24,2316.54,2026-03-19 09:12:57.202,30,Safe
25.76,6.01,19.55,701.34,2110.39,2026-03-19 09:15:57.202,15,Safe
25.72,6.0,20.83,702.6,1785.18,2026-03-19 09:18:57.202,30,Safe
25.82,6.01,18.49,703.18,2539.95,2026-03-19 09:21:57.202,15,Safe
25.77,6.0,19.04,704.04,2178.93,2026-03-19 09:24:57.202,15,Safe
25.79,6.0,22.2,705.6,2326.03,2026-03-19 09:27:57.202,30,Safe
25.67,6.01,21.75,704.53,2675.5,2026-03-19 09:30:57.202,30,Safe
25.77,6.05,21.63,705.97,1931.06,2026-03-19 09:33:57.202,30,Safe
25.75,6.02,20.2,704.94,2456.45,2026-03-19 09:36:57.202,30,Safe
25.68,6.03,18.33,704.03,1843.82,2026-03-19 09:39:57.202,15,Safe
25.82,6.01,20.15,703.65,2314.62,2026-03-19 09:42:57.202,30,Safe
25.75,6.0,21.8,702.97,1784.83,2026-03-19 09:45:57.202,30,Safe
25.72,6.0,20.23,703.68,2438.83,2026-03-19 09:48:57.202,30,Safe
25.79,6.0,15.93,702.24,1477.61,2026-03-19 09:51:57.202,15,Safe
25.78,6.02,18.87,701.95,2071.42,2026-03-19 09:54:57.202,15,Safe
25.74,6.0,17.3,701.49,2379.16,2026-03-19 09:57:57.202,15,Safe
25.85,6.0,20.25,701.96,2399.57,2026-03-19 10:00:57.202,30,Safe
25.89,6.01,21.89,702.33,1892.46,2026-03-19 10:03:57.202,30,Safe
25.91,6.01,19.03,702.16,2569.82,2026-03-19 10:06:57.202,15,Safe
25.88,6.03,19.33,700.72,1710.37,2026-03-19 10:09:57.202,15,Safe
25.93,6.04,21.5,701.88,1666.19,2026-03-19 10:12:57.202,30,Safe
25.91,6.01,19.85,701.36,2696.99,2026-03-19 10:15:57.202,15,Safe
25.88,6.01,19.39,701.23,2226.76,2026-03-19 10:18:57.202,15,Safe
25.82,6.02,20.96,701.01,1341.94,2026-03-19 10:21:57.202,30,Safe
25.76,6.02,19.55,701.26,2421.77,2026-03-19 10:24:57.202,15,Safe
25.78,6.02,19.33,700.29,2387.09,2026-03-19 10:27:57.202,15,Safe
25.74,6.0,19.88,700.91,1410.89,2026-03-19 10:30:57.202,15,Safe
25.75,6.0,19.95,701.14,1580.53,2026-03-19 10:33:57.202,15,Safe
25.72,6.0,21.82,700.57,1473.56,2026-03-19 10:36:57.202,30,Safe
25.86,6.0,22.46,702.17,2380.21,2026-03-19 10:39:57.202,30,Safe
25.79,6.04,20.5,702.53,2390.21,2026-03-19 10:42:57.202,30,Safe
25.85,6.06,19.77,702.91,2652.86,2026-03-19 10:45:57.202,15,Safe
25.65,6.06,17.19,701.46,2296.13,2026-03-19 10:48:57.202,15,Safe
25.73,6.06,19.86,700.25,1904.6,2026-03-19 10:51:57.202,15,Safe
25.65,6.06,18.98,700.5,1937.29,2026-03-19 10:54:57.202,15,Safe
25.75,6.07,19.75,700.55,1758.7,2026-03-19 10:57:57.202,15,Safe
25.67,6.07,20.44,700.02,1729.1,2026-03-19 11:00:57.202,30,Safe
25.69,6.05,21.57,700.33,1874.62,2026-03-19 11:03:57.202,30,Safe
25.71,6.06,20.0,701.57,1900.16,2026-03-19 11:06:57.202,15,Safe
25.8,6.05,19.12,700.73,2391.79,2026-03-19 11:09:57.202,15,Safe
25.72,6.05,18.63,700.25,2588.35,2026-03-19 11:12:57.202,15,Safe
25.71,6.05,19.28,699.21,2139.83,2026-03-19 11:15:57.202,15,Safe
25.75,6.03,20.87,699.54,1599.51,2026-03-19 11:18:57.202,30,Safe
25.78,6.06,20.23,699.64,2516.06,2026-03-19 11:21:57.202,30,Safe
25.72,6.07,18.8,699.83,1920.27,2026-03-19 11:24:57.202,15,Safe
25.72,6.09,19.45,699.9,1688.04,2026-03-19 11:27:57.202,15,Safe
25.78,6.1,22.11,699.37,1806.83,2026-03-19 11:30:57.202,30,Safe
25.66,6.13,18.72,698.87,2214.74,2026-03-19 11:33:57.202,15,Safe
25.61,6.11,20.6,700.31,1251.75,2026-03-19 11:36:57.202,30,Safe
25.62,6.09,19.91,699.68,2101.39,2026-03-19 11:39:57.202,15,Safe
25.55,6.09,19.35,700.01,1608.66,2026-03-19 11:42:57.202,15,Safe
25.45,6.07,20.18,699.02,1991.15,2026-03-19 11:45:57.202,30,Safe
25.4,6.06,20.51,700.36,1297.18,2026-03-19 11:48:57.202,30,Safe
25.43,6.07,21.31,698.92,1134.41,2026-03-19 11:51:57.202,30,Safe
25.5,6.08,17.52,699.51,1425.8,2026-03-19 11:54:57.202,15,Safe
25.44,6.07,18.45,700.86,1489.17,2026-03-19 11:57:57.202,15,Safe
25.46,6.07,19.27,700.85,2218.87,2026-03-19 12:00:57.202,15,Safe
25.46,6.07,20.67,701.06,1618.87,2026-03-19 12:03:57.202,30,Safe
25.47,6.07,20.4,700.86,2453.32,2026-03-19 12:06:57.202,30,Safe
25.5,6.04,20.49,699.94,1705.59,2026-03-19 12:09:57.202,30,Safe
25.5,6.05,18.53,700.81,2069.69,2026-03-19 12:12:57.202,15,Safe
25.51,6.0,20.23,699.67,1971.43,2026-03-19 12:15:57.202,30,Safe
25.52,6.0,21.32,698.45,1700.67,2026-03-19 12:18:57.202,30,Safe
25.57,6.0,20.61,699.0,2292.46,2026-03-19 12:21:57.202,30,Safe
25.64,6.0,20.18,698.92,2012.86,2026-03-19 12:24:57.202,30,Safe
25.7,6.0,20.62,698.39,1698.04,2026-03-19 12:27:57.202,30,Safe
25.54,6.0,27.57,701.78,37.19,2026-03-19 12:30:57.202,30,Safe
25.44,6.0,34.39,703.91,59.84,2026-03-19 12:33:57.202,45,Moderate
25.47,6.01,34.15,707.02,117.77,2026-03-19 12:36:57.202,45,Moderate
25.53,6.0,28.91,709.08,149.27,2026-03-19 12:39:57.202,30,Safe
25.57,6.0,35.74,714.55,143.59,2026-03-19 12:42:57.202,45,Moderate
25.48,6.01,37.8,718.97,74.64,2026-03-19 12:45:57.202,45,Moderate
25.48,6.01,32.17,720.58,87.33,2026-03-19 12:48:57.202,45,Moderate
25.46,6.0,33.33,725.61,78.35,2026-03-19 12:51:57.202,45,Moderate
25.56,6.0,35.87,729.55,54.77,2026-03-19 12:54:57.202,45,Moderate
25.66,6.01,41.35,734.23,129.8,2026-03-19 12:57:57.202,45,Moderate
25.61,6.0,41.11,737.51,119.32,2026-03-19 13:00:57.202,45,Moderate
25.7,6.0,28.01,737.53,106.23,2026-03-19 13:03:57.202,30,Safe
25.68,6.0,27.72,736.78,162.03,2026-03-19 13:06:57.202,30,Safe
25.53,6.0,28.8,737.69,151.78,2026-03-19 13:09:57.202,30,Safe
25.56,6.0,28.91,737.37,119.35,2026-03-19 13:12:57.202,30,Safe
25.53,6.0,26.93,736.8,93.52,2026-03-19 13:15:57.202,30,Safe
25.52,6.0,31.0,736.29,36.47,2026-03-19 13:18:57.202,45,Moderate
25.6,6.01,26.87,736.02,126.35,2026-03-19 13:21:57.202,30,Safe
25.54,6.0,27.5,737.52,117.16,2026-03-19 13:24:57.202,30,Safe
25.53,6.0,30.24,737.52,121.47,2026-03-19 13:27:57.202,45,Moderate
25.54,6.0,25.33,736.61,99.68,2026-03-19 13:30:57.202,30,Safe
25.44,6.01,26.04,736.63,182.71,2026-03-19 13:33:57.202,30,Safe
25.53,6.0,28.51,737.22,8.9,2026-03-19 13:36:57.202,30,Safe
25.65,6.0,27.93,737.79,7.15,2026-03-19 13:39:57.202,30,Safe
25.56,6.0,27.67,737.96,6.83,2026-03-19 13:42:57.202,30,Safe
25.59,6.01,28.59,738.24,5.57,2026-03-19 13:45:57.202,30,Safe
25.56,6.02,25.2,738.25,219.16,2026-03-19 13:48:57.202,30,Safe
25.47,6.02,28.18,738.87,10.93,2026-03-19 13:51:57.202,30,Safe
25.4,6.0,25.07,738.25,15.75,2026-03-19 13:54:57.202,30,Safe
25.52,6.0,26.99,738.61,19.51,2026-03-19 13:57:57.202,30,Safe
25.51,6.0,25.32,738.32,6.27,2026-03-19 14:00:57.202,30,Safe
25.6,6.0,28.57,738.87,7.63,2026-03-19 14:03:57.202,30,Safe
25.61,6.0,28.72,738.77,4.14,2026-03-19 14:06:57.202,30,Safe
25.49,6.01,27.0,738.63,11.88,2026-03-19 14:09:57.202,30,Safe
25.49,6.0,27.33,738.77,15.71,2026-03-19 14:12:57.202,30,Safe
25.57,6.01,26.05,738.67,8.47,2026-03-19 14:15:57.202,30,Safe
25.58,6.0,24.29,739.13,102.28,2026-03-19 14:18:57.202,30,Safe
25.56,6.0,27.65,739.06,1.08,2026-03-19 14:21:57.202,30,Safe
25.61,6.01,25.54,738.07,5.88,2026-03-19 14:24:57.202,30,Safe
25.64,6.0,26.73,737.3,203.9,2026-03-19 14:27:57.202,30,Safe
25.52,6.0,26.82,737.86,15.21,2026-03-19 14:30:57.202,30,Safe
25.63,6.0,27.15,738.79,11.91,2026-03-19 14:33:57.202,30,Safe
25.53,6.0,26.67,738.37,222.33,2026-03-19 14:36:57.202,30,Safe
25.61,6.01,26.46,738.38,7.72,2026-03-19 14:39:57.202,30,Safe
25.5,6.01,28.66,739.7,11.15,2026-03-19 14:42:57.202,30,Safe
25.55,6.0,29.61,740.2,7.35,2026-03-19 14:45:57.202,30,Safe
25.5,6.0,24.73,741.1,15.4,2026-03-19 14:48:57.202,30,Safe
25.63,6.0,27.16,740.87,193.16,2026-03-19 14:51:57.202,30,Safe
25.53,6.0,25.6,741.64,14.28,2026-03-19 14:54:57.202,30,Safe
25.49,6.02,26.44,741.64,12.18,2026-03-19 14:57:57.202,30,Safe
25.41,6.01,26.19,741.42,17.16,2026-03-19 15:00:57.202,30,Safe
25.46,6.02,27.93,741.82,117.73,2026-03-19 15:03:57.202,30,Safe
25.45,6.0,23.98,741.69,212.97,2026-03-19 15:06:57.202,30,Safe
25.48,6.0,23.55,740.86,9.13,2026-03-19 15:09:57.202,30,Safe
25.47,6.0,27.99,740.29,17.73,2026-03-19 15:12:57.202,30,Safe
25.5,6.03,24.66,740.18,85.45,2026-03-19 15:15:57.202,30,Safe
25.69,6.02,25.41,739.52,118.94,2026-03-19 15:18:57.202,30,Safe
25.68,6.02,26.61,739.89,118.94,2026-03-19 15:21:57.202,30,Safe
25.55,6.0,27.0,740.76,4.6,2026-03-19 15:24:57.202,30,Safe
25.56,6.02,25.94,739.85,11.16,2026-03-19 15:27:57.202,30,Safe
25.49,6.01,24.1,739.66,4.7,2026-03-19 15:30:57.202,30,Safe
25.53,6.0,27.0,738.54,15.02,2026-03-19 15:33:57.202,30,Safe
25.56,6.01,24.42,737.61,3.97,2026-03-19 15:36:57.202,30,Safe
25.63,6.0,25.95,738.89,11.77,2026-03-19 15:39:57.202,30,Safe
25.57,6.0,26.23,740.31,0.26,2026-03-19 15:42:57.202,30,Safe
25.45,6.0,23.33,740.56,16.16,2026-03-19 15:45:57.202,30,Safe
25.44,6.0,25.13,739.62,15.46,2026-03-19 15:48:57.202,30,Safe
25.41,6.0,24.98,739.47,12.14,2026-03-19 15:51:57.202,30,Safe
25.58,6.02,25.92,738.57,12.82,2026-03-19 15:54:57.202,30,Safe
25.58,6.0,25.06,738.8,0.47,2026-03-19 15:57:57.202,30,Safe
25.72,6.0,25.67,740.84,11.55,2026-03-19 16:00:57.202,30,Safe
25.59,6.0,26.35,740.16,2.78,2026-03-19 16:03:57.202,30,Safe
25.56,6.0,24.51,740.81,2.76,2026-03-19 16:06:57.202,30,Safe
25.56,6.01,25.86,740.44,11.84,2026-03-19 16:09:57.202,30,Safe
25.54,6.0,23.89,740.84,17.63,2026-03-19 16:12:57.202,30,Safe
25.61,6.0,27.07,741.34,16.7,2026-03-19 16:15:57.202,30,Safe
25.46,6.02,26.97,739.85,0.36,2026-03-19 16:18:57.202,30,Safe
25.51,6.02,25.7,739.37,2.72,2026-03-19 16:21:57.202,30,Safe
25.53,6.03,23.97,739.39,1.78,2026-03-19 16:24:57.202,30,Safe
25.54,6.03,23.4,740.2,7.79,2026-03-19 16:27:57.202,30,Safe
25.61,6.02,24.4,740.65,18.98,2026-03-19 16:30:57.202,30,Safe
25.57,6.01,23.59,740.88,3.72,2026-03-19 16:33:57.202,30,Safe
25.54,6.03,24.84,741.0,0.66,2026-03-19 16:36:57.202,30,Safe
25.51,6.04,25.66,741.81,10.08,2026-03-19 16:39:57.202,30,Safe
25.55,6.02,25.35,742.07,11.46,2026-03-19 16:42:57.202,30,Safe
25.43,6.03,24.88,743.72,15.86,2026-03-19 16:45:57.202,30,Safe
25.4,6.04,23.6,744.17,5.16,2026-03-19 16:48:57.202,30,Safe
25.34,6.03,23.86,744.57,15.67,2026-03-19 16:51:57.202,30,Safe
25.4,6.02,24.69,747.37,5.46,2026-03-19 16:54:57.202,30,Safe
25.45,6.0,25.2,747.87,10.07,2026-03-19 16:57:57.202,30,Safe
25.43,6.0,24.7,748.67,2.76,2026-03-19 17:00:57.202,30,Safe
25.53,6.0,26.65,748.1,7.28,2026-03-19 17:03:57.202,30,Safe
25.49,6.0,22.28,748.54,9.87,2026-03-19 17:06:57.202,30,Safe
25.56,6.0,24.14,749.76,18.83,2026-03-19 17:09:57.202,30,Safe
25.51,6.0,24.71,751.04,3.36,2026-03-19 17:12:57.202,30,Safe
25.47,6.0,24.35,749.71,0.01,2026-03-19 17:15:57.202,30,Safe
25.52,6.0,24.15,749.69,8.35,2026-03-19 17:18:57.202,30,Safe
25.47,6.03,22.2,749.34,13.09,2026-03-19 17:21:57.202,30,Safe
25.37,6.02,22.61,748.84,14.08,2026-03-19 17:24:57.202,30,Safe
25.33,6.01,25.98,750.32,15.02,2026-03-19 17:27:57.202,30,Safe
25.54,6.0,22.39,749.19,11.58,2026-03-19 17:30:57.202,30,Safe
25.71,6.0,22.25,748.02,10.86,2026-03-19 17:33:57.202,30,Safe
25.59,6.0,23.11,748.37,15.2,2026-03-19 17:36:57.202,30,Safe
25.44,6.0,24.84,749.47,11.55,2026-03-19 17:39:57.202,30,Safe
25.44,6.0,23.5,749.19,0.88,2026-03-19 17:42:57.202,30,Safe
25.45,6.0,24.04,748.46,5.78,2026-03-19 17:45:57.202,30,Safe
25.5,6.0,22.71,748.09,6.56,2026-03-19 17:48:57.202,30,Safe
25.55,6.0,23.53,748.13,2.12,2026-03-19 17:51:57.202,30,Safe
25.55,6.0,23.19,747.24,17.12,2026-03-19 17:54:57.202,30,Safe
25.49,6.0,22.98,747.59,15.29,2026-03-19 17:57:57.202,30,Safe
25.44,6.0,19.6,746.47,2.72,2026-03-19 18:00:57.202,15,Safe
25.5,6.0,22.45,745.9,19.64,2026-03-19 18:03:57.202,30,Safe
25.59,6.01,21.08,746.55,19.07,2026-03-19 18:06:57.202,30,Safe
25.56,6.02,22.78,747.28,9.24,2026-03-19 18:09:57.202,30,Safe
25.57,6.01,22.58,747.36,11.01,2026-03-19 18:12:57.202,30,Safe
25.53,6.02,20.46,746.22,15.71,2026-03-19 18:15:57.202,30,Safe
25.48,6.0,21.96,746.04,7.43,2026-03-19 18:18:57.202,30,Safe
25.56,6.0,22.52,744.7,11.12,2026-03-19 18:21:57.202,30,Safe
25.46,6.0,22.42,745.08,10.95,2026-03-19 18:24:57.202,30,Safe
25.54,6.0,24.66,746.11,1.07,2026-03-19 18:27:57.202,30,Safe
25.56,6.01,23.62,746.12,1.14,2026-03-19 18:30:57.202,30,Safe
25.63,6.01,21.94,746.29,2.62,2026-03-19 18:33:57.202,30,Safe
25.74,6.01,23.4,746.51,0.07,2026-03-19 18:36:57.202,30,Safe
25.67,6.0,24.61,746.64,4.25,2026-03-19 18:39:57.202,30,Safe
25.58,6.0,19.62,746.89,0.24,2026-03-19 18:42:57.202,15,Safe
25.55,6.0,21.93,747.42,1.78,2026-03-19 18:45:57.202,30,Safe
25.51,6.0,22.34,747.85,4.42,2026-03-19 18:48:57.202,30,Safe
25.6,6.0,19.94,748.73,0.6,2026-03-19 18:51:57.202,15,Safe
25.52,6.0,22.09,748.11,4.01,2026-03-19 18:54:57.202,30,Safe
25.6,6.0,20.96,748.55,4.54,2026-03-19 18:57:57.202,30,Safe
25.6,6.0,20.69,747.89,1.81,2026-03-19 19:00:57.202,30,Safe
25.59,6.01,21.87,747.39,3.02,2026-03-19 19:03:57.202,30,Safe
25.58,6.01,22.53,747.1,0.67,2026-03-19 19:06:57.202,30,Safe
25.64,6.0,23.5,745.95,3.27,2026-03-19 19:09:57.202,30,Safe
25.6,6.01,18.16,746.06,4.93,2026-03-19 19:12:57.202,15,Safe
25.61,6.04,22.86,747.53,3.0,2026-03-19 19:15:57.202,30,Safe
25.67,6.05,22.15,747.57,4.87,2026-03-19 19:18:57.202,30,Safe
25.67,6.07,19.93,746.78,1.2,2026-03-19 19:21:57.202,15,Safe
25.62,6.05,22.72,745.44,3.64,2026-03-19 19:24:57.202,30,Safe
25.66,6.06,20.87,744.9,3.86,2026-03-19 19:27:57.202,30,Safe
25.64,6.06,21.15,744.92,4.66,2026-03-19 19:30:57.202,30,Safe
25.74,6.06,19.63,744.97,2.68,2026-03-19 19:33:57.202,15,Safe
25.61,6.09,20.47,745.78,2.98,2026-03-19 19:36:57.202,30,Safe
25.56,6.11,16.76,744.47,4.9,2026-03-19 19:39:57.202,15,Safe
25.58,6.1,24.25,744.92,4.77,2026-03-19 19:42:57.202,30,Safe
25.6,6.09,23.51,746.17,3.59,2026-03-19 19:45:57.202,30,Safe
25.65,6.1,17.89,746.8,3.43,2026-03-19 19:48:57.202,15,Safe
25.52,6.09,23.87,747.56,4.66,2026-03-19 19:51:57.202,30,Safe
25.55,6.08,20.38,747.38,1.3,2026-03-19 19:54:57.202,30,Safe
25.65,6.08,18.79,746.63,0.13,2026-03-19 19:57:57.202,15,Safe
25.72,6.09,22.82,748.06,1.62,2026-03-19 20:00:57.202,30,Safe
25.7,6.09,20.01,748.06,4.07,2026-03-19 20:03:57.202,30,Safe
25.62,6.09,21.81,748.58,4.28,2026-03-19 20:06:57.202,30,Safe
25.69,6.08,19.28,748.46,4.84,2026-03-19 20:09:57.202,15,Safe
25.62,6.1,21.17,749.18,0.99,2026-03-19 20:12:57.202,30,Safe
25.55,6.12,22.4,748.34,3.63,2026-03-19 20:15:57.202,30,Safe
25.55,6.14,18.74,748.84,1.17,2026-03-19 20:18:57.202,15,Safe
25.67,6.15,18.55,749.08,1.82,2026-03-19 20:21:57.202,15,Safe
25.78,6.17,21.48,749.55,4.86,2026-03-19 20:24:57.202,30,Safe
25.66,6.17,20.64,749.87,2.53,2026-03-19 20:27:57.202,30,Safe
25.59,6.18,18.21,751.28,4.9,2026-03-19 20:30:57.202,15,Safe
25.66,6.2,18.05,750.79,2.17,2026-03-19 20:33:57.202,15,Safe
25.71,6.2,23.03,749.83,4.85,2026-03-19 20:36:57.202,30,Safe
25.7,6.18,18.44,749.35,4.99,2026-03-19 20:39:57.202,15,Safe
25.68,6.2,18.01,749.81,4.79,2026-03-19 20:42:57.202,15,Safe
25.64,6.2,19.3,749.32,4.49,2026-03-19 20:45:57.202,15,Safe
25.57,6.18,22.48,749.66,4.49,2026-03-19 20:48:57.202,30,Safe
25.56,6.17,20.02,749.51,3.3,2026-03-19 20:51:57.202,30,Safe
25.58,6.16,19.28,748.3,1.83,2026-03-19 20:54:57.202,15,Safe
25.65,6.17,20.57,748.01,1.84,2026-03-19 20:57:57.202,30,Safe
25.65,6.18,21.0,747.81,0.46,2026-03-19 21:00:57.202,30,Safe
25.61,6.17,19.94,747.73,0.69,2026-03-19 21:03:57.202,15,Safe
25.6,6.18,18.13,747.09,1.54,2026-03-19 21:06:57.202,15,Safe
25.63,6.19,21.22,748.15,2.83,2026-03-19 21:09:57.202,30,Safe
25.7,6.19,19.13,747.44,3.26,2026-03-19 21:12:57.202,15,Safe
25.59,6.2,16.77,747.44,4.2,2026-03-19 21:15:57.202,15,Safe
25.54,6.21,17.4,747.74,1.64,2026-03-19 21:18:57.202,15,Safe
25.51,6.2,19.85,747.1,0.35,2026-03-19 21:21:57.202,15,Safe
25.49,6.19,19.15,746.76,3.55,2026-03-19 21:24:57.202,15,Safe
25.63,6.21,21.19,746.16,2.97,2026-03-19 21:27:57.202,30,Safe
25.59,6.17,18.12,746.07,0.17,2026-03-19 21:30:57.202,15,Safe
25.53,6.16,18.09,745.95,4.81,2026-03-19 21:33:57.202,15,Safe
25.54,6.16,20.44,745.56,2.97,2026-03-19 21:36:57.202,30,Safe
25.51,6.17,18.4,745.28,4.27,2026-03-19 21:39:57.202,15,Safe
25.54,6.16,22.94,745.43,2.17,2026-03-19 21:42:57.202,30,Safe
25.64,6.18,18.85,745.64,4.48,2026-03-19 21:45:57.202,15,Safe
25.65,6.16,18.9,745.23,2.25,2026-03-19 21:48:57.202,15,Safe
25.56,6.16,18.67,746.59,0.24,2026-03-19 21:51:57.202,15,Safe
25.57,6.15,20.42,747.46,2.61,2026-03-19 21:54:57.202,30,Safe
25.52,6.17,22.57,747.97,0.58,2026-03-19 21:57:57.202,30,Safe
25.59,6.19,20.52,747.88,2.36,2026-03-19 22:00:57.202,30,Safe
25.6,6.2,18.98,747.76,0.74,2026-03-19 22:03:57.202,15,Safe
25.51,6.19,19.36,746.86,2.31,2026-03-19 22:06:57.202,15,Safe
25.62,6.2,18.76,746.98,2.78,2026-03-19 22:09:57.202,15,Safe
25.62,6.19,21.57,747.58,1.64,2026-03-19 22:12:57.202,30,Safe
25.63,6.2,18.95,748.02,0.79,2026-03-19 22:15:57.202,15,Safe
25.52,6.22,19.66,746.99,1.16,2026-03-19 22:18:57.202,15,Safe
25.52,6.24,16.62,746.86,3.96,2026-03-19 22:21:57.202,15,Safe
25.43,6.29,19.97,746.7,4.02,2026-03-19 22:24:57.202,15,Safe
25.58,6.27,16.58,747.21,0.29,2026-03-19 22:27:57.202,15,Safe
25.59,6.3,17.19,749.0,0.91,2026-03-19 22:30:57.202,15,Safe
25.63,6.31,19.66,749.24,0.68,2026-03-19 22:33:57.202,15,Safe
25.55,6.31,20.45,750.98,0.34,2026-03-19 22:36:57.202,30,Safe
25.59,6.31,19.42,750.88,3.05,2026-03-19 22:39:57.202,15,Safe
25.6,6.34,18.88,750.7,1.15,2026-03-19 22:42:57.202,15,Safe
25.63,6.34,17.12,750.98,2.7,2026-03-19 22:45:57.202,15,Safe
25.62,6.31,19.37,750.83,0.82,2026-03-19 22:48:57.202,15,Safe
25.68,6.32,18.65,750.7,2.31,2026-03-19 22:51:57.202,15,Safe
25.69,6.31,20.16,749.07,3.0,2026-03-19 22:54:57.202,30,Safe
25.67,6.29,20.06,749.54,3.14,2026-03-19 22:57:57.202,30,Safe
25.53,6.29,19.61,748.59,3.79,2026-03-19 23:00:57.202,15,Safe
25.58,6.29,19.96,748.94,0.38,2026-03-19 23:03:57.202,15,Safe
25.71,6.3,20.75,750.52,2.76,2026-03-19 23:06:57.202,30,Safe
25.6,6.29,18.91,750.2,3.47,2026-03-19 23:09:57.202,15,Safe
25.62,6.28,20.28,751.62,3.68,2026-03-19 23:12:57.202,30,Safe
25.62,6.26,20.31,751.17,0.91,2026-03-19 23:15:57.202,30,Safe
25.6,6.3,19.64,752.02,1.91,2026-03-19 23:18:57.202,15,Safe
25.52,6.31,19.51,751.84,4.52,2026-03-19 23:21:57.202,15,Safe
25.5,6.3,19.65,752.34,4.3,2026-03-19 23:24:57.202,15,Safe
25.52,6.29,18.95,751.94,3.12,2026-03-19 23:27:57.202,15,Safe
25.59,6.3,20.91,750.56,111.73,2026-03-19 23:30:57.202,30,Safe
25.47,6.3,18.2,750.56,100.0,2026-03-19 23:33:57.202,15,Safe
25.49,6.31,22.02,750.0,95.7,2026-03-19 23:36:57.202,30,Safe
25.52,6.31,17.54,750.92,31.19,2026-03-19 23:39:57.202,15,Safe
25.59,6.29,20.3,750.22,69.01,2026-03-19 23:42:57.202,30,Safe
25.65,6.28,22.03,750.49,71.12,2026-03-19 23:45:57.202,30,Safe
25.69,6.27,18.14,751.29,54.07,2026-03-19 23:48:57.202,15,Safe
25.68,6.27,20.57,752.05,46.29,2026-03-19 23:51:57.202,30,Safe
25.69,6.27,22.81,751.08,102.87,2026-03-19 23:54:57.202,30,Safe
25.61,6.24,18.79,751.23,69.68,2026-03-19 23:57:57.202,15,Safe
25.53,6.24,18.2,751.53,28.58,2026-03-20 00:00:57.202,15,Safe
25.45,6.2,19.19,751.39,21.72,2026-03-20 00:03:57.202,15,Safe
25.56,6.21,18.48,750.64,105.5,2026-03-20 00:06:57.202,15,Safe
25.57,6.22,19.03,752.29,87.52,2026-03-20 00:09:57.202,15,Safe
25.72,6.22,19.84,751.93,87.26,2026-03-20 00:12:57.202,15,Safe
25.67,6.24,20.73,752.17,15.4,2026-03-20 00:15:57.202,30,Safe
25.68,6.25,22.01,753.13,31.99,2026-03-20 00:18:57.202,30,Safe
25.66,6.23,18.99,754.52,101.38,2026-03-20 00:21:57.202,15,Safe
25.65,6.23,18.31,753.53,85.68,2026-03-20 00:24:57.202,15,Safe
25.65,6.22,21.2,751.65,110.87,2026-03-20 00:27:57.202,30,Safe
25.63,6.23,20.74,752.59,34.94,2026-03-20 00:30:57.202,30,Safe
25.61,6.2,19.18,752.35,51.68,2026-03-20 00:33:57.202,15,Safe
25.56,6.21,18.44,751.76,115.03,2026-03-20 00:36:57.202,15,Safe
25.56,6.21,22.28,751.04,71.51,2026-03-20 00:39:57.202,30,Safe
25.47,6.21,21.15,750.52,67.83,2026-03-20 00:42:57.202,30,Safe
25.57,6.21,20.93,751.39,85.93,2026-03-20 00:45:57.202,30,Safe
25.56,6.19,20.63,750.12,106.34,2026-03-20 00:48:57.202,30,Safe
25.64,6.21,19.81,751.25,78.25,2026-03-20 00:51:57.202,15,Safe
25.44,6.22,16.97,750.28,64.89,2026-03-20 00:54:57.202,15,Safe
25.5,6.21,18.68,749.61,73.09,2026-03-20 00:57:57.202,15,Safe
25.56,6.23,19.12,749.51,68.45,2026-03-20 01:00:57.202,15,Safe
25.62,6.23,20.63,749.05,56.86,2026-03-20 01:03:57.202,30,Safe
25.64,6.19,18.78,750.33,32.5,2026-03-20 01:06:57.202,15,Safe
25.6,6.21,19.4,750.92,63.16,2026-03-20 01:09:57.202,15,Safe
25.56,6.21,19.29,751.94,95.87,2026-03-20 01:12:57.202,15,Safe
25.62,6.24,17.58,750.68,39.88,2026-03-20 01:15:57.202,15,Safe
25.64,6.21,20.02,750.57,115.81,2026-03-20 01:18:57.202,30,Safe
25.77,6.23,20.15,750.39,106.29,2026-03-20 01:21:57.202,30,Safe
25.74,6.23,19.63,749.6,61.02,2026-03-20 01:24:57.202,15,Safe
25.65,6.21,19.41,749.67,27.42,2026-03-20 01:27:57.202,15,Safe
25.67,6.21,21.2,748.55,260.34,2026-03-20 01:30:57.202,30,Safe
25.66,6.23,19.92,750.01,702.53,2026-03-20 01:33:57.202,15,Safe
25.66,6.24,19.37,749.87,360.62,2026-03-20 01:36:57.202,15,Safe
25.57,6.26,20.92,749.52,311.48,2026-03-20 01:39:57.202,30,Safe
25.69,6.28,19.83,749.39,167.77,2026-03-20 01:42:57.202,15,Safe
25.57,6.28,21.07,749.84,651.05,2026-03-20 01:45:57.202,30,Safe
25.64,6.28,21.87,749.38,667.52,2026-03-20 01:48:57.202,30,Safe
25.58,6.27,21.85,749.31,503.69,2026-03-20 01:51:57.202,30,Safe
25.57,6.27,20.14,750.13,280.55,2026-03-20 01:54:57.202,30,Safe
25.56,6.26,20.37,748.94,276.73,2026-03-20 01:57:57.202,30,Safe
25.6,6.29,17.89,748.59,558.08,2026-03-20 02:00:57.202,15,Safe
25.6,6.28,20.33,748.52,389.55,2026-03-20 02:03:57.202,30,Safe
25.56,6.29,19.52,749.98,663.51,2026-03-20 02:06:57.202,15,Safe
25.61,6.3,20.08,749.84,112.05,2026-03-20 02:09:57.202,30,Safe
25.66,6.31,20.87,749.09,525.73,2026-03-20 02:12:57.202,30,Safe
25.68,6.31,22.05,749.85,415.79,2026-03-20 02:15:57.202,30,Safe
25.49,6.3,21.42,749.14,453.81,2026-03-20 02:18:57.202,30,Safe
25.47,6.29,18.86,750.36,164.96,2026-03-20 02:21:57.202,15,Safe
25.55,6.28,20.82,751.73,406.45,2026-03-20 02:24:57.202,30,Safe
25.5,6.25,20.45,752.65,659.01,2026-03-20 02:27:57.202,30,Safe
25.59,6.23,30.97,757.86,2628.55,2026-03-20 02:30:57.202,45,Moderate
25.64,6.22,30.46,764.15,2172.17,2026-03-20 02:33:57.202,45,Moderate
25.7,6.19,32.58,767.76,2442.24,2026-03-20 02:36:57.202,45,Moderate
25.53,6.17,26.18,772.91,1962.89,2026-03-20 02:39:57.202,30,Safe
25.63,6.16,28.59,775.66,2389.15,2026-03-20 02:42:57.202,30,Safe
25.6,6.15,33.69,778.35,2586.75,2026-03-20 02:45:57.202,45,Moderate
25.59,6.12,29.31,783.41,2110.99,2026-03-20 02:48:57.202,30,Safe
25.54,6.14,37.3,785.21,1740.04,2026-03-20 02:51:57.202,45,Moderate
25.54,6.12,32.19,790.78,2205.03,2026-03-20 02:54:57.202,45,Moderate
25.53,6.13,33.78,793.05,2249.38,2026-03-20 02:57:57.202,45,Moderate
25.5,6.12,36.86,795.74,1512.81,2026-03-20 03:00:57.202,45,Moderate
25.72,6.11,30.34,796.93,2205.59,2026-03-20 03:03:57.202,45,Moderate
25.67,6.1,30.34,796.65,2220.52,2026-03-20 03:06:57.202,45,Moderate
25.7,6.1,28.05,795.85,1768.73,2026-03-20 03:09:57.202,30,Safe
25.6,6.08,26.75,797.38,2437.99,2026-03-20 03:12:57.202,30,Safe
25.54,6.11,25.58,796.6,1798.44,2026-03-20 03:15:57.202,30,Safe
25.5,6.11,26.7,798.84,2384.03,2026-03-20 03:18:57.202,30,Safe
25.56,6.11,24.03,798.71,2793.61,2026-03-20 03:21:57.202,30,Safe
25.62,6.12,26.24,797.67,1903.12,2026-03-20 03:24:57.202,30,Safe
25.64,6.09,26.15,799.31,2009.05,2026-03-20 03:27:57.202,30,Safe
25.59,6.07,25.62,800.0,1398.33,2026-03-20 03:30:57.202,30,Safe
25.56,6.09,24.18,800.0,2381.88,2026-03-20 03:33:57.202,30,Safe
25.55,6.1,25.8,800.0,2511.06,2026-03-20 03:36:57.202,30,Safe
25.62,6.1,24.73,800.0,2137.47,2026-03-20 03:39:57.202,30,Safe
25.62,6.09,27.67,800.0,1543.03,2026-03-20 03:42:57.202,30,Safe
25.53,6.08,27.46,800.0,1671.53,2026-03-20 03:45:57.202,30,Safe
25.52,6.07,25.6,800.0,2768.7,2026-03-20 03:48:57.202,30,Safe
25.57,6.06,25.9,799.85,1443.09,2026-03-20 03:51:57.202,30,Safe
25.65,6.04,26.38,799.49,1483.37,2026-03-20 03:54:57.202,30,Safe
25.68,6.06,20.56,800.0,2845.92,2026-03-20 03:57:57.202,30,Safe
25.68,6.03,23.55,800.0,1437.08,2026-03-20 04:00:57.202,30,Safe
25.63,6.02,24.91,800.0,1896.36,2026-03-20 04:03:57.202,30,Safe
25.62,6.02,26.6,799.92,2295.5,2026-03-20 04:06:57.202,30,Safe
25.64,6.0,25.48,800.0,2288.19,2026-03-20 04:09:57.202,30,Safe
25.48,6.0,24.78,800.0,1911.32,2026-03-20 04:12:57.202,30,Safe
25.42,6.0,26.86,799.99,2023.95,2026-03-20 04:15:57.202,30,Safe
25.51,6.0,23.84,800.0,2010.98,2026-03-20 04:18:57.202,30,Safe
25.47,6.0,26.79,800.0,1477.85,2026-03-20 04:21:57.202,30,Safe
25.54,6.03,27.19,799.87,1664.24,2026-03-20 04:24:57.202,30,Safe
25.56,6.05,25.07,800.0,1832.99,2026-03-20 04:27:57.202,30,Safe
25.71,6.05,25.73,799.45,2424.28,2026-03-20 04:30:57.202,30,Safe
25.69,6.05,24.01,799.92,1467.63,2026-03-20 04:33:57.202,30,Safe
25.79,6.04,24.35,800.0,2263.12,2026-03-20 04:36:57.202,30,Safe
25.73,6.03,24.41,800.0,2624.64,2026-03-20 04:39:57.202,30,Safe
25.89,6.02,23.67,798.97,1779.94,2026-03-20 04:42:57.202,30,Safe
25.91,6.01,24.03,798.38,2502.81,2026-03-20 04:45:57.202,30,Safe
25.87,6.02,27.77,797.97,2047.45,2026-03-20 04:48:57.202,30,Safe
25.78,6.02,23.66,797.72,2430.18,2026-03-20 04:51:57.202,30,Safe
25.79,6.01,24.6,798.86,2206.7,2026-03-20 04:54:57.202,30,Safe
25.75,6.02,24.36,798.87,1829.8,2026-03-20 04:57:57.202,30,Safe
25.84,6.03,29.53,798.79,1930.35,2026-03-20 05:00:57.202,30,Safe
25.92,6.03,23.79,799.67,2133.25,2026-03-20 05:03:57.202,30,Safe
25.95,6.04,25.07,800.0,1603.75,2026-03-20 05:06:57.202,30,Safe
25.97,6.04,26.22,799.5,2165.57,2026-03-20 05:09:57.202,30,Safe
25.91,6.01,23.34,800.0,1779.79,2026-03-20 05:12:57.202,30,Safe
25.72,6.03,25.99,799.7,2021.03,2026-03-20 05:15:57.202,30,Safe
25.81,6.03,26.64,800.0,1953.57,2026-03-20 05:18:57.202,30,Safe
25.83,6.02,23.47,800.0,1614.84,2026-03-20 05:21:57.202,30,Safe
25.81,6.01,24.69,800.0,2173.69,2026-03-20 05:24:57.202,30,Safe
25.78,6.0,22.94,799.61,2371.75,2026-03-20 05:27:57.202,30,Safe
25.77,6.03,24.21,799.83,1286.5,2026-03-20 05:30:57.202,30,Safe
25.83,6.03,24.43,799.43,2307.24,2026-03-20 05:33:57.202,30,Safe
25.83,6.02,25.17,799.62,1555.4,2026-03-20 05:36:57.202,30,Safe
25.82,6.0,22.96,799.08,1959.43,2026-03-20 05:39:57.202,30,Safe
25.65,6.0,22.77,799.29,2348.41,2026-03-20 05:42:57.202,30,Safe
25.73,6.03,22.79,800.0,1850.58,2026-03-20 05:45:57.202,30,Safe
25.77,6.01,23.75,800.0,2038.74,2026-03-20 05:48:57.202,30,Safe
25.72,6.01,21.37,800.0,1288.44,2026-03-20 05:51:57.202,30,Safe
25.79,6.0,21.62,799.63,1799.71,2026-03-20 05:54:57.202,30,Safe
25.79,6.0,21.66,800.0,2753.86,2026-03-20 05:57:57.202,30,Safe
25.85,6.0,23.55,799.55,2769.23,2026-03-20 06:00:57.202,30,Safe
25.85,6.0,23.43,798.29,1904.63,2026-03-20 06:03:57.202,30,Safe
25.73,6.0,20.68,799.3,1624.49,2026-03-20 06:06:57.202,30,Safe
25.77,6.01,20.68,798.01,2321.87,2026-03-20 06:09:57.202,30,Safe
25.74,6.01,25.7,799.28,2519.72,2026-03-20 06:12:57.202,30,Safe
25.82,6.01,21.89,800.0,2739.73,2026-03-20 06:15:57.202,30,Safe
25.81,6.0,21.88,799.89,2491.87,2026-03-20 06:18:57.202,30,Safe
25.82,6.0,20.25,800.0,2562.41,2026-03-20 06:21:57.202,30,Safe
25.85,6.0,19.9,800.0,2588.43,2026-03-20 06:24:57.202,15,Safe
25.85,6.0,23.21,800.0,2025.96,2026-03-20 06:27:57.202,30,Safe
25.79,6.0,23.15,799.4,1469.63,2026-03-20 06:30:57.202,30,Safe
25.8,6.0,22.68,800.0,2563.14,2026-03-20 06:33:57.202,30,Safe
25.69,6.01,24.57,800.0,1971.12,2026-03-20 06:36:57.202,30,Safe
25.78,6.0,22.02,800.0,1271.87,2026-03-20 06:39:57.202,30,Safe
25.78,6.02,22.98,800.0,2102.15,2026-03-20 06:42:57.202,30,Safe
25.78,6.04,23.93,800.0,2325.44,2026-03-20 06:45:57.202,30,Safe
25.72,6.04,22.9,799.4,2286.13,2026-03-20 06:48:57.202,30,Safe
25.76,6.04,24.05,800.0,2353.64,2026-03-20 06:51:57.202,30,Safe
25.76,6.04,22.38,799.53,2706.72,2026-03-20 06:54:57.202,30,Safe
25.82,6.03,23.76,800.0,1964.3,2026-03-20 06:57:57.202,30,Safe
25.79,6.03,21.44,800.0,2160.01,2026-03-20 07:00:57.202,30,Safe
25.83,6.03,21.19,800.0,1592.79,2026-03-20 07:03:57.202,30,Safe
25.88,6.03,21.02,800.0,2424.69,2026-03-20 07:06:57.202,30,Safe
25.84,6.04,23.21,800.0,2087.06,2026-03-20 07:09:57.202,30,Safe
25.88,6.04,20.76,800.0,1622.92,2026-03-20 07:12:57.202,30,Safe
25.78,6.04,22.25,800.0,2339.8,2026-03-20 07:15:57.202,30,Safe
25.8,6.05,21.94,800.0,2002.33,2026-03-20 07:18:57.202,30,Safe
25.9,6.07,21.54,800.0,1592.46,2026-03-20 07:21:57.202,30,Safe
25.76,6.06,22.9,800.0,1363.68,2026-03-20 07:24:57.202,30,Safe
25.8,6.05,22.86,800.0,2631.44,2026-03-20 07:27:57.202,30,Safe
25.67,6.05,23.28,800.0,2337.13,2026-03-20 07:30:57.202,30,Safe
25.63,6.04,18.92,799.91,1603.71,2026-03-20 07:33:57.202,15,Safe
25.77,6.04,21.27,799.87,2270.35,2026-03-20 07:36:57.202,30,Safe
25.79,6.03,22.47,799.39,1917.93,2026-03-20 07:39:57.202,30,Safe
25.75,6.03,21.54,800.0,2091.86,2026-03-20 07:42:57.202,30,Safe
25.92,6.02,23.84,799.76,1582.51,2026-03-20 07:45:57.202,30,Safe
25.88,6.05,23.44,800.0,2858.56,2026-03-20 07:48:57.202,30,Safe
25.91,6.08,18.39,798.95,1424.69,2026-03-20 07:51:57.202,15,Safe
25.89,6.07,22.88,798.1,1680.78,2026-03-20 07:54:57.202,30,Safe
25.84,6.07,21.86,799.2,1497.4,2026-03-20 07:57:57.202,30,Safe
25.85,6.08,20.6,800.0,1603.34,2026-03-20 08:00:57.202,30,Safe
25.85,6.08,22.96,799.39,2513.85,2026-03-20 08:03:57.202,30,Safe
25.73,6.08,19.84,799.85,2446.62,2026-03-20 08:06:57.202,15,Safe
25.9,6.1,20.08,799.44,1805.95,2026-03-20 08:09:57.202,30,Safe
25.82,6.1,21.77,800.0,2487.57,2026-03-20 08:12:57.202,30,Safe
25.83,6.09,20.46,800.0,2610.85,2026-03-20 08:15:57.202,30,Safe
25.88,6.08,19.4,800.0,2286.28,2026-03-20 08:18:57.202,15,Safe
25.93,6.11,21.91,800.0,2687.8,2026-03-20 08:21:57.202,30,Safe
25.82,6.09,20.35,799.1,2609.3,2026-03-20 08:24:57.202,30,Safe
25.78,6.11,22.38,798.47,2040.11,2026-03-20 08:27:57.202,30,Safe
25.81,6.1,18.86,796.55,1753.78,2026-03-20 08:30:57.202,15,Safe
25.81,6.11,21.1,797.01,2614.32,2026-03-20 08:33:57.202,30,Safe
25.85,6.09,21.38,797.14,1766.32,2026-03-20 08:36:57.202,30,Safe
25.81,6.07,20.22,798.13,2692.45,2026-03-20 08:39:57.202,30,Safe
25.74,6.06,19.0,797.81,1909.89,2026-03-20 08:42:57.202,15,Safe
25.88,6.06,17.16,798.01,1538.97,2026-03-20 08:45:57.202,15,Safe
25.88,6.05,21.78,797.77,1205.22,2026-03-20 08:48:57.202,30,Safe
26.0,6.05,19.54,797.62,1687.51,2026-03-20 08:51:57.202,15,Safe
25.97,6.04,19.15,795.83,2849.97,2026-03-20 08:54:57.202,15,Safe
25.85,6.07,17.69,796.41,1591.51,2026-03-20 08:57:57.202,15,Safe
25.82,6.08,20.44,797.09,1981.06,2026-03-20 09:00:57.202,30,Safe
25.77,6.08,19.81,797.37,1836.01,2026-03-20 09:03:57.202,15,Safe
25.79,6.09,20.24,796.95,2104.91,2026-03-20 09:06:57.202,30,Safe
25.87,6.1,22.77,797.17,2452.26,2026-03-20 09:09:57.202,30,Safe
25.8,6.08,19.87,794.76,1844.29,2026-03-20 09:12:57.202,15,Safe
25.81,6.1,19.67,795.35,1850.05,2026-03-20 09:15:57.202,15,Safe
25.77,6.1,22.44,795.93,1550.62,2026-03-20 09:18:57.202,30,Safe
25.83,6.1,21.54,795.4,1316.6,2026-03-20 09:21:57.202,30,Safe
25.83,6.11,21.36,794.79,2140.99,2026-03-20 09:24:57.202,30,Safe
25.82,6.1,18.38,793.5,2024.43,2026-03-20 09:27:57.202,15,Safe
25.82,6.11,19.47,791.82,1659.47,2026-03-20 09:30:57.202,15,Safe
25.87,6.12,18.46,791.98,1572.57,2026-03-20 09:33:57.202,15,Safe
25.82,6.1,19.66,791.35,1929.71,2026-03-20 09:36:57.202,15,Safe
25.86,6.09,21.13,792.48,1733.82,2026-03-20 09:39:57.202,30,Safe
25.86,6.09,17.47,793.5,2451.82,2026-03-20 09:42:57.202,15,Safe
25.79,6.08,19.68,793.57,2275.88,2026-03-20 09:45:57.202,15,Safe
25.81,6.07,19.23,792.44,1539.02,2026-03-20 09:48:57.202,15,Safe
25.85,6.05,19.93,790.78,1539.02,2026-03-20 09:51:57.202,15,Safe
25.78,6.05,18.23,790.44,2042.13,2026-03-20 09:54:57.202,15,Safe
25.9,6.04,21.04,789.16,2654.64,2026-03-20 09:57:57.202,30,Safe
25.84,6.05,17.67,790.51,1360.07,2026-03-20 10:00:57.202,15,Safe
25.8,6.06,18.72,790.2,1728.13,2026-03-20 10:03:57.202,15,Safe
25.87,6.05,19.72,790.34,1670.47,2026-03-20 10:06:57.202,15,Safe
25.86,6.05,19.0,790.51,2519.93,2026-03-20 10:09:57.202,15,Safe
25.92,6.06,17.81,791.61,1397.49,2026-03-20 10:12:57.202,15,Safe
26.03,6.06,19.75,791.96,2931.12,2026-03-20 10:15:57.202,15,Safe
25.87,6.06,19.28,792.41,2643.55,2026-03-20 10:18:57.202,15,Safe
25.92,6.05,17.22,793.61,1989.13,2026-03-20 10:21:57.202,15,Safe
25.84,6.05,19.97,792.86,1880.37,2026-03-20 10:24:57.202,15,Safe
25.84,6.05,19.89,793.01,2702.3,2026-03-20 10:27:57.202,15,Safe
25.51,6.02,55.01,793.81,512.15,2026-03-20 10:30:57.202,45,Moderate
25.14,6.03,45.77,795.97,91.88,2026-03-20 10:33:57.202,45,Moderate
24.89,6.03,54.73,797.23,228.02,2026-03-20 10:36:57.202,45,Moderate
24.83,6.01,48.44,800.0,117.24,2026-03-20 10:39:57.202,45,Moderate
24.56,6.0,55.54,800.0,360.53,2026-03-20 10:42:57.202,45,Moderate
24.36,6.0,59.23,800.0,626.7,2026-03-20 10:45:57.202,45,Moderate
24.4,6.01,54.06,799.8,190.5,2026-03-20 10:48:57.202,45,Moderate
24.37,6.0,62.38,800.0,209.68,2026-03-20 10:51:57.202,45,Moderate
24.39,6.0,40.54,800.0,256.34,2026-03-20 10:54:57.202,45,Moderate
24.28,6.0,52.23,800.0,126.89,2026-03-20 10:57:57.202,45,Moderate
24.31,6.0,54.6,799.92,538.7,2026-03-20 11:00:57.202,45,Moderate
24.15,6.0,47.46,800.0,206.56,2026-03-20 11:03:57.202,45,Moderate
24.25,6.0,59.21,800.0,589.44,2026-03-20 11:06:57.202,45,Moderate
24.19,6.0,56.44,800.0,153.93,2026-03-20 11:09:57.202,45,Moderate
24.24,6.0,48.95,800.0,94.25,2026-03-20 11:12:57.202,45,Moderate
24.07,6.0,46.25,800.0,159.25,2026-03-20 11:15:57.202,45,Moderate
24.18,6.0,56.43,800.0,193.72,2026-03-20 11:18:57.202,45,Moderate
24.08,6.0,58.43,800.0,260.99,2026-03-20 11:21:57.202,45,Moderate
24.07,6.0,47.43,800.0,571.83,2026-03-20 11:24:57.202,45,Moderate
24.0,6.0,58.75,799.81,546.88,2026-03-20 11:27:57.202,45,Moderate
24.03,6.01,59.46,800.0,108.46,2026-03-20 11:30:57.202,45,Moderate
23.82,6.0,66.19,800.0,126.27,2026-03-20 11:33:57.202,65,High
23.54,6.0,50.95,800.0,93.86,2026-03-20 11:36:57.202,65,High
23.48,6.0,58.35,800.0,85.6,2026-03-20 11:39:57.202,65,High
23.33,6.0,51.26,800.0,137.3,2026-03-20 11:42:57.202,65,High
23.13,6.0,71.26,800.0,66.62,2026-03-20 11:45:57.202,65,High
22.8,6.0,67.78,800.0,104.58,2026-03-20 11:48:57.202,65,High
22.83,6.0,54.13,800.0,115.25,2026-03-20 11:51:57.202,65,High
22.73,6.0,54.13,800.0,108.03,2026-03-20 11:54:57.202,65,High
22.71,6.0,52.36,799.25,31.51,2026-03-20 11:57:57.202,65,High
22.72,6.0,58.59,800.0,37.56,2026-03-20 12:00:57.202,65,High
22.76,6.0,55.77,800.0,109.26,2026-03-20 12:03:57.202,65,High
22.86,6.0,63.87,800.0,55.09,2026-03-20 12:06:57.202,65,High
22.71,6.0,59.9,800.0,80.99,2026-03-20 12:09:57.202,65,High
22.73,6.0,68.7,800.0,74.34,2026-03-20 12:12:57.202,65,High
22.64,6.0,53.51,800.0,110.76,2026-03-20 12:15:57.202,65,High
22.69,6.01,59.93,800.0,124.59,2026-03-20 12:18:57.202,65,High
22.64,6.01,72.33,800.0,91.62,2026-03-20 12:21:57.202,65,High
22.66,6.0,65.48,800.0,78.6,2026-03-20 12:24:57.202,65,High
22.61,6.0,68.45,800.0,95.83,2026-03-20 12:27:57.202,65,High
22.54,6.0,69.65,800.0,67.98,2026-03-20 12:30:57.202,65,High
22.51,6.0,69.64,800.0,57.35,2026-03-20 12:33:57.202,65,High
22.6,6.0,75.01,800.0,79.71,2026-03-20 12:36:57.202,65,High
22.48,6.0,74.05,800.0,177.7,2026-03-20 12:39:57.202,65,High
22.64,6.0,71.98,800.0,139.52,2026-03-20 12:42:57.202,65,High
22.48,6.0,77.26,800.0,38.05,2026-03-20 12:45:57.202,65,High
22.33,6.0,72.32,800.0,150.73,2026-03-20 12:48:57.202,65,High
22.5,6.0,85.11,800.0,145.51,2026-03-20 12:51:57.202,65,High
22.59,6.0,77.57,800.0,61.13,2026-03-20 12:54:57.202,65,High
22.59,6.0,95.56,800.0,79.43,2026-03-20 12:57:57.202,65,High
22.48,6.0,87.44,800.0,154.01,2026-03-20 13:00:57.202,65,High
22.58,6.0,78.51,800.0,73.52,2026-03-20 13:03:57.202,65,High
22.5,6.0,69.25,800.0,33.68,2026-03-20 13:06:57.202,65,High
22.47,6.0,69.78,800.0,47.9,2026-03-20 13:09:57.202,65,High
22.46,6.0,89.95,800.0,169.02,2026-03-20 13:12:57.202,65,High
22.45,6.0,76.14,800.0,92.24,2026-03-20 13:15:57.202,65,High
22.27,6.0,67.85,800.0,74.42,2026-03-20 13:18:57.202,65,High
22.34,6.0,80.92,800.0,91.23,2026-03-20 13:21:57.202,65,High
22.4,6.0,82.69,799.6,121.31,2026-03-20 13:24:57.202,65,High
22.5,6.0,70.91,800.0,156.1,2026-03-20 13:27:57.202,65,High
22.51,6.0,69.17,800.0,10.19,2026-03-20 13:30:57.202,65,High
22.64,6.0,90.4,800.0,12.34,2026-03-20 13:33:57.202,65,High
22.59,6.0,79.17,800.0,6.24,2026-03-20 13:36:57.202,65,High
22.44,6.0,77.46,800.0,18.18,2026-03-20 13:39:57.202,65,High
22.49,6.0,85.46,800.0,12.93,2026-03-20 13:42:57.202,65,High
22.41,6.0,85.11,799.92,8.87,2026-03-20 13:45:57.202,65,High
22.42,6.0,85.46,800.0,5.9,2026-03-20 13:48:57.202,65,High
22.53,6.0,83.19,800.0,9.01,2026-03-20 13:51:57.202,65,High
22.67,6.0,82.75,800.0,12.55,2026-03-20 13:54:57.202,65,High
22.6,6.0,79.36,800.0,17.57,2026-03-20 13:57:57.202,65,High
22.61,6.0,84.64,800.0,12.54,2026-03-20 14:00:57.202,65,High
22.58,6.0,89.63,799.49,3.61,2026-03-20 14:03:57.202,65,High
22.52,6.0,78.44,800.0,15.25,2026-03-20 14:06:57.202,65,High
24.09,6.0,54.44,799.33,1113.26,2026-03-20 14:09:57.202,45,Moderate
24.79,6.0,53.28,800.0,559.92,2026-03-20 14:12:57.202,45,Moderate
25.11,6.0,54.0,800.0,893.56,2026-03-20 14:15:57.202,45,Moderate
25.23,6.0,54.27,799.49,1201.92,2026-03-20 14:18:57.202,45,Moderate
25.47,6.02,53.42,800.0,1083.02,2026-03-20 14:21:57.202,45,Moderate
25.56,6.0,53.85,800.0,566.21,2026-03-20 14:24:57.202,45,Moderate
25.55,6.0,52.79,799.0,1192.84,2026-03-20 14:27:57.202,45,Moderate
25.6,6.0,50.86,798.47,1471.8,2026-03-20 14:30:57.202,45,Moderate
25.49,6.0,54.17,798.76,1512.35,2026-03-20 14:33:57.202,45,Moderate
25.58,6.0,51.71,798.1,746.88,2026-03-20 14:36:57.202,45,Moderate
25.68,6.0,52.07,799.18,1242.19,2026-03-20 14:39:57.202,45,Moderate
25.64,6.0,53.55,800.0,1246.51,2026-03-20 14:42:57.202,45,Moderate
25.68,6.0,52.82,799.87,1106.08,2026-03-20 14:45:57.202,45,Moderate
25.55,6.0,51.91,798.73,638.1,2026-03-20 14:48:57.202,45,Moderate
25.59,6.0,52.1,798.03,994.64,2026-03-20 14:51:57.202,45,Moderate
25.58,6.0,54.1,799.17,626.59,2026-03-20 14:54:57.202,45,Moderate
25.5,6.0,51.04,798.26,1004.46,2026-03-20 14:57:57.202,45,Moderate
25.44,6.0,49.32,797.38,546.95,2026-03-20 15:00:57.202,45,Moderate
25.59,6.01,53.96,795.87,1482.09,2026-03-20 15:03:57.202,45,Moderate
25.62,6.0,51.78,796.87,1521.73,2026-03-20 15:06:57.202,45,Moderate
25.55,6.0,52.71,796.29,555.35,2026-03-20 15:09:57.202,45,Moderate
25.56,6.0,53.56,796.85,1192.98,2026-03-20 15:12:57.202,45,Moderate
25.6,6.0,51.44,797.16,835.7,2026-03-20 15:15:57.202,45,Moderate
25.51,6.0,54.49,796.71,742.57,2026-03-20 15:18:57.202,45,Moderate
25.57,6.0,50.71,797.1,1257.49,2026-03-20 15:21:57.202,45,Moderate
25.67,6.0,52.76,799.12,1576.55,2026-03-20 15:24:57.202,45,Moderate
25.66,6.0,51.19,798.59,1109.38,2026-03-20 15:27:57.202,45,Moderate
25.6,6.0,50.56,798.96,922.99,2026-03-20 15:30:57.202,45,Moderate
25.71,6.0,52.85,799.71,1077.92,2026-03-20 15:33:57.202,45,Moderate
25.67,6.0,49.93,799.6,612.94,2026-03-20 15:36:57.202,45,Moderate
25.64,6.0,53.24,798.4,596.86,2026-03-20 15:39:57.202,45,Moderate
25.58,6.0,50.51,798.06,1003.27,2026-03-20 15:42:57.202,45,Moderate
25.56,6.0,50.49,799.93,515.56,2026-03-20 15:45:57.202,45,Moderate
25.64,6.0,50.95,798.87,536.81,2026-03-20 15:48:57.202,45,Moderate
25.7,6.0,52.8,798.74,1420.57,2026-03-20 15:51:57.202,45,Moderate
25.54,6.0,53.07,798.79,1137.8,2026-03-20 15:54:57.202,45,Moderate
25.63,6.0,52.8,798.01,1591.08,2026-03-20 15:57:57.202,45,Moderate
25.61,6.0,52.4,798.55,563.27,2026-03-20 16:00:57.202,45,Moderate
25.59,6.0,49.92,798.15,1577.72,2026-03-20 16:03:57.202,45,Moderate
25.58,6.0,51.07,797.39,838.25,2026-03-20 16:06:57.202,45,Moderate
25.5,6.0,51.59,797.92,1156.27,2026-03-20 16:09:57.202,45,Moderate
25.46,6.0,52.35,798.36,707.58,2026-03-20 16:12:57.202,45,Moderate
25.5,6.0,51.39,799.18,1438.42,2026-03-20 16:15:57.202,45,Moderate
25.55,6.0,53.7,800.0,799.26,2026-03-20 16:18:57.202,45,Moderate
25.53,6.0,52.36,799.89,951.66,2026-03-20 16:21:57.202,45,Moderate
25.6,6.01,53.82,798.65,1488.58,2026-03-20 16:24:57.202,45,Moderate
25.73,6.0,49.13,798.25,681.82,2026-03-20 16:27:57.202,45,Moderate
25.65,6.0,50.26,797.62,1109.11,2026-03-20 16:30:57.202,45,Moderate
25.62,6.0,49.92,798.45,1190.28,2026-03-20 16:33:57.202,45,Moderate
25.62,6.0,50.5,797.83,1084.73,2026-03-20 16:36:57.202,45,Moderate
25.54,6.0,51.18,797.71,521.08,2026-03-20 16:39:57.202,45,Moderate
25.53,6.0,50.92,798.04,641.08,2026-03-20 16:42:57.202,45,Moderate
25.49,6.0,51.78,796.66,1340.3,2026-03-20 16:45:57.202,45,Moderate
25.55,6.0,50.09,795.91,1526.6,2026-03-20 16:48:57.202,45,Moderate
25.55,6.0,51.78,794.9,1208.43,2026-03-20 16:51:57.202,45,Moderate
25.6,6.0,49.92,795.02,865.98,2026-03-20 16:54:57.202,45,Moderate
25.63,6.0,50.58,794.98,810.67,2026-03-20 16:57:57.202,45,Moderate
25.62,6.0,50.27,795.29,738.77,2026-03-20 17:00:57.202,45,Moderate
25.6,6.0,51.82,796.0,1060.29,2026-03-20 17:03:57.202,45,Moderate
25.62,6.0,49.35,796.77,1361.98,2026-03-20 17:06:57.202,45,Moderate
25.72,6.0,49.15,796.91,963.13,2026-03-20 17:09:57.202,45,Moderate
25.65,6.0,50.64,796.83,1490.01,2026-03-20 17:12:57.202,45,Moderate
25.73,6.0,51.7,798.16,625.47,2026-03-20 17:15:57.202,45,Moderate
25.64,6.0,47.75,798.33,1046.79,2026-03-20 17:18:57.202,45,Moderate
25.62,6.0,49.0,799.06,518.12,2026-03-20 17:21:57.202,45,Moderate
25.48,6.0,47.07,798.24,1035.77,2026-03-20 17:24:57.202,45,Moderate
25.6,6.01,48.63,800.0,774.83,2026-03-20 17:27:57.202,45,Moderate
25.52,6.03,51.94,800.0,5.73,2026-03-20 17:30:57.202,45,Moderate
25.51,6.02,50.37,799.81,11.94,2026-03-20 17:33:57.202,45,Moderate
25.59,6.0,50.42,800.0,9.94,2026-03-20 17:36:57.202,45,Moderate
25.64,6.0,48.42,797.86,14.1,2026-03-20 17:39:57.202,45,Moderate
25.6,6.0,47.9,799.62,0.61,2026-03-20 17:42:57.202,45,Moderate
25.63,6.0,51.11,800.0,10.1,2026-03-20 17:45:57.202,45,Moderate
25.52,6.0,49.42,800.0,7.34,2026-03-20 17:48:57.202,45,Moderate
25.62,6.0,48.61,800.0,0.1,2026-03-20 17:51:57.202,45,Moderate
25.63,6.0,47.55,799.01,17.54,2026-03-20 17:54:57.202,45,Moderate
25.64,6.01,50.46,798.23,2.71,2026-03-20 17:57:57.202,45,Moderate
25.6,6.0,50.67,798.99,11.04,2026-03-20 18:00:57.202,45,Moderate
25.69,6.0,49.4,798.76,11.91,2026-03-20 18:03:57.202,45,Moderate
25.75,6.01,49.28,799.63,14.09,2026-03-20 18:06:57.202,45,Moderate
25.67,6.0,48.6,799.52,3.29,2026-03-20 18:09:57.202,45,Moderate
25.58,6.0,48.88,798.07,9.79,2026-03-20 18:12:57.202,45,Moderate
25.56,6.0,49.7,798.49,12.44,2026-03-20 18:15:57.202,45,Moderate
25.47,6.0,47.6,798.89,1.91,2026-03-20 18:18:57.202,45,Moderate
25.57,6.0,48.62,800.0,10.2,2026-03-20 18:21:57.202,45,Moderate
25.6,6.0,48.97,799.39,19.91,2026-03-20 18:24:57.202,45,Moderate
25.59,6.0,48.21,797.64,18.35,2026-03-20 18:27:57.202,45,Moderate
25.5,6.0,47.17,797.12,3.84,2026-03-20 18:30:57.202,45,Moderate
25.54,6.0,48.16,797.86,1.8,2026-03-20 18:33:57.202,45,Moderate
25.61,6.0,48.83,798.44,3.78,2026-03-20 18:36:57.202,45,Moderate
25.6,6.0,48.42,797.73,2.94,2026-03-20 18:39:57.202,45,Moderate
25.6,6.02,46.32,797.17,4.24,2026-03-20 18:42:57.202,45,Moderate
25.62,6.0,49.13,797.54,0.92,2026-03-20 18:45:57.202,45,Moderate
25.58,6.0,48.37,797.4,3.6,2026-03-20 18:48:57.202,45,Moderate
25.56,6.0,48.51,796.91,1.92,2026-03-20 18:51:57.202,45,Moderate
25.56,6.0,48.76,797.98,0.72,2026-03-20 18:54:57.202,45,Moderate
25.61,6.0,45.98,799.09,1.93,2026-03-20 18:57:57.202,45,Moderate
25.62,6.0,48.33,798.34,0.5,2026-03-20 19:00:57.202,45,Moderate
25.54,6.0,48.8,798.53,1.8,2026-03-20 19:03:57.202,45,Moderate
25.61,6.0,48.8,798.2,1.77,2026-03-20 19:06:57.202,45,Moderate
25.67,6.0,48.13,798.6,0.76,2026-03-20 19:09:57.202,45,Moderate
25.66,6.0,49.29,799.06,3.02,2026-03-20 19:12:57.202,45,Moderate
25.57,6.0,47.29,798.77,3.59,2026-03-20 19:15:57.202,45,Moderate
25.6,6.0,44.98,799.33,4.49,2026-03-20 19:18:57.202,45,Moderate
25.64,6.0,47.92,799.26,2.34,2026-03-20 19:21:57.202,45,Moderate
25.64,6.0,49.2,800.0,0.59,2026-03-20 19:24:57.202,45,Moderate
25.64,6.0,48.7,799.81,2.1,2026-03-20 19:27:57.202,45,Moderate
25.55,6.0,46.68,799.82,0.43,2026-03-20 19:30:57.202,45,Moderate
25.58,6.0,46.93,799.11,0.57,2026-03-20 19:33:57.202,45,Moderate
25.56,6.0,46.72,799.58,0.99,2026-03-20 19:36:57.202,45,Moderate
25.57,6.0,47.81,799.86,2.07,2026-03-20 19:39:57.202,45,Moderate
25.45,6.01,46.14,799.98,1.68,2026-03-20 19:42:57.202,45,Moderate
25.46,6.0,48.27,798.0,1.72,2026-03-20 19:45:57.202,45,Moderate
25.46,6.0,47.82,797.87,3.3,2026-03-20 19:48:57.202,45,Moderate
25.57,6.0,44.25,797.34,0.49,2026-03-20 19:51:57.202,45,Moderate
25.6,6.0,45.06,797.22,4.38,2026-03-20 19:54:57.202,45,Moderate
25.55,6.0,48.94,797.96,2.45,2026-03-20 19:57:57.202,45,Moderate
25.49,6.0,45.47,798.93,2.13,2026-03-20 20:00:57.202,45,Moderate
25.51,6.01,48.15,800.0,2.07,2026-03-20 20:03:57.202,45,Moderate
25.47,6.0,46.55,800.0,0.63,2026-03-20 20:06:57.202,45,Moderate
25.6,6.0,47.27,800.0,1.29,2026-03-20 20:09:57.202,45,Moderate
25.48,6.0,45.43,799.77,3.94,2026-03-20 20:12:57.202,45,Moderate
25.58,6.0,45.28,799.63,4.86,2026-03-20 20:15:57.202,45,Moderate
25.5,6.0,46.89,800.0,3.25,2026-03-20 20:18:57.202,45,Moderate
25.46,6.0,45.21,799.93,3.66,2026-03-20 20:21:57.202,45,Moderate
25.47,6.0,43.55,800.0,0.06,2026-03-20 20:24:57.202,45,Moderate
25.58,6.0,43.47,799.99,0.69,2026-03-20 20:27:57.202,45,Moderate
25.55,6.0,45.73,799.36,1.94,2026-03-20 20:30:57.202,45,Moderate
25.51,6.0,45.55,798.7,3.95,2026-03-20 20:33:57.202,45,Moderate
25.64,6.0,43.93,800.0,3.2,2026-03-20 20:36:57.202,45,Moderate
25.66,6.0,47.47,800.0,3.58,2026-03-20 20:39:57.202,45,Moderate
25.67,6.0,46.61,798.71,3.27,2026-03-20 20:42:57.202,45,Moderate
25.64,6.0,47.49,798.0,3.54,2026-03-20 20:45:57.202,45,Moderate
25.67,6.0,46.24,797.51,0.34,2026-03-20 20:48:57.202,45,Moderate
25.64,6.0,46.84,797.07,0.34,2026-03-20 20:51:57.202,45,Moderate
25.61,6.0,46.23,796.63,4.61,2026-03-20 20:54:57.202,45,Moderate
25.57,6.0,44.19,796.36,0.19,2026-03-20 20:57:57.202,45,Moderate
25.45,6.0,48.11,796.18,2.18,2026-03-20 21:00:57.202,45,Moderate
25.43,6.0,45.05,797.73,1.93,2026-03-20 21:03:57.202,45,Moderate
25.53,6.0,46.61,797.14,1.66,2026-03-20 21:06:57.202,45,Moderate
25.56,6.0,47.43,796.64,1.85,2026-03-20 21:09:57.202,45,Moderate
25.57,6.0,45.57,796.17,0.47,2026-03-20 21:12:57.202,45,Moderate
25.58,6.0,44.96,796.07,3.02,2026-03-20 21:15:57.202,45,Moderate
25.56,6.01,44.15,795.23,3.77,2026-03-20 21:18:57.202,45,Moderate
25.61,6.0,45.7,794.88,4.37,2026-03-20 21:21:57.202,45,Moderate
25.65,6.01,43.16,795.29,2.82,2026-03-20 21:24:57.202,45,Moderate
25.65,6.0,44.67,795.01,3.97,2026-03-20 21:27:57.202,45,Moderate
25.62,6.0,44.32,795.39,3.26,2026-03-20 21:30:57.202,45,Moderate
25.48,6.0,45.0,794.88,1.39,2026-03-20 21:33:57.202,45,Moderate
25.59,6.0,42.46,796.15,2.24,2026-03-20 21:36:57.202,45,Moderate
25.6,6.0,43.16,795.95,1.88,2026-03-20 21:39:57.202,45,Moderate
25.68,6.01,44.82,796.84,4.27,2026-03-20 21:42:57.202,45,Moderate
25.65,6.02,42.5,797.64,3.37,2026-03-20 21:45:57.202,45,Moderate
25.71,6.01,44.81,797.76,1.22,2026-03-20 21:48:57.202,45,Moderate
25.6,6.0,46.62,798.96,3.2,2026-03-20 21:51:57.202,45,Moderate
25.51,6.0,43.49,800.0,0.15,2026-03-20 21:54:57.202,45,Moderate
25.46,6.0,44.2,800.0,4.59,2026-03-20 21:57:57.202,45,Moderate
25.53,6.0,47.45,799.15,2.36,2026-03-20 22:00:57.202,45,Moderate
25.72,6.0,46.85,800.0,1.2,2026-03-20 22:03:57.202,45,Moderate
25.72,6.0,47.27,800.0,2.59,2026-03-20 22:06:57.202,45,Moderate
25.61,6.0,43.82,800.0,4.05,2026-03-20 22:09:57.202,45,Moderate
25.58,6.0,44.9,800.0,1.6,2026-03-20 22:12:57.202,45,Moderate
25.6,6.0,47.16,800.0,4.4,2026-03-20 22:15:57.202,45,Moderate
25.61,6.0,44.05,800.0,1.0,2026-03-20 22:18:57.202,45,Moderate
25.64,6.0,42.38,797.81,0.57,2026-03-20 22:21:57.202,45,Moderate
25.58,6.0,43.23,797.53,1.39,2026-03-20 22:24:57.202,45,Moderate
25.59,6.0,42.24,797.05,3.17,2026-03-20 22:27:57.202,45,Moderate
25.49,6.0,47.19,796.91,0.69,2026-03-20 22:30:57.202,45,Moderate
25.54,6.0,43.04,797.29,2.29,2026-03-20 22:33:57.202,45,Moderate
25.61,6.0,42.34,796.58,1.06,2026-03-20 22:36:57.202,45,Moderate
25.64,6.0,44.72,797.96,2.79,2026-03-20 22:39:57.202,45,Moderate
25.49,6.0,43.85,796.48,3.64,2026-03-20 22:42:57.202,45,Moderate
25.47,6.0,44.14,796.4,4.05,2026-03-20 22:45:57.202,45,Moderate
25.55,6.0,44.11,796.4,3.91,2026-03-20 22:48:57.202,45,Moderate
25.62,6.0,44.04,796.27,3.5,2026-03-20 22:51:57.202,45,Moderate
25.58,6.0,45.13,796.08,3.57,2026-03-20 22:54:57.202,45,Moderate
25.53,6.0,42.09,795.68,2.4,2026-03-20 22:57:57.202,45,Moderate
25.68,6.0,41.34,795.82,2.66,2026-03-20 23:00:57.202,45,Moderate
25.66,6.0,42.8,797.04,2.41,2026-03-20 23:03:57.202,45,Moderate
25.7,6.0,42.71,797.62,2.66,2026-03-20 23:06:57.202,45,Moderate
25.7,6.0,46.23,798.31,0.92,2026-03-20 23:09:57.202,45,Moderate
25.65,6.01,43.58,799.12,1.16,2026-03-20 23:12:57.202,45,Moderate
25.48,6.0,41.07,798.76,4.18,2026-03-20 23:15:57.202,45,Moderate
25.59,6.0,44.04,798.96,4.25,2026-03-20 23:18:57.202,45,Moderate
25.62,6.0,43.98,799.9,0.1,2026-03-20 23:21:57.202,45,Moderate
25.7,6.0,42.53,800.0,2.35,2026-03-20 23:24:57.202,45,Moderate
25.6,6.0,43.7,799.9,1.53,2026-03-20 23:27:57.202,45,Moderate
25.63,6.0,42.12,800.0,97.84,2026-03-20 23:30:57.202,45,Moderate
25.64,6.0,41.75,800.0,71.33,2026-03-20 23:33:57.202,45,Moderate
25.55,6.0,41.94,799.26,39.01,2026-03-20 23:36:57.202,45,Moderate
25.64,6.0,40.24,799.3,46.47,2026-03-20 23:39:57.202,45,Moderate
25.62,6.0,40.25,799.67,40.59,2026-03-20 23:42:57.202,45,Moderate
25.55,6.0,41.92,800.0,60.22,2026-03-20 23:45:57.202,45,Moderate
25.47,6.0,42.73,799.42,18.35,2026-03-20 23:48:57.202,45,Moderate
25.4,6.02,43.21,800.0,94.64,2026-03-20 23:51:57.202,45,Moderate
25.57,6.0,42.12,799.42,111.82,2026-03-20 23:54:57.202,45,Moderate
25.77,6.0,42.15,799.88,19.04,2026-03-20 23:57:57.202,45,Moderate
25.67,6.0,44.21,800.0,107.9,2026-03-21 00:00:57.202,45,Moderate
25.62,6.0,41.2,799.49,94.64,2026-03-21 00:03:57.202,45,Moderate
25.6,6.0,43.71,799.28,57.12,2026-03-21 00:06:57.202,45,Moderate
25.63,6.02,43.99,798.85,20.37,2026-03-21 00:09:57.202,45,Moderate
25.55,6.01,40.3,799.99,117.56,2026-03-21 00:12:57.202,45,Moderate
25.56,6.0,41.76,800.0,52.54,2026-03-21 00:15:57.202,45,Moderate
25.61,6.0,41.59,799.69,35.98,2026-03-21 00:18:57.202,45,Moderate
25.6,6.0,42.24,800.0,95.06,2026-03-21 00:21:57.202,45,Moderate
25.58,6.0,41.12,800.0,83.78,2026-03-21 00:24:57.202,45,Moderate
25.67,6.0,42.54,800.0,39.66,2026-03-21 00:27:57.202,45,Moderate
25.71,6.0,40.17,800.0,76.97,2026-03-21 00:30:57.202,45,Moderate
25.57,6.0,40.94,799.91,37.61,2026-03-21 00:33:57.202,45,Moderate
25.6,6.0,39.86,800.0,83.27,2026-03-21 00:36:57.202,45,Moderate
25.6,6.0,39.58,799.88,26.24,2026-03-21 00:39:57.202,45,Moderate
25.65,6.0,40.02,799.66,17.55,2026-03-21 00:42:57.202,45,Moderate
25.6,6.0,40.35,799.44,111.11,2026-03-21 00:45:57.202,45,Moderate
25.56,6.0,39.53,800.0,57.84,2026-03-21 00:48:57.202,45,Moderate
25.49,6.0,41.96,800.0,37.43,2026-03-21 00:51:57.202,45,Moderate
25.52,6.0,40.66,800.0,31.46,2026-03-21 00:54:57.202,45,Moderate
25.55,6.0,40.86,799.52,17.83,2026-03-21 00:57:57.202,45,Moderate
25.57,6.0,40.98,800.0,54.18,2026-03-21 01:00:57.202,45,Moderate
25.65,6.0,39.11,799.94,40.62,2026-03-21 01:03:57.202,45,Moderate
25.63,6.0,39.49,799.96,62.52,2026-03-21 01:06:57.202,45,Moderate
25.6,6.0,39.79,799.76,86.34,2026-03-21 01:09:57.202,45,Moderate
25.69,6.01,41.29,799.85,72.69,2026-03-21 01:12:57.202,45,Moderate
25.58,6.0,40.07,800.0,30.63,2026-03-21 01:15:57.202,45,Moderate
25.57,6.0,38.32,800.0,107.56,2026-03-21 01:18:57.202,45,Moderate
25.58,6.0,41.84,800.0,24.03,2026-03-21 01:21:57.202,45,Moderate
25.62,6.0,41.15,800.0,65.62,2026-03-21 01:24:57.202,45,Moderate
25.63,6.0,37.69,800.0,60.54,2026-03-21 01:27:57.202,45,Moderate
25.61,6.0,38.1,799.95,363.38,2026-03-21 01:30:57.202,45,Moderate
25.55,6.0,39.16,800.0,175.89,2026-03-21 01:33:57.202,45,Moderate
25.5,6.0,40.97,800.0,543.93,2026-03-21 01:36:57.202,45,Moderate
25.55,6.0,40.67,800.0,330.41,2026-03-21 01:39:57.202,45,Moderate
25.57,6.0,38.72,800.0,176.18,2026-03-21 01:42:57.202,45,Moderate
25.57,6.0,39.37,800.0,358.22,2026-03-21 01:45:57.202,45,Moderate
25.68,6.0,39.69,800.0,301.0,2026-03-21 01:48:57.202,45,Moderate
25.75,6.0,37.81,798.76,285.36,2026-03-21 01:51:57.202,45,Moderate
25.63,6.0,40.35,799.02,415.72,2026-03-21 01:54:57.202,45,Moderate
25.57,6.0,38.32,798.8,589.47,2026-03-21 01:57:57.202,45,Moderate
25.64,6.0,40.43,799.37,135.05,2026-03-21 02:00:57.202,45,Moderate
25.6,6.0,39.85,799.09,408.38,2026-03-21 02:03:57.202,45,Moderate
25.58,6.0,41.53,799.67,549.54,2026-03-21 02:06:57.202,45,Moderate
25.64,6.0,39.35,798.88,160.43,2026-03-21 02:09:57.202,45,Moderate
25.55,6.0,35.94,798.52,657.28,2026-03-21 02:12:57.202,45,Moderate
25.5,6.0,41.56,798.67,156.85,2026-03-21 02:15:57.202,45,Moderate
25.57,6.0,38.42,798.55,251.47,2026-03-21 02:18:57.202,45,Moderate
25.61,6.0,41.93,797.83,460.79,2026-03-21 02:21:57.202,45,Moderate
25.57,6.0,39.54,798.97,192.76,2026-03-21 02:24:57.202,45,Moderate
25.64,6.0,39.72,798.62,130.09,2026-03-21 02:27:57.202,45,Moderate
25.53,6.0,44.23,800.0,2507.7,2026-03-21 02:30:57.202,45,Moderate
25.56,6.0,49.96,800.0,1764.21,2026-03-21 02:33:57.202,45,Moderate
25.56,6.0,51.19,800.0,2625.07,2026-03-21 02:36:57.202,45,Moderate
25.68,6.02,50.37,800.0,1535.65,2026-03-21 02:39:57.202,45,Moderate
25.65,6.0,54.31,800.0,2716.49,2026-03-21 02:42:57.202,45,Moderate
25.66,6.0,55.3,800.0,2622.82,2026-03-21 02:45:57.202,45,Moderate
25.61,6.0,46.14,800.0,2522.76,2026-03-21 02:48:57.202,45,Moderate
25.52,6.0,51.57,800.0,1910.74,2026-03-21 02:51:57.202,45,Moderate
25.5,6.0,52.34,800.0,1837.78,2026-03-21 02:54:57.202,45,Moderate
25.57,6.01,57.99,800.0,2180.17,2026-03-21 02:57:57.202,45,Moderate
25.69,6.01,59.12,800.0,2589.87,2026-03-21 03:00:57.202,45,Moderate
25.58,6.0,48.46,799.73,2936.0,2026-03-21 03:03:57.202,45,Moderate
25.63,6.0,44.71,799.13,2022.97,2026-03-21 03:06:57.202,45,Moderate
25.58,6.0,47.42,799.21,2144.59,2026-03-21 03:09:57.202,45,Moderate
25.68,6.0,46.02,799.81,1718.69,2026-03-21 03:12:57.202,45,Moderate
25.57,6.0,48.27,799.8,1869.94,2026-03-21 03:15:57.202,45,Moderate
25.49,6.0,44.21,800.0,2088.46,2026-03-21 03:18:57.202,45,Moderate
25.58,6.0,45.65,799.93,2003.4,2026-03-21 03:21:57.202,45,Moderate
25.59,6.0,44.03,800.0,2245.87,2026-03-21 03:24:57.202,45,Moderate
25.65,6.0,46.28,799.65,2579.18,2026-03-21 03:27:57.202,45,Moderate
25.6,6.0,46.8,798.54,2302.53,2026-03-21 03:30:57.202,45,Moderate
25.54,6.0,46.98,798.12,2340.27,2026-03-21 03:33:57.202,45,Moderate
25.51,6.0,46.55,798.16,1742.63,2026-03-21 03:36:57.202,45,Moderate
25.71,6.01,46.91,797.54,2583.74,2026-03-21 03:39:57.202,45,Moderate
25.76,6.0,47.16,797.64,2465.23,2026-03-21 03:42:57.202,45,Moderate
25.67,6.0,46.68,799.2,1829.7,2026-03-21 03:45:57.202,45,Moderate
25.66,6.0,44.67,798.42,2294.36,2026-03-21 03:48:57.202,45,Moderate
25.58,6.0,47.07,800.0,2036.72,2026-03-21 03:51:57.202,45,Moderate
25.61,6.01,44.1,799.56,2349.32,2026-03-21 03:54:57.202,45,Moderate
25.64,6.02,46.4,800.0,2288.63,2026-03-21 03:57:57.202,45,Moderate
25.53,6.02,44.59,800.0,2140.94,2026-03-21 04:00:57.202,45,Moderate
25.61,6.02,45.02,800.0,1815.28,2026-03-21 04:03:57.202,45,Moderate
25.66,6.0,45.34,800.0,2308.16,2026-03-21 04:06:57.202,45,Moderate
25.59,6.0,46.7,800.0,1864.94,2026-03-21 04:09:57.202,45,Moderate
25.6,6.0,45.48,800.0,2111.2,2026-03-21 04:12:57.202,45,Moderate
25.56,6.0,46.76,800.0,1154.85,2026-03-21 04:15:57.202,45,Moderate
25.56,6.0,45.32,800.0,1319.71,2026-03-21 04:18:57.202,45,Moderate
25.68,6.0,45.34,799.6,1775.48,2026-03-21 04:21:57.202,45,Moderate
25.71,6.0,44.44,800.0,2123.75,2026-03-21 04:24:57.202,45,Moderate
25.65,6.0,44.1,800.0,2500.55,2026-03-21 04:27:57.202,45,Moderate
25.81,6.0,44.3,798.4,2971.44,2026-03-21 04:30:57.202,45,Moderate
25.79,6.0,43.96,798.37,2119.76,2026-03-21 04:33:57.202,45,Moderate
25.88,6.0,45.49,796.62,2055.76,2026-03-21 04:36:57.202,45,Moderate
25.9,6.0,45.31,795.01,2426.45,2026-03-21 04:39:57.202,45,Moderate
25.89,6.0,45.44,795.77,2494.26,2026-03-21 04:42:57.202,45,Moderate
25.78,6.0,45.88,795.82,1605.4,2026-03-21 04:45:57.202,45,Moderate
25.84,6.0,44.47,796.15,1609.17,2026-03-21 04:48:57.202,45,Moderate
25.8,6.0,47.86,796.09,2116.94,2026-03-21 04:51:57.202,45,Moderate
25.81,6.01,48.59,795.58,1161.22,2026-03-21 04:54:57.202,45,Moderate
25.78,6.0,44.53,795.84,2209.74,2026-03-21 04:57:57.202,45,Moderate
25.87,6.0,44.71,797.14,1777.12,2026-03-21 05:00:57.202,45,Moderate
25.88,6.0,46.65,798.73,2250.88,2026-03-21 05:03:57.202,45,Moderate
25.86,6.02,47.11,799.73,1860.84,2026-03-21 05:06:57.202,45,Moderate
25.91,6.01,42.66,800.0,2490.48,2026-03-21 05:09:57.202,45,Moderate
25.84,6.0,46.52,800.0,2147.13,2026-03-21 05:12:57.202,45,Moderate
25.82,6.0,41.51,800.0,1139.48,2026-03-21 05:15:57.202,45,Moderate
25.84,6.0,43.27,799.72,2093.85,2026-03-21 05:18:57.202,45,Moderate
25.84,6.0,44.92,800.0,2717.42,2026-03-21 05:21:57.202,45,Moderate
25.84,6.0,43.82,800.0,2280.78,2026-03-21 05:24:57.202,45,Moderate
25.92,6.0,46.55,800.0,1370.92,2026-03-21 05:27:57.202,45,Moderate
25.86,6.0,44.9,799.48,2527.04,2026-03-21 05:30:57.202,45,Moderate
25.76,6.0,41.65,798.26,2262.89,2026-03-21 05:33:57.202,45,Moderate
25.85,6.0,43.6,797.93,1508.18,2026-03-21 05:36:57.202,45,Moderate
25.85,6.0,43.71,796.25,2079.13,2026-03-21 05:39:57.202,45,Moderate
25.85,6.0,44.45,796.71,1913.38,2026-03-21 05:42:57.202,45,Moderate
25.81,6.0,43.19,798.45,1904.76,2026-03-21 05:45:57.202,45,Moderate
25.88,6.01,44.81,797.7,1971.38,2026-03-21 05:48:57.202,45,Moderate
25.82,6.0,40.81,797.98,2078.65,2026-03-21 05:51:57.202,45,Moderate
25.86,6.0,44.24,798.4,2607.34,2026-03-21 05:54:57.202,45,Moderate
25.83,6.0,43.14,797.81,2091.67,2026-03-21 05:57:57.202,45,Moderate
25.92,6.0,43.18,796.77,2509.48,2026-03-21 06:00:57.202,45,Moderate
25.78,6.0,42.08,796.48,1921.91,2026-03-21 06:03:57.202,45,Moderate
25.81,6.0,45.45,796.99,2496.67,2026-03-21 06:06:57.202,45,Moderate
25.79,6.0,41.71,797.45,1517.34,2026-03-21 06:09:57.202,45,Moderate
25.84,6.0,45.1,797.02,1829.61,2026-03-21 06:12:57.202,45,Moderate
25.8,6.0,44.27,796.51,2280.08,2026-03-21 06:15:57.202,45,Moderate
25.88,6.0,42.93,796.77,1528.57,2026-03-21 06:18:57.202,45,Moderate
25.89,6.0,43.26,797.68,2261.96,2026-03-21 06:21:57.202,45,Moderate
25.82,6.01,42.15,797.94,1502.18,2026-03-21 06:24:57.202,45,Moderate
25.76,6.0,44.01,797.72,2202.89,2026-03-21 06:27:57.202,45,Moderate
25.81,6.0,43.6,797.44,1562.24,2026-03-21 06:30:57.202,45,Moderate
25.8,6.0,45.24,796.76,1629.58,2026-03-21 06:33:57.202,45,Moderate
25.81,6.01,43.08,797.31,1326.86,2026-03-21 06:36:57.202,45,Moderate
25.77,6.01,42.78,798.04,2277.06,2026-03-21 06:39:57.202,45,Moderate
25.7,6.0,44.11,798.58,1315.09,2026-03-21 06:42:57.202,45,Moderate
25.75,6.0,44.79,798.19,1408.62,2026-03-21 06:45:57.202,45,Moderate
25.97,6.0,43.99,800.0,2328.29,2026-03-21 06:48:57.202,45,Moderate
25.79,6.0,43.69,800.0,2281.3,2026-03-21 06:51:57.202,45,Moderate
25.77,6.0,43.76,800.0,2300.24,2026-03-21 06:54:57.202,45,Moderate
25.76,6.0,43.1,798.96,2366.0,2026-03-21 06:57:57.202,45,Moderate
25.78,6.0,42.0,799.17,1701.45,2026-03-21 07:00:57.202,45,Moderate
25.87,6.0,41.55,798.91,1980.53,2026-03-21 07:03:57.202,45,Moderate
25.81,6.0,42.59,797.21,2827.39,2026-03-21 07:06:57.202,45,Moderate
25.81,6.0,41.28,797.54,2518.67,2026-03-21 07:09:57.202,45,Moderate
25.9,6.0,40.43,797.57,2767.55,2026-03-21 07:12:57.202,45,Moderate
25.82,6.0,42.35,797.0,1747.59,2026-03-21 07:15:57.202,45,Moderate
25.82,6.0,41.56,795.13,2380.68,2026-03-21 07:18:57.202,45,Moderate
25.74,6.0,40.61,794.06,2693.37,2026-03-21 07:21:57.202,45,Moderate
25.81,6.0,43.04,794.01,2906.13,2026-03-21 07:24:57.202,45,Moderate
25.74,6.0,42.95,795.27,1624.59,2026-03-21 07:27:57.202,45,Moderate
25.62,6.02,39.96,795.78,1949.31,2026-03-21 07:30:57.202,45,Moderate
25.79,6.01,42.68,795.8,1385.23,2026-03-21 07:33:57.202,45,Moderate
25.73,6.0,41.35,795.19,2752.81,2026-03-21 07:36:57.202,45,Moderate
25.69,6.0,41.1,794.18,1713.56,2026-03-21 07:39:57.202,45,Moderate
25.71,6.0,41.6,793.88,1913.34,2026-03-21 07:42:57.202,45,Moderate
25.76,6.0,41.43,792.56,2257.38,2026-03-21 07:45:57.202,45,Moderate
25.77,6.0,43.94,791.53,1894.18,2026-03-21 07:48:57.202,45,Moderate
25.77,6.0,39.78,791.43,1562.28,2026-03-21 07:51:57.202,45,Moderate
25.87,6.0,41.43,791.32,1820.49,2026-03-21 07:54:57.202,45,Moderate
25.87,6.0,40.1,792.65,2813.45,2026-03-21 07:57:57.202,45,Moderate
25.89,6.0,42.76,791.61,1886.2,2026-03-21 08:00:57.202,45,Moderate
25.87,6.0,39.83,791.16,2041.81,2026-03-21 08:03:57.202,45,Moderate
25.95,6.0,42.91,792.3,1738.66,2026-03-21 08:06:57.202,45,Moderate
25.93,6.0,44.06,793.3,2940.45,2026-03-21 08:09:57.202,45,Moderate
25.87,6.0,41.33,793.53,1471.41,2026-03-21 08:12:57.202,45,Moderate
25.88,6.0,42.09,793.2,1598.27,2026-03-21 08:15:57.202,45,Moderate
25.95,6.0,41.07,794.09,2583.05,2026-03-21 08:18:57.202,45,Moderate
25.96,6.0,41.76,794.03,2193.06,2026-03-21 08:21:57.202,45,Moderate
25.91,6.01,42.13,795.0,1709.87,2026-03-21 08:24:57.202,45,Moderate
25.97,6.02,41.57,795.29,1662.13,2026-03-21 08:27:57.202,45,Moderate
25.88,6.0,40.11,796.47,2929.95,2026-03-21 08:30:57.202,45,Moderate
25.92,6.0,41.8,795.81,1546.44,2026-03-21 08:33:57.202,45,Moderate
25.86,6.0,41.35,796.75,1504.53,2026-03-21 08:36:57.202,45,Moderate
25.82,6.0,41.7,798.01,2429.19,2026-03-21 08:39:57.202,45,Moderate
25.82,6.0,40.31,796.53,1996.69,2026-03-21 08:42:57.202,45,Moderate
25.83,6.0,40.97,796.82,1841.69,2026-03-21 08:45:57.202,45,Moderate
25.78,6.0,38.86,797.51,1713.18,2026-03-21 08:48:57.202,45,Moderate
25.84,6.0,41.86,799.04,2054.93,2026-03-21 08:51:57.202,45,Moderate
25.8,6.0,40.23,798.51,1676.34,2026-03-21 08:54:57.202,45,Moderate
25.87,6.0,39.26,798.13,1902.64,2026-03-21 08:57:57.202,45,Moderate
25.92,6.0,37.98,797.68,2783.95,2026-03-21 09:00:57.202,45,Moderate
25.89,6.0,38.58,798.59,2590.9,2026-03-21 09:03:57.202,45,Moderate
25.77,6.0,41.3,796.38,1326.15,2026-03-21 09:06:57.202,45,Moderate
25.86,6.0,39.33,797.61,1614.21,2026-03-21 09:09:57.202,45,Moderate
25.81,6.0,40.56,796.98,2550.59,2026-03-21 09:12:57.202,45,Moderate
25.92,6.0,39.32,796.17,1988.45,2026-03-21 09:15:57.202,45,Moderate
25.82,6.0,38.97,797.56,1976.45,2026-03-21 09:18:57.202,45,Moderate
25.78,6.0,40.57,796.93,1938.09,2026-03-21 09:21:57.202,45,Moderate
25.86,6.0,42.21,795.96,1671.44,2026-03-21 09:24:57.202,45,Moderate
25.9,6.0,42.34,797.2,1791.1,2026-03-21 09:27:57.202,45,Moderate
25.77,6.0,37.51,796.26,2332.86,2026-03-21 09:30:57.202,45,Moderate
25.83,6.0,43.08,796.13,2192.14,2026-03-21 09:33:57.202,45,Moderate
25.85,6.0,42.08,796.54,2192.04,2026-03-21 09:36:57.202,45,Moderate
25.97,6.0,42.03,796.76,2305.12,2026-03-21 09:39:57.202,45,Moderate
25.97,6.0,39.35,797.69,1489.02,2026-03-21 09:42:57.202,45,Moderate
25.84,6.0,40.91,797.4,2450.62,2026-03-21 09:45:57.202,45,Moderate
25.91,6.0,38.39,799.31,2403.64,2026-03-21 09:48:57.202,45,Moderate
25.84,6.0,39.3,800.0,2147.58,2026-03-21 09:51:57.202,45,Moderate
25.81,6.01,40.16,800.0,2662.6,2026-03-21 09:54:57.202,45,Moderate
25.8,6.0,41.41,800.0,1436.68,2026-03-21 09:57:57.202,45,Moderate
25.87,6.01,39.74,800.0,1790.1,2026-03-21 10:00:57.202,45,Moderate
25.87,6.0,37.81,799.73,2474.61,2026-03-21 10:03:57.202,45,Moderate
25.84,6.0,40.94,799.95,1324.66,2026-03-21 10:06:57.202,45,Moderate
25.81,6.0,37.83,800.0,2395.74,2026-03-21 10:09:57.202,45,Moderate
25.81,6.0,37.01,800.0,1551.13,2026-03-21 10:12:57.202,45,Moderate
25.79,6.0,40.53,800.0,2177.34,2026-03-21 10:15:57.202,45,Moderate
25.81,6.0,41.05,799.35,2608.69,2026-03-21 10:18:57.202,45,Moderate
25.88,6.0,39.96,798.74,2222.61,2026-03-21 10:21:57.202,45,Moderate
25.99,6.0,35.01,799.5,1585.1,2026-03-21 10:24:57.202,45,Moderate
25.83,6.0,38.08,798.44,1583.24,2026-03-21 10:27:57.202,45,Moderate
25.72,6.0,39.06,798.77,2783.17,2026-03-21 10:30:57.202,45,Moderate
25.74,6.0,39.81,797.82,2033.44,2026-03-21 10:33:57.202,45,Moderate
25.8,6.0,37.48,797.3,2802.91,2026-03-21 10:36:57.202,45,Moderate
25.85,6.0,38.53,796.53,2561.4,2026-03-21 10:39:57.202,45,Moderate
25.85,6.0,39.31,795.66,2711.39,2026-03-21 10:42:57.202,45,Moderate
25.84,6.0,37.63,796.11,2651.1,2026-03-21 10:45:57.202,45,Moderate
25.75,6.0,37.2,795.63,1730.46,2026-03-21 10:48:57.202,45,Moderate
25.81,6.0,37.44,794.77,2113.85,2026-03-21 10:51:57.202,45,Moderate
25.84,6.0,37.64,794.97,1863.35,2026-03-21 10:54:57.202,45,Moderate
25.94,6.0,38.34,794.07,2329.71,2026-03-21 10:57:57.202,45,Moderate
25.87,6.0,39.69,794.87,1954.86,2026-03-21 11:00:57.202,45,Moderate
25.83,6.0,38.11,795.8,1389.36,2026-03-21 11:03:57.202,45,Moderate
25.77,6.0,37.11,796.68,2131.14,2026-03-21 11:06:57.202,45,Moderate
25.79,6.0,38.82,797.01,1838.34,2026-03-21 11:09:57.202,45,Moderate
25.99,6.0,39.27,797.52,1706.72,2026-03-21 11:12:57.202,45,Moderate
25.94,6.0,38.78,797.48,2010.28,2026-03-21 11:15:57.202,45,Moderate
25.85,6.0,39.24,798.26,1195.72,2026-03-21 11:18:57.202,45,Moderate
25.91,6.0,37.24,797.93,2369.53,2026-03-21 11:21:57.202,45,Moderate
25.8,6.0,37.46,798.66,2283.4,2026-03-21 11:24:57.202,45,Moderate
25.97,6.0,35.93,799.06,2344.7,2026-03-21 11:27:57.202,45,Moderate
25.93,6.0,41.32,799.63,1232.18,2026-03-21 11:30:57.202,45,Moderate
25.82,6.0,35.93,799.67,1269.49,2026-03-21 11:33:57.202,45,Moderate
25.67,6.0,39.22,800.0,1126.39,2026-03-21 11:36:57.202,45,Moderate
25.69,6.0,36.47,799.83,2084.17,2026-03-21 11:39:57.202,45,Moderate
25.57,6.0,37.5,800.0,2312.69,2026-03-21 11:42:57.202,45,Moderate
25.52,6.0,38.26,800.0,1679.02,2026-03-21 11:45:57.202,45,Moderate
25.42,6.0,40.43,799.69,2467.57,2026-03-21 11:48:57.202,45,Moderate
25.46,6.0,35.71,800.0,2029.26,2026-03-21 11:51:57.202,45,Moderate
25.52,6.0,36.75,800.0,1073.66,2026-03-21 11:54:57.202,45,Moderate
25.53,6.01,38.05,798.69,2503.43,2026-03-21 11:57:57.202,45,Moderate
25.48,6.0,39.16,798.42,1634.54,2026-03-21 12:00:57.202,45,Moderate
25.49,6.0,40.17,799.55,2145.03,2026-03-21 12:03:57.202,45,Moderate
25.45,6.0,37.98,799.79,1233.2,2026-03-21 12:06:57.202,45,Moderate
25.54,6.01,34.02,799.66,1788.14,2026-03-21 12:09:57.202,45,Moderate
25.56,6.02,37.05,799.13,1237.51,2026-03-21 12:12:57.202,45,Moderate
25.61,6.01,35.46,798.33,1937.41,2026-03-21 12:15:57.202,45,Moderate
25.6,6.01,36.13,798.88,2157.27,2026-03-21 12:18:57.202,45,Moderate
25.52,6.02,37.34,796.97,1844.76,2026-03-21 12:21:57.202,45,Moderate
25.53,6.0,37.12,797.24,1358.94,2026-03-21 12:24:57.202,45,Moderate
25.56,6.0,34.84,797.89,2304.45,2026-03-21 12:27:57.202,45,Moderate
25.63,6.0,51.17,799.95,81.3,2026-03-21 12:30:57.202,45,Moderate
25.62,6.0,45.68,800.0,56.95,2026-03-21 12:33:57.202,45,Moderate
25.59,6.0,45.8,800.0,78.44,2026-03-21 12:36:57.202,45,Moderate
25.58,6.0,51.65,800.0,138.63,2026-03-21 12:39:57.202,45,Moderate
25.55,6.02,48.89,800.0,124.69,2026-03-21 12:42:57.202,45,Moderate
25.6,6.0,49.63,800.0,115.18,2026-03-21 12:45:57.202,45,Moderate
25.64,6.0,47.64,800.0,91.38,2026-03-21 12:48:57.202,45,Moderate
25.69,6.0,50.54,800.0,125.02,2026-03-21 12:51:57.202,45,Moderate
25.68,6.0,49.21,800.0,84.17,2026-03-21 12:54:57.202,45,Moderate
25.49,6.0,51.66,800.0,151.4,2026-03-21 12:57:57.202,45,Moderate
25.48,6.0,56.05,800.0,63.37,2026-03-21 13:00:57.202,45,Moderate
25.57,6.0,47.84,800.0,142.17,2026-03-21 13:03:57.202,45,Moderate
25.66,6.0,46.7,798.12,143.86,2026-03-21 13:06:57.202,45,Moderate
25.58,6.0,46.52,798.81,35.43,2026-03-21 13:09:57.202,45,Moderate
25.64,6.0,45.25,799.5,73.29,2026-03-21 13:12:57.202,45,Moderate
25.62,6.0,45.75,799.32,107.82,2026-03-21 13:15:57.202,45,Moderate
25.47,6.0,46.85,799.63,98.4,2026-03-21 13:18:57.202,45,Moderate
25.6,6.0,45.96,800.0,59.59,2026-03-21 13:21:57.202,45,Moderate
25.73,6.01,45.98,799.56,154.82,2026-03-21 13:24:57.202,45,Moderate
25.67,6.0,47.62,798.9,118.79,2026-03-21 13:27:57.202,45,Moderate
25.67,6.0,43.17,800.0,275.93,2026-03-21 13:30:57.202,45,Moderate
25.67,6.0,45.17,800.0,13.89,2026-03-21 13:33:57.202,45,Moderate
25.61,6.0,46.74,800.0,4.71,2026-03-21 13:36:57.202,45,Moderate
25.48,6.0,44.71,800.0,3.92,2026-03-21 13:39:57.202,45,Moderate
25.69,6.0,44.91,800.0,7.76,2026-03-21 13:42:57.202,45,Moderate
25.61,6.0,44.82,800.0,7.81,2026-03-21 13:45:57.202,45,Moderate
25.49,6.0,42.74,800.0,67.33,2026-03-21 13:48:57.202,45,Moderate
25.63,6.0,44.65,800.0,13.88,2026-03-21 13:51:57.202,45,Moderate
25.55,6.0,44.52,799.78,13.23,2026-03-21 13:54:57.202,45,Moderate
25.59,6.0,45.0,800.0,81.82,2026-03-21 13:57:57.202,45,Moderate
25.56,6.01,44.29,800.0,1.66,2026-03-21 14:00:57.202,45,Moderate
25.49,6.0,44.56,800.0,108.98,2026-03-21 14:03:57.202,45,Moderate
25.59,6.02,42.02,800.0,1.02,2026-03-21 14:06:57.202,45,Moderate
25.53,6.0,43.1,800.0,200.5,2026-03-21 14:09:57.202,45,Moderate
25.57,6.0,44.36,800.0,86.48,2026-03-21 14:12:57.202,45,Moderate
25.62,6.0,44.7,800.0,195.55,2026-03-21 14:15:57.202,45,Moderate
25.64,6.0,43.15,800.0,3.79,2026-03-21 14:18:57.202,45,Moderate
25.49,6.0,43.75,799.41,107.37,2026-03-21 14:21:57.202,45,Moderate
25.43,6.0,43.15,799.68,12.05,2026-03-21 14:24:57.202,45,Moderate
25.54,6.0,41.93,799.5,5.16,2026-03-21 14:27:57.202,45,Moderate
25.56,6.01,46.27,799.21,234.31,2026-03-21 14:30:57.202,45,Moderate
25.59,6.01,40.91,799.81,14.05,2026-03-21 14:33:57.202,45,Moderate
25.58,6.0,42.96,799.96,3.43,2026-03-21 14:36:57.202,45,Moderate
25.56,6.0,45.17,800.0,19.33,2026-03-21 14:39:57.202,45,Moderate
25.68,6.0,43.49,800.0,11.36,2026-03-21 14:42:57.202,45,Moderate
25.62,6.0,42.77,800.0,6.93,2026-03-21 14:45:57.202,45,Moderate
25.67,6.0,43.44,800.0,174.66,2026-03-21 14:48:57.202,45,Moderate
25.64,6.0,43.72,799.84,222.5,2026-03-21 14:51:57.202,45,Moderate
25.63,6.0,44.41,799.61,166.02,2026-03-21 14:54:57.202,45,Moderate
25.59,6.0,45.06,799.59,8.83,2026-03-21 14:57:57.202,45,Moderate
25.57,6.0,42.86,798.21,165.0,2026-03-21 15:00:57.202,45,Moderate
25.57,6.0,43.33,798.54,3.14,2026-03-21 15:03:57.202,45,Moderate
25.58,6.0,43.32,799.07,96.53,2026-03-21 15:06:57.202,45,Moderate
25.54,6.0,41.49,798.9,14.92,2026-03-21 15:09:57.202,45,Moderate
25.58,6.0,43.33,799.9,11.49,2026-03-21 15:12:57.202,45,Moderate
25.58,6.0,42.1,800.0,18.0,2026-03-21 15:15:57.202,45,Moderate
25.57,6.01,43.4,799.8,18.86,2026-03-21 15:18:57.202,45,Moderate
25.6,6.0,42.45,800.0,156.02,2026-03-21 15:21:57.202,45,Moderate
25.66,6.0,42.99,800.0,0.36,2026-03-21 15:24:57.202,45,Moderate
25.64,6.0,41.31,799.05,7.45,2026-03-21 15:27:57.202,45,Moderate
25.6,6.03,39.36,798.31,12.72,2026-03-21 15:30:57.202,45,Moderate
25.6,6.0,42.39,798.72,17.41,2026-03-21 15:33:57.202,45,Moderate
25.56,6.0,42.67,799.53,16.7,2026-03-21 15:36:57.202,45,Moderate
25.6,6.0,41.15,800.0,4.76,2026-03-21 15:39:57.202,45,Moderate
25.55,6.0,45.86,800.0,8.64,2026-03-21 15:42:57.202,45,Moderate
25.54,6.0,42.26,800.0,13.84,2026-03-21 15:45:57.202,45,Moderate
25.52,6.0,40.36,800.0,11.99,2026-03-21 15:48:57.202,45,Moderate
25.55,6.0,45.25,800.0,9.35,2026-03-21 15:51:57.202,45,Moderate
25.58,6.0,42.42,800.0,16.98,2026-03-21 15:54:57.202,45,Moderate
25.54,6.0,41.76,799.42,15.53,2026-03-21 15:57:57.202,45,Moderate
25.48,6.0,42.31,798.8,2.6,2026-03-21 16:00:57.202,45,Moderate
25.44,6.0,41.37,800.0,14.81,2026-03-21 16:03:57.202,45,Moderate
25.62,6.0,43.2,800.0,18.13,2026-03-21 16:06:57.202,45,Moderate
25.55,6.0,43.97,800.0,13.53,2026-03-21 16:09:57.202,45,Moderate
25.52,6.0,41.61,799.68,15.46,2026-03-21 16:12:57.202,45,Moderate
25.67,6.0,41.88,799.47,4.74,2026-03-21 16:15:57.202,45,Moderate
25.62,6.0,42.86,798.64,18.01,2026-03-21 16:18:57.202,45,Moderate
25.59,6.0,43.2,800.0,2.71,2026-03-21 16:21:57.202,45,Moderate
25.47,6.0,40.46,799.53,18.73,2026-03-21 16:24:57.202,45,Moderate
25.51,6.0,40.14,798.94,11.35,2026-03-21 16:27:57.202,45,Moderate
25.56,6.0,41.4,798.51,13.44,2026-03-21 16:30:57.202,45,Moderate
25.66,6.0,41.85,798.23,9.78,2026-03-21 16:33:57.202,45,Moderate
25.58,6.0,40.05,797.72,18.42,2026-03-21 16:36:57.202,45,Moderate
25.71,6.0,42.07,797.2,3.95,2026-03-21 16:39:57.202,45,Moderate
25.66,6.0,37.92,797.05,15.32,2026-03-21 16:42:57.202,45,Moderate
25.68,6.0,43.11,796.9,6.27,2026-03-21 16:45:57.202,45,Moderate
25.65,6.0,40.33,796.99,5.36,2026-03-21 16:48:57.202,45,Moderate
25.68,6.0,41.92,797.85,19.73,2026-03-21 16:51:57.202,45,Moderate
25.64,6.0,40.82,797.35,15.86,2026-03-21 16:54:57.202,45,Moderate
25.64,6.0,38.64,796.69,12.7,2026-03-21 16:57:57.202,45,Moderate
25.57,6.0,39.64,796.55,2.99,2026-03-21 17:00:57.202,45,Moderate
25.6,6.0,40.07,797.22,0.09,2026-03-21 17:03:57.202,45,Moderate
25.61,6.0,40.06,797.42,9.99,2026-03-21 17:06:57.202,45,Moderate
25.61,6.0,40.87,797.03,11.53,2026-03-21 17:09:57.202,45,Moderate
25.72,6.01,40.39,797.65,13.21,2026-03-21 17:12:57.202,45,Moderate
25.73,6.0,42.69,796.6,7.49,2026-03-21 17:15:57.202,45,Moderate
25.73,6.0,41.74,796.6,19.12,2026-03-21 17:18:57.202,45,Moderate
25.74,6.0,41.97,796.78,3.27,2026-03-21 17:21:57.202,45,Moderate
25.75,6.01,39.68,798.09,16.78,2026-03-21 17:24:57.202,45,Moderate
25.74,6.0,41.55,797.09,3.19,2026-03-21 17:27:57.202,45,Moderate
25.6,6.0,40.19,798.29,9.08,2026-03-21 17:30:57.202,45,Moderate
25.53,6.0,38.38,798.76,1.24,2026-03-21 17:33:57.202,45,Moderate
25.51,6.01,41.5,798.29,11.54,2026-03-21 17:36:57.202,45,Moderate
25.61,6.0,40.85,798.4,16.89,2026-03-21 17:39:57.202,45,Moderate
25.53,6.0,41.08,796.74,19.99,2026-03-21 17:42:57.202,45,Moderate
25.53,6.0,42.07,797.7,16.21,2026-03-21 17:45:57.202,45,Moderate
25.53,6.0,40.23,797.94,10.0,2026-03-21 17:48:57.202,45,Moderate
25.56,6.0,39.27,798.58,8.02,2026-03-21 17:51:57.202,45,Moderate
25.56,6.0,38.53,799.0,18.83,2026-03-21 17:54:57.202,45,Moderate
25.62,6.0,38.49,798.62,6.11,2026-03-21 17:57:57.202,45,Moderate
25.49,6.01,43.53,798.57,15.24,2026-03-21 18:00:57.202,45,Moderate
25.54,6.0,40.49,799.04,12.08,2026-03-21 18:03:57.202,45,Moderate
25.59,6.0,40.69,798.39,14.48,2026-03-21 18:06:57.202,45,Moderate
25.53,6.0,39.65,797.6,1.16,2026-03-21 18:09:57.202,45,Moderate
25.67,6.0,41.88,798.93,1.66,2026-03-21 18:12:57.202,45,Moderate
25.65,6.0,39.99,798.81,11.11,2026-03-21 18:15:57.202,45,Moderate
25.78,6.0,42.14,799.62,4.59,2026-03-21 18:18:57.202,45,Moderate
25.61,6.01,37.4,799.85,9.47,2026-03-21 18:21:57.202,45,Moderate
25.6,6.0,38.41,799.47,19.76,2026-03-21 18:24:57.202,45,Moderate
25.67,6.02,41.43,799.05,3.32,2026-03-21 18:27:57.202,45,Moderate
25.64,6.01,38.97,797.97,0.94,2026-03-21 18:30:57.202,45,Moderate
25.65,6.0,36.4,799.1,3.43,2026-03-21 18:33:57.202,45,Moderate
25.71,6.0,39.97,799.03,4.04,2026-03-21 18:36:57.202,45,Moderate
25.71,6.0,38.27,799.08,3.06,2026-03-21 18:39:57.202,45,Moderate
25.65,6.0,39.82,799.2,1.65,2026-03-21 18:42:57.202,45,Moderate
25.75,6.0,40.2,799.19,0.49,2026-03-21 18:45:57.202,45,Moderate
25.76,6.0,39.29,799.57,2.12,2026-03-21 18:48:57.202,45,Moderate
25.62,6.0,39.93,799.16,2.5,2026-03-21 18:51:57.202,45,Moderate
25.64,6.0,40.58,797.48,4.42,2026-03-21 18:54:57.202,45,Moderate
25.53,6.0,38.82,798.01,1.48,2026-03-21 18:57:57.202,45,Moderate
25.65,6.01,38.9,798.03,0.32,2026-03-21 19:00:57.202,45,Moderate
25.63,6.0,35.74,799.81,1.24,2026-03-21 19:03:57.202,45,Moderate
25.67,6.0,37.7,800.0,2.29,2026-03-21 19:06:57.202,45,Moderate
25.61,6.0,37.58,799.25,2.14,2026-03-21 19:09:57.202,45,Moderate
25.68,6.0,39.39,797.31,1.29,2026-03-21 19:12:57.202,45,Moderate
25.75,6.0,37.67,796.35,3.46,2026-03-21 19:15:57.202,45,Moderate
25.77,6.0,37.66,796.77,4.94,2026-03-21 19:18:57.202,45,Moderate
25.73,6.0,37.35,798.55,1.47,2026-03-21 19:21:57.202,45,Moderate
25.71,6.0,38.25,797.58,0.68,2026-03-21 19:24:57.202,45,Moderate
25.67,6.0,39.13,797.2,0.15,2026-03-21 19:27:57.202,45,Moderate
25.75,6.0,37.3,798.12,2.2,2026-03-21 19:30:57.202,45,Moderate
25.78,6.0,36.42,797.8,2.28,2026-03-21 19:33:57.202,45,Moderate
25.72,6.0,37.95,798.99,4.24,2026-03-21 19:36:57.202,45,Moderate
25.66,6.01,39.42,800.0,2.55,2026-03-21 19:39:57.202,45,Moderate
25.79,6.0,37.04,799.29,3.4,2026-03-21 19:42:57.202,45,Moderate
25.8,6.01,37.29,799.86,4.17,2026-03-21 19:45:57.202,45,Moderate
25.72,6.01,38.59,800.0,2.66,2026-03-21 19:48:57.202,45,Moderate
25.69,6.0,37.22,800.0,4.34,2026-03-21 19:51:57.202,45,Moderate
25.77,6.01,37.0,800.0,2.18,2026-03-21 19:54:57.202,45,Moderate
25.71,6.0,38.26,800.0,0.93,2026-03-21 19:57:57.202,45,Moderate
25.69,6.0,36.42,800.0,4.16,2026-03-21 20:00:57.202,45,Moderate
25.66,6.0,36.25,799.63,4.35,2026-03-21 20:03:57.202,45,Moderate
25.67,6.0,37.34,799.32,4.26,2026-03-21 20:06:57.202,45,Moderate
25.6,6.02,35.68,798.38,4.71,2026-03-21 20:09:57.202,45,Moderate
25.65,6.03,33.75,797.56,1.56,2026-03-21 20:12:57.202,45,Moderate
25.53,6.02,38.7,798.03,3.5,2026-03-21 20:15:57.202,45,Moderate
25.53,6.02,36.54,797.26,2.69,2026-03-21 20:18:57.202,45,Moderate
25.75,6.0,37.81,796.53,3.93,2026-03-21 20:21:57.202,45,Moderate
25.69,6.01,37.1,796.44,3.73,2026-03-21 20:24:57.202,45,Moderate
25.65,6.01,37.85,796.53,3.45,2026-03-21 20:27:57.202,45,Moderate
25.65,6.01,37.4,796.53,1.4,2026-03-21 20:30:57.202,45,Moderate
25.69,6.0,37.46,796.32,1.13,2026-03-21 20:33:57.202,45,Moderate
25.8,6.0,38.31,796.66,1.12,2026-03-21 20:36:57.202,45,Moderate
25.75,6.0,36.36,797.89,1.83,2026-03-21 20:39:57.202,45,Moderate
25.65,6.0,38.54,797.19,3.83,2026-03-21 20:42:57.202,45,Moderate
25.61,6.0,36.16,797.84,1.77,2026-03-21 20:45:57.202,45,Moderate
25.59,6.0,37.48,799.12,1.93,2026-03-21 20:48:57.202,45,Moderate
25.71,6.01,39.14,800.0,3.12,2026-03-21 20:51:57.202,45,Moderate
25.69,6.0,36.34,800.0,3.87,2026-03-21 20:54:57.202,45,Moderate
25.67,6.01,35.6,800.0,1.5,2026-03-21 20:57:57.202,45,Moderate
25.69,6.03,38.54,800.0,1.93,2026-03-21 21:00:57.202,45,Moderate
25.71,6.01,37.25,800.0,3.42,2026-03-21 21:03:57.202,45,Moderate
25.62,6.0,34.61,800.0,1.0,2026-03-21 21:06:57.202,45,Moderate
25.68,6.0,38.12,798.95,4.51,2026-03-21 21:09:57.202,45,Moderate
25.71,6.0,36.0,798.99,3.04,2026-03-21 21:12:57.202,45,Moderate
25.64,6.01,40.18,799.1,4.77,2026-03-21 21:15:57.202,45,Moderate
25.61,6.01,33.52,798.76,1.07,2026-03-21 21:18:57.202,45,Moderate
25.65,6.01,36.97,799.0,0.58,2026-03-21 21:21:57.202,45,Moderate
25.55,6.0,33.87,798.11,2.96,2026-03-21 21:24:57.202,45,Moderate
25.67,6.0,37.62,798.4,2.06,2026-03-21 21:27:57.202,45,Moderate
25.69,6.0,35.31,799.29,0.96,2026-03-21 21:30:57.202,45,Moderate
25.66,6.0,33.95,799.23,2.45,2026-03-21 21:33:57.202,45,Moderate
25.56,6.02,36.04,798.62,4.51,2026-03-21 21:36:57.202,45,Moderate
25.62,6.01,39.78,798.58,3.91,2026-03-21 21:39:57.202,45,Moderate
25.68,6.0,34.46,798.46,2.6,2026-03-21 21:42:57.202,45,Moderate
25.69,6.0,37.42,797.56,1.13,2026-03-21 21:45:57.202,45,Moderate
25.68,6.0,34.62,797.79,3.26,2026-03-21 21:48:57.202,45,Moderate
25.68,6.0,35.33,797.76,3.8,2026-03-21 21:51:57.202,45,Moderate
25.61,6.01,37.03,798.81,4.57,2026-03-21 21:54:57.202,45,Moderate
25.63,6.0,35.71,797.1,0.15,2026-03-21 21:57:57.202,45,Moderate
25.65,6.0,36.05,796.73,2.1,2026-03-21 22:00:57.202,45,Moderate
25.6,6.01,34.11,796.15,3.48,2026-03-21 22:03:57.202,45,Moderate
25.55,6.0,34.98,795.6,0.71,2026-03-21 22:06:57.202,45,Moderate
25.73,6.0,33.21,797.5,4.35,2026-03-21 22:09:57.202,45,Moderate
25.76,6.0,34.43,796.8,3.75,2026-03-21 22:12:57.202,45,Moderate
25.72,6.0,36.54,796.58,1.2,2026-03-21 22:15:57.202,45,Moderate
25.64,6.0,36.43,797.2,3.69,2026-03-21 22:18:57.202,45,Moderate
25.69,6.0,36.26,796.9,0.84,2026-03-21 22:21:57.202,45,Moderate
25.65,6.0,32.95,797.28,0.4,2026-03-21 22:24:57.202,45,Moderate
25.68,6.02,34.76,798.06,1.53,2026-03-21 22:27:57.202,45,Moderate
25.65,6.01,36.05,797.6,1.7,2026-03-21 22:30:57.202,45,Moderate
25.67,6.0,36.7,797.96,4.25,2026-03-21 22:33:57.202,45,Moderate
25.7,6.0,33.86,797.97,3.16,2026-03-21 22:36:57.202,45,Moderate
25.73,6.0,36.29,798.22,0.46,2026-03-21 22:39:57.202,45,Moderate
25.8,6.0,31.85,798.71,1.34,2026-03-21 22:42:57.202,45,Moderate
25.63,6.0,33.45,800.0,1.84,2026-03-21 22:45:57.202,45,Moderate
25.7,6.0,34.09,800.0,3.58,2026-03-21 22:48:57.202,45,Moderate
25.67,6.01,36.54,799.86,4.46,2026-03-21 22:51:57.202,45,Moderate
25.59,6.0,34.83,798.55,0.17,2026-03-21 22:54:57.202,45,Moderate
25.63,6.0,33.03,798.86,2.97,2026-03-21 22:57:57.202,45,Moderate
25.59,6.0,35.24,799.06,4.21,2026-03-21 23:00:57.202,45,Moderate
25.8,6.0,36.43,798.77,4.44,2026-03-21 23:03:57.202,45,Moderate
25.78,6.0,35.49,798.91,1.59,2026-03-21 23:06:57.202,45,Moderate
25.72,6.0,33.97,799.99,3.03,2026-03-21 23:09:57.202,45,Moderate
25.55,6.01,35.51,800.0,3.56,2026-03-21 23:12:57.202,45,Moderate
25.57,6.0,31.49,799.76,4.7,2026-03-21 23:15:57.202,45,Moderate
25.72,6.0,32.16,799.95,3.57,2026-03-21 23:18:57.202,45,Moderate
25.72,6.0,34.13,800.0,1.8,2026-03-21 23:21:57.202,45,Moderate
25.76,6.0,35.01,799.76,2.28,2026-03-21 23:24:57.202,45,Moderate
25.63,6.0,33.78,799.81,4.8,2026-03-21 23:27:57.202,45,Moderate
25.65,6.0,36.37,800.0,231.03,2026-03-21 23:30:57.202,45,Moderate
25.62,6.0,37.12,799.92,253.61,2026-03-21 23:33:57.202,45,Moderate
25.73,6.0,33.88,798.67,254.26,2026-03-21 23:36:57.202,45,Moderate
25.68,6.01,34.61,799.58,252.22,2026-03-21 23:39:57.202,45,Moderate
25.6,6.0,32.91,799.29,359.84,2026-03-21 23:42:57.202,45,Moderate
25.68,6.0,31.82,800.0,326.97,2026-03-21 23:45:57.202,45,Moderate
25.74,6.0,38.05,800.0,138.3,2026-03-21 23:48:57.202,45,Moderate
25.64,6.0,31.77,799.8,166.31,2026-03-21 23:51:57.202,45,Moderate
25.63,6.0,31.68,799.33,128.48,2026-03-21 23:54:57.202,45,Moderate
25.74,6.0,30.88,799.17,285.5,2026-03-21 23:57:57.202,45,Moderate
25.65,6.0,34.11,800.0,404.93,2026-03-22 00:00:57.202,45,Moderate
25.73,6.0,31.28,799.86,273.07,2026-03-22 00:03:57.202,45,Moderate
25.72,6.0,36.17,800.0,304.62,2026-03-22 00:06:57.202,45,Moderate
25.71,6.0,27.66,800.0,255.13,2026-03-22 00:09:57.202,30,Safe
25.73,6.0,34.56,799.87,142.21,2026-03-22 00:12:57.202,45,Moderate
25.73,6.01,30.42,798.57,329.99,2026-03-22 00:15:57.202,45,Moderate
25.75,6.01,34.45,797.55,248.38,2026-03-22 00:18:57.202,45,Moderate
25.69,6.0,32.19,797.75,322.04,2026-03-22 00:21:57.202,45,Moderate
25.6,6.03,32.46,798.31,379.58,2026-03-22 00:24:57.202,45,Moderate
25.6,6.01,31.0,798.63,149.5,2026-03-22 00:27:57.202,45,Moderate
25.56,6.01,33.03,798.73,95.43,2026-03-22 00:30:57.202,45,Moderate
25.6,6.0,32.14,798.19,89.64,2026-03-22 00:33:57.202,45,Moderate
25.6,6.0,33.76,798.82,80.92,2026-03-22 00:36:57.202,45,Moderate
25.62,6.0,33.99,798.36,38.36,2026-03-22 00:39:57.202,45,Moderate
25.67,6.0,34.96,798.98,78.27,2026-03-22 00:42:57.202,45,Moderate
25.75,6.0,31.43,799.21,78.34,2026-03-22 00:45:57.202,45,Moderate
25.63,6.0,31.43,799.8,32.32,2026-03-22 00:48:57.202,45,Moderate
25.72,6.0,30.76,799.03,28.42,2026-03-22 00:51:57.202,45,Moderate
25.77,6.0,30.37,798.57,119.0,2026-03-22 00:54:57.202,45,Moderate
25.68,6.0,32.2,798.16,79.64,2026-03-22 00:57:57.202,45,Moderate
25.65,6.01,34.18,798.49,94.73,2026-03-22 01:00:57.202,45,Moderate
25.62,6.01,34.48,797.51,45.35,2026-03-22 01:03:57.202,45,Moderate
25.71,6.02,34.55,798.44,21.11,2026-03-22 01:06:57.202,45,Moderate
25.74,6.01,34.25,797.34,85.51,2026-03-22 01:09:57.202,45,Moderate
25.7,6.0,33.1,796.8,91.62,2026-03-22 01:12:57.202,45,Moderate
25.6,6.0,33.01,796.94,18.51,2026-03-22 01:15:57.202,45,Moderate
25.65,6.01,28.84,797.36,47.5,2026-03-22 01:18:57.202,30,Safe
25.69,6.01,29.36,798.02,113.64,2026-03-22 01:21:57.202,30,Safe
25.58,6.02,34.57,797.79,111.11,2026-03-22 01:24:57.202,45,Moderate
25.62,6.01,33.53,798.43,58.94,2026-03-22 01:27:57.202,45,Moderate
25.74,6.01,34.36,798.06,184.0,2026-03-22 01:30:57.202,45,Moderate
25.63,6.0,32.39,797.66,285.06,2026-03-22 01:33:57.202,45,Moderate
25.6,6.0,30.42,797.76,315.18,2026-03-22 01:36:57.202,45,Moderate
25.68,6.0,28.07,798.44,593.72,2026-03-22 01:39:57.202,30,Safe
25.71,6.0,29.45,798.96,559.88,2026-03-22 01:42:57.202,30,Safe
25.69,6.0,31.49,799.23,161.94,2026-03-22 01:45:57.202,45,Moderate
25.73,6.0,30.32,799.85,515.71,2026-03-22 01:48:57.202,45,Moderate
25.64,6.0,30.85,800.0,605.51,2026-03-22 01:51:57.202,45,Moderate
25.64,6.0,32.31,798.85,173.47,2026-03-22 01:54:57.202,45,Moderate
25.69,6.0,30.53,799.26,781.24,2026-03-22 01:57:57.202,45,Moderate
25.64,6.0,32.49,800.0,763.72,2026-03-22 02:00:57.202,45,Moderate
25.62,6.0,30.64,800.0,607.22,2026-03-22 02:03:57.202,45,Moderate
25.68,6.0,29.34,800.0,605.5,2026-03-22 02:06:57.202,30,Safe
25.64,6.0,30.41,800.0,125.94,2026-03-22 02:09:57.202,45,Moderate
25.68,6.01,30.56,800.0,806.73,2026-03-22 02:12:57.202,45,Moderate
25.79,6.0,31.66,800.0,710.59,2026-03-22 02:15:57.202,45,Moderate
25.65,6.0,30.85,800.0,318.94,2026-03-22 02:18:57.202,45,Moderate
25.75,6.0,29.27,799.93,222.09,2026-03-22 02:21:57.202,30,Safe
25.68,6.0,30.74,799.76,634.59,2026-03-22 02:24:57.202,45,Moderate
25.65,6.0,29.79,800.0,869.68,2026-03-22 02:27:57.202,30,Safe
25.63,6.0,37.63,800.0,2151.85,2026-03-22 02:30:57.202,45,Moderate
25.59,6.0,40.45,800.0,3155.93,2026-03-22 02:33:57.202,45,Moderate
25.6,6.0,36.15,800.0,2026.1,2026-03-22 02:36:57.202,45,Moderate
25.59,6.0,41.13,800.0,2017.92,2026-03-22 02:39:57.202,45,Moderate
25.6,6.0,44.61,800.0,1892.49,2026-03-22 02:42:57.202,45,Moderate
25.59,6.01,45.0,800.0,1372.38,2026-03-22 02:45:57.202,45,Moderate
25.69,6.0,47.27,800.0,1900.87,2026-03-22 02:48:57.202,45,Moderate
25.67,6.0,46.26,800.0,2190.67,2026-03-22 02:51:57.202,45,Moderate
25.73,6.0,44.91,800.0,1930.18,2026-03-22 02:54:57.202,45,Moderate
25.83,6.0,42.31,800.0,2483.33,2026-03-22 02:57:57.202,45,Moderate
25.69,6.0,42.31,800.0,1822.56,2026-03-22 03:00:57.202,45,Moderate
25.66,6.0,36.34,799.49,1751.96,2026-03-22 03:03:57.202,45,Moderate
25.69,6.0,38.08,800.0,1548.43,2026-03-22 03:06:57.202,45,Moderate
25.68,6.0,38.37,800.0,2130.38,2026-03-22 03:09:57.202,45,Moderate
25.61,6.02,36.92,799.69,2909.18,2026-03-22 03:12:57.202,45,Moderate
25.73,6.0,35.47,798.64,1950.32,2026-03-22 03:15:57.202,45,Moderate
25.6,6.0,38.43,798.27,1983.31,2026-03-22 03:18:57.202,45,Moderate
25.66,6.0,40.05,798.81,2794.38,2026-03-22 03:21:57.202,45,Moderate
25.64,6.0,38.92,797.91,2176.0,2026-03-22 03:24:57.202,45,Moderate
25.65,6.02,36.7,799.36,1488.91,2026-03-22 03:27:57.202,45,Moderate
25.61,6.0,37.64,799.18,1486.22,2026-03-22 03:30:57.202,45,Moderate
25.6,6.01,38.45,798.33,2440.02,2026-03-22 03:33:57.202,45,Moderate
25.63,6.0,41.22,798.14,2781.04,2026-03-22 03:36:57.202,45,Moderate
25.62,6.0,39.65,798.73,2671.02,2026-03-22 03:39:57.202,45,Moderate
25.65,6.0,38.59,797.79,2495.0,2026-03-22 03:42:57.202,45,Moderate
25.64,6.0,39.28,797.83,2257.46,2026-03-22 03:45:57.202,45,Moderate
25.59,6.0,37.5,799.46,2169.93,2026-03-22 03:48:57.202,45,Moderate
25.64,6.0,37.98,799.42,1957.96,2026-03-22 03:51:57.202,45,Moderate
25.71,6.0,36.46,799.62,2464.19,2026-03-22 03:54:57.202,45,Moderate
25.6,6.0,37.7,799.89,2071.34,2026-03-22 03:57:57.202,45,Moderate
25.57,6.0,38.69,800.0,2528.09,2026-03-22 04:00:57.202,45,Moderate
25.66,6.0,35.6,799.27,1953.39,2026-03-22 04:03:57.202,45,Moderate
25.71,6.0,37.01,797.65,2334.43,2026-03-22 04:06:57.202,45,Moderate
25.68,6.0,38.25,797.98,2345.79,2026-03-22 04:09:57.202,45,Moderate
25.73,6.0,38.0,798.61,1809.98,2026-03-22 04:12:57.202,45,Moderate
25.78,6.0,38.09,797.46,1798.0,2026-03-22 04:15:57.202,45,Moderate
25.69,6.0,37.85,796.58,1748.29,2026-03-22 04:18:57.202,45,Moderate
25.71,6.0,39.49,796.39,1968.46,2026-03-22 04:21:57.202,45,Moderate
25.7,6.0,35.06,796.52,2166.14,2026-03-22 04:24:57.202,45,Moderate
25.62,6.0,34.33,796.95,2708.22,2026-03-22 04:27:57.202,45,Moderate
25.8,6.0,36.59,797.57,2337.73,2026-03-22 04:30:57.202,45,Moderate
26.04,6.0,38.54,799.06,2623.54,2026-03-22 04:33:57.202,45,Moderate
25.98,6.0,36.08,800.0,2899.88,2026-03-22 04:36:57.202,45,Moderate
25.9,6.0,35.03,800.0,2651.19,2026-03-22 04:39:57.202,45,Moderate
25.89,6.0,38.36,799.27,1664.94,2026-03-22 04:42:57.202,45,Moderate
25.91,6.0,34.76,798.94,2769.5,2026-03-22 04:45:57.202,45,Moderate
26.01,6.0,35.65,799.48,1597.7,2026-03-22 04:48:57.202,45,Moderate
26.03,6.0,34.39,800.0,2364.95,2026-03-22 04:51:57.202,45,Moderate
26.05,6.0,33.07,800.0,2246.6,2026-03-22 04:54:57.202,45,Moderate
25.88,6.0,36.15,800.0,2135.01,2026-03-22 04:57:57.202,45,Moderate
25.87,6.01,36.68,800.0,2261.09,2026-03-22 05:00:57.202,45,Moderate
25.89,6.03,36.22,800.0,2040.71,2026-03-22 05:03:57.202,45,Moderate
25.87,6.01,34.96,799.57,2573.9,2026-03-22 05:06:57.202,45,Moderate
25.84,6.01,35.51,800.0,2964.4,2026-03-22 05:09:57.202,45,Moderate
25.89,6.0,35.24,800.0,1630.91,2026-03-22 05:12:57.202,45,Moderate
25.93,6.0,38.3,800.0,2078.87,2026-03-22 05:15:57.202,45,Moderate
25.89,6.0,35.98,799.58,1560.18,2026-03-22 05:18:57.202,45,Moderate
25.93,6.0,38.4,798.17,2545.81,2026-03-22 05:21:57.202,45,Moderate
25.91,6.0,38.14,798.65,2318.5,2026-03-22 05:24:57.202,45,Moderate
25.97,6.0,35.22,797.69,2944.48,2026-03-22 05:27:57.202,45,Moderate
25.9,6.0,38.02,797.54,1934.2,2026-03-22 05:30:57.202,45,Moderate
25.92,6.0,35.62,798.49,1638.15,2026-03-22 05:33:57.202,45,Moderate
25.91,6.02,34.54,799.24,1798.63,2026-03-22 05:36:57.202,45,Moderate
25.88,6.0,33.73,798.75,1547.61,2026-03-22 05:39:57.202,45,Moderate
25.74,6.0,34.97,799.09,2024.45,2026-03-22 05:42:57.202,45,Moderate
25.9,6.0,35.41,798.05,1642.62,2026-03-22 05:45:57.202,45,Moderate
25.89,6.0,35.82,797.91,1526.31,2026-03-22 05:48:57.202,45,Moderate
25.96,6.0,37.72,798.28,2516.49,2026-03-22 05:51:57.202,45,Moderate
25.91,6.0,36.74,800.0,3204.45,2026-03-22 05:54:57.202,45,Moderate
26.08,6.0,34.71,799.51,3093.66,2026-03-22 05:57:57.202,45,Moderate
26.07,6.0,37.14,800.0,2273.04,2026-03-22 06:00:57.202,45,Moderate
26.0,6.0,37.62,800.0,2757.05,2026-03-22 06:03:57.202,45,Moderate
26.0,6.0,32.5,800.0,2096.1,2026-03-22 06:06:57.202,45,Moderate
25.98,6.0,35.02,800.0,2754.17,2026-03-22 06:09:57.202,45,Moderate
25.96,6.0,34.15,800.0,3091.51,2026-03-22 06:12:57.202,45,Moderate
25.84,6.0,32.64,798.81,2385.08,2026-03-22 06:15:57.202,45,Moderate
25.82,6.01,34.02,799.34,2357.1,2026-03-22 06:18:57.202,45,Moderate
25.92,6.01,33.31,798.6,3035.6,2026-03-22 06:21:57.202,45,Moderate
25.84,6.0,33.18,797.64,1445.38,2026-03-22 06:24:57.202,45,Moderate
25.84,6.0,34.14,798.94,1926.01,2026-03-22 06:27:57.202,45,Moderate
25.85,6.0,35.58,798.48,1799.64,2026-03-22 06:30:57.202,45,Moderate
25.94,6.0,32.73,798.18,2337.89,2026-03-22 06:33:57.202,45,Moderate
25.98,6.0,33.03,798.76,2431.05,2026-03-22 06:36:57.202,45,Moderate
25.98,6.0,34.06,798.48,2101.58,2026-03-22 06:39:57.202,45,Moderate
25.97,6.0,33.36,798.92,1972.1,2026-03-22 06:42:57.202,45,Moderate
26.04,6.02,32.78,798.92,1999.5,2026-03-22 06:45:57.202,45,Moderate
25.95,6.03,34.43,798.82,3184.4,2026-03-22 06:48:57.202,45,Moderate
25.93,6.0,35.18,799.13,2650.89,2026-03-22 06:51:57.202,45,Moderate
25.78,6.02,32.31,797.73,2969.24,2026-03-22 06:54:57.202,45,Moderate
25.85,6.0,33.82,797.89,2516.68,2026-03-22 06:57:57.202,45,Moderate
25.84,6.0,33.85,797.22,1825.89,2026-03-22 07:00:57.202,45,Moderate
25.95,6.0,31.93,795.35,2699.66,2026-03-22 07:03:57.202,45,Moderate
25.96,6.0,31.65,796.12,1613.39,2026-03-22 07:06:57.202,45,Moderate
25.96,6.01,34.48,796.29,2275.46,2026-03-22 07:09:57.202,45,Moderate
25.86,6.0,30.32,795.68,2419.04,2026-03-22 07:12:57.202,45,Moderate
25.9,6.0,32.12,795.91,2144.17,2026-03-22 07:15:57.202,45,Moderate
25.9,6.0,35.64,795.98,2237.61,2026-03-22 07:18:57.202,45,Moderate
25.92,6.0,35.21,794.91,2839.39,2026-03-22 07:21:57.202,45,Moderate
25.9,6.0,32.05,794.26,2573.54,2026-03-22 07:24:57.202,45,Moderate
25.9,6.0,33.86,794.85,2796.23,2026-03-22 07:27:57.202,45,Moderate
25.97,6.0,32.62,795.92,3091.07,2026-03-22 07:30:57.202,45,Moderate
25.91,6.0,31.11,795.71,2062.31,2026-03-22 07:33:57.202,45,Moderate
25.9,6.0,37.12,796.73,2102.11,2026-03-22 07:36:57.202,45,Moderate
25.91,6.0,34.2,796.17,2293.96,2026-03-22 07:39:57.202,45,Moderate
25.94,6.0,31.13,797.96,2607.03,2026-03-22 07:42:57.202,45,Moderate
25.93,6.0,34.79,797.55,2279.64,2026-03-22 07:45:57.202,45,Moderate
25.94,6.0,33.18,798.57,1729.92,2026-03-22 07:48:57.202,45,Moderate
26.07,6.0,34.84,798.82,1276.61,2026-03-22 07:51:57.202,45,Moderate
26.04,6.0,33.2,799.1,2432.52,2026-03-22 07:54:57.202,45,Moderate
26.04,6.0,30.5,799.06,2497.24,2026-03-22 07:57:57.202,45,Moderate
25.94,6.0,32.07,799.39,2296.6,2026-03-22 08:00:57.202,45,Moderate
25.88,6.0,33.96,799.59,3120.4,2026-03-22 08:03:57.202,45,Moderate
25.87,6.0,32.33,800.0,2630.49,2026-03-22 08:06:57.202,45,Moderate
25.97,6.0,34.88,799.2,1715.82,2026-03-22 08:09:57.202,45,Moderate
25.98,6.0,33.25,799.72,1684.46,2026-03-22 08:12:57.202,45,Moderate
26.01,6.0,32.98,798.98,2655.7,2026-03-22 08:15:57.202,45,Moderate
25.97,6.0,32.98,799.92,2011.61,2026-03-22 08:18:57.202,45,Moderate
25.89,6.0,32.74,800.0,2866.14,2026-03-22 08:21:57.202,45,Moderate
25.82,6.01,30.41,799.23,1409.03,2026-03-22 08:24:57.202,45,Moderate
25.87,6.0,29.63,799.98,2535.94,2026-03-22 08:27:57.202,30,Safe
25.95,6.01,32.12,799.96,1669.98,2026-03-22 08:30:57.202,45,Moderate
26.04,6.01,32.91,799.83,2504.77,2026-03-22 08:33:57.202,45,Moderate
25.99,6.01,35.98,799.96,1479.39,2026-03-22 08:36:57.202,45,Moderate
25.99,6.02,31.26,800.0,2588.22,2026-03-22 08:39:57.202,45,Moderate
26.06,6.0,32.7,799.75,1274.26,2026-03-22 08:42:57.202,45,Moderate
25.93,6.0,31.9,799.15,3106.12,2026-03-22 08:45:57.202,45,Moderate
26.03,6.0,31.02,799.26,2293.42,2026-03-22 08:48:57.202,45,Moderate
26.02,6.0,33.69,797.11,1559.8,2026-03-22 08:51:57.202,45,Moderate
25.92,6.0,33.35,798.7,2298.88,2026-03-22 08:54:57.202,45,Moderate
26.04,6.0,27.71,799.48,2298.88,2026-03-22 08:57:57.202,30,Safe
25.91,6.0,31.92,798.49,2168.07,2026-03-22 09:00:57.202,45,Moderate
25.8,6.0,31.02,799.71,2831.87,2026-03-22 09:03:57.202,45,Moderate
25.88,6.0,30.68,800.0,1904.7,2026-03-22 09:06:57.202,45,Moderate
25.88,6.0,29.59,800.0,2146.96,2026-03-22 09:09:57.202,30,Safe
25.85,6.0,30.48,799.97,2225.57,2026-03-22 09:12:57.202,45,Moderate
25.92,6.0,28.85,800.0,1940.85,2026-03-22 09:15:57.202,30,Safe
26.0,6.0,27.95,800.0,2380.78,2026-03-22 09:18:57.202,30,Safe
26.04,6.0,29.26,799.36,1879.74,2026-03-22 09:21:57.202,30,Safe
25.9,6.0,30.87,800.0,1595.99,2026-03-22 09:24:57.202,45,Moderate
25.83,6.0,29.45,800.0,2382.75,2026-03-22 09:27:57.202,30,Safe
25.89,6.0,30.06,799.13,2325.9,2026-03-22 09:30:57.202,45,Moderate
25.92,6.01,31.98,800.0,1745.51,2026-03-22 09:33:57.202,45,Moderate
25.99,6.0,32.32,800.0,1770.7,2026-03-22 09:36:57.202,45,Moderate
25.92,6.0,31.78,800.0,2762.32,2026-03-22 09:39:57.202,45,Moderate
25.88,6.0,30.02,800.0,2114.9,2026-03-22 09:42:57.202,45,Moderate
25.92,6.0,29.96,800.0,2381.66,2026-03-22 09:45:57.202,30,Safe
25.9,6.03,31.63,800.0,2079.36,2026-03-22 09:48:57.202,45,Moderate
25.86,6.02,30.78,800.0,1825.2,2026-03-22 09:51:57.202,45,Moderate
25.85,6.0,30.0,800.0,2700.43,2026-03-22 09:54:57.202,30,Safe
25.93,6.0,31.62,799.05,1449.65,2026-03-22 09:57:57.202,45,Moderate
25.81,6.0,30.1,797.74,1269.71,2026-03-22 10:00:57.202,45,Moderate
25.91,6.0,29.84,796.7,2147.96,2026-03-22 10:03:57.202,30,Safe
26.06,6.0,32.35,797.7,1978.61,2026-03-22 10:06:57.202,45,Moderate
26.13,6.0,28.01,797.53,2223.93,2026-03-22 10:09:57.202,30,Safe
26.09,6.0,30.77,797.77,2070.41,2026-03-22 10:12:57.202,45,Moderate
26.01,6.0,29.42,798.3,2989.04,2026-03-22 10:15:57.202,30,Safe
26.0,6.0,30.7,798.88,2257.28,2026-03-22 10:18:57.202,45,Moderate
25.92,6.0,28.77,800.0,2192.37,2026-03-22 10:21:57.202,30,Safe
25.96,6.0,30.78,800.0,1900.17,2026-03-22 10:24:57.202,45,Moderate
25.94,6.0,27.79,799.98,2452.5,2026-03-22 10:27:57.202,30,Safe
25.92,6.0,27.79,800.0,2487.94,2026-03-22 10:30:57.202,30,Safe
25.89,6.0,29.1,800.0,2554.08,2026-03-22 10:33:57.202,30,Safe
25.96,6.0,31.2,799.89,1874.92,2026-03-22 10:36:57.202,45,Moderate
25.88,6.0,29.0,799.57,2388.43,2026-03-22 10:39:57.202,30,Safe
25.88,6.0,27.53,800.0,1540.33,2026-03-22 10:42:57.202,30,Safe
25.92,6.0,29.85,800.0,1831.65,2026-03-22 10:45:57.202,30,Safe
26.02,6.01,27.17,798.66,2266.43,2026-03-22 10:48:57.202,30,Safe
26.03,6.02,27.02,798.79,1352.95,2026-03-22 10:51:57.202,30,Safe
25.93,6.0,27.4,798.09,2550.43,2026-03-22 10:54:57.202,30,Safe
26.02,6.0,26.97,798.35,2119.78,2026-03-22 10:57:57.202,30,Safe
26.02,6.0,28.05,797.85,1403.17,2026-03-22 11:00:57.202,30,Safe
25.95,6.0,29.75,798.59,1956.28,2026-03-22 11:03:57.202,30,Safe
25.92,6.0,26.44,798.12,1822.27,2026-03-22 11:06:57.202,30,Safe
25.9,6.02,29.52,799.02,2327.93,2026-03-22 11:09:57.202,30,Safe
25.96,6.0,27.82,799.27,2189.8,2026-03-22 11:12:57.202,30,Safe
25.96,6.02,29.31,799.35,1662.35,2026-03-22 11:15:57.202,30,Safe
26.02,6.0,28.75,800.0,3236.91,2026-03-22 11:18:57.202,30,Safe
25.96,6.03,27.13,800.0,2843.79,2026-03-22 11:21:57.202,30,Safe
25.94,6.02,29.47,799.54,2576.09,2026-03-22 11:24:57.202,30,Safe
25.9,6.03,27.99,800.0,1717.89,2026-03-22 11:27:57.202,30,Safe
25.94,6.04,26.96,799.43,1609.88,2026-03-22 11:30:57.202,30,Safe
25.83,6.0,29.29,799.08,1367.26,2026-03-22 11:33:57.202,30,Safe
25.79,6.0,30.22,799.41,2168.44,2026-03-22 11:36:57.202,45,Moderate
25.79,6.0,26.56,799.98,2136.82,2026-03-22 11:39:57.202,30,Safe
25.73,6.0,26.47,800.0,2090.66,2026-03-22 11:42:57.202,30,Safe
25.72,6.0,28.1,800.0,1204.57,2026-03-22 11:45:57.202,30,Safe
25.79,6.0,28.39,800.0,2294.98,2026-03-22 11:48:57.202,30,Safe
25.74,6.0,28.3,800.0,1480.17,2026-03-22 11:51:57.202,30,Safe
25.65,6.0,26.95,800.0,1378.84,2026-03-22 11:54:57.202,30,Safe
25.67,6.0,28.28,800.0,1499.91,2026-03-22 11:57:57.202,30,Safe
25.62,6.01,30.04,800.0,1199.09,2026-03-22 12:00:57.202,45,Moderate
25.7,6.01,26.08,800.0,1460.58,2026-03-22 12:03:57.202,30,Safe
25.66,6.01,24.61,799.25,2228.23,2026-03-22 12:06:57.202,30,Safe
25.64,6.02,27.34,799.57,1693.7,2026-03-22 12:09:57.202,30,Safe
25.61,6.01,29.9,798.17,1132.18,2026-03-22 12:12:57.202,30,Safe
25.48,6.0,27.65,798.54,1319.3,2026-03-22 12:15:57.202,30,Safe
25.6,6.0,29.38,798.0,1836.9,2026-03-22 12:18:57.202,30,Safe
25.58,6.0,26.68,798.06,2198.74,2026-03-22 12:21:57.202,30,Safe
25.65,6.0,27.32,797.03,1194.27,2026-03-22 12:24:57.202,30,Safe
25.64,6.0,28.5,798.49,1579.56,2026-03-22 12:27:57.202,30,Safe
25.73,6.03,38.87,800.0,142.43,2026-03-22 12:30:57.202,45,Moderate
25.71,6.03,38.72,800.0,141.04,2026-03-22 12:33:57.202,45,Moderate
25.73,6.04,40.09,800.0,133.21,2026-03-22 12:36:57.202,45,Moderate
25.67,6.03,44.63,800.0,68.57,2026-03-22 12:39:57.202,45,Moderate
25.71,6.02,37.78,800.0,47.62,2026-03-22 12:42:57.202,45,Moderate
25.75,6.0,37.0,800.0,86.43,2026-03-22 12:45:57.202,45,Moderate
25.63,6.0,42.78,800.0,64.14,2026-03-22 12:48:57.202,45,Moderate
25.7,6.0,46.29,800.0,109.11,2026-03-22 12:51:57.202,45,Moderate
25.78,6.0,40.81,800.0,44.53,2026-03-22 12:54:57.202,45,Moderate
25.78,6.0,40.94,800.0,163.24,2026-03-22 12:57:57.202,45,Moderate
25.79,6.0,42.23,800.0,153.24,2026-03-22 13:00:57.202,45,Moderate
25.81,6.0,36.48,799.58,147.61,2026-03-22 13:03:57.202,45,Moderate
25.75,6.0,36.52,799.71,171.93,2026-03-22 13:06:57.202,45,Moderate
25.7,6.0,34.08,798.79,132.81,2026-03-22 13:09:57.202,45,Moderate
25.74,6.0,35.26,798.63,79.42,2026-03-22 13:12:57.202,45,Moderate
25.74,6.0,33.22,799.02,110.08,2026-03-22 13:15:57.202,45,Moderate
25.65,6.0,31.74,798.04,118.97,2026-03-22 13:18:57.202,45,Moderate
25.73,6.0,35.62,799.21,80.41,2026-03-22 13:21:57.202,45,Moderate
25.76,6.01,32.09,799.07,151.24,2026-03-22 13:24:57.202,45,Moderate
25.71,6.02,32.09,797.82,72.79,2026-03-22 13:27:57.202,45,Moderate
25.66,6.01,34.73,796.57,327.29,2026-03-22 13:30:57.202,45,Moderate
25.76,6.02,33.19,795.93,303.87,2026-03-22 13:33:57.202,45,Moderate
25.73,6.01,33.54,795.68,103.51,2026-03-22 13:36:57.202,45,Moderate
25.67,6.0,33.94,794.99,330.53,2026-03-22 13:39:57.202,45,Moderate
25.63,6.01,32.36,794.27,125.98,2026-03-22 13:42:57.202,45,Moderate
25.58,6.0,34.57,795.26,251.66,2026-03-22 13:45:57.202,45,Moderate
25.69,6.01,33.58,794.67,213.89,2026-03-22 13:48:57.202,45,Moderate
25.7,6.0,33.92,794.67,255.35,2026-03-22 13:51:57.202,45,Moderate
25.7,6.0,37.4,794.81,313.54,2026-03-22 13:54:57.202,45,Moderate
25.55,6.0,35.25,796.06,267.61,2026-03-22 13:57:57.202,45,Moderate
25.57,6.0,34.04,796.22,189.28,2026-03-22 14:00:57.202,45,Moderate
25.53,6.0,34.65,795.96,132.83,2026-03-22 14:03:57.202,45,Moderate
25.54,6.0,35.11,796.19,355.34,2026-03-22 14:06:57.202,45,Moderate
25.6,6.0,33.43,797.36,316.42,2026-03-22 14:09:57.202,45,Moderate
25.58,6.0,35.36,797.99,340.4,2026-03-22 14:12:57.202,45,Moderate
25.66,6.02,30.23,797.26,240.85,2026-03-22 14:15:57.202,45,Moderate
25.59,6.01,33.34,797.13,119.61,2026-03-22 14:18:57.202,45,Moderate
25.71,6.02,31.37,797.82,249.16,2026-03-22 14:21:57.202,45,Moderate
25.72,6.0,33.82,796.61,299.19,2026-03-22 14:24:57.202,45,Moderate
25.71,6.0,33.88,797.83,235.82,2026-03-22 14:27:57.202,45,Moderate
25.68,6.0,34.76,797.52,131.61,2026-03-22 14:30:57.202,45,Moderate
25.69,6.0,31.71,798.04,105.05,2026-03-22 14:33:57.202,45,Moderate
25.66,6.0,33.62,799.24,125.78,2026-03-22 14:36:57.202,45,Moderate
25.67,6.0,33.98,798.76,338.02,2026-03-22 14:39:57.202,45,Moderate
25.75,6.0,33.48,799.48,183.25,2026-03-22 14:42:57.202,45,Moderate
25.69,6.0,32.83,798.9,332.09,2026-03-22 14:45:57.202,45,Moderate
25.69,6.0,35.36,798.94,131.61,2026-03-22 14:48:57.202,45,Moderate
25.7,6.0,34.6,800.0,116.66,2026-03-22 14:51:57.202,45,Moderate
25.75,6.0,33.06,798.64,291.44,2026-03-22 14:54:57.202,45,Moderate
25.64,6.0,32.99,799.1,349.4,2026-03-22 14:57:57.202,45,Moderate
25.71,6.0,34.16,798.31,261.83,2026-03-22 15:00:57.202,45,Moderate
25.71,6.01,32.71,797.72,109.02,2026-03-22 15:03:57.202,45,Moderate
25.75,6.0,33.31,796.75,363.06,2026-03-22 15:06:57.202,45,Moderate
25.84,6.0,32.81,797.08,210.88,2026-03-22 15:09:57.202,45,Moderate
25.9,6.0,31.92,797.79,279.62,2026-03-22 15:12:57.202,45,Moderate
25.79,6.0,31.36,796.66,141.44,2026-03-22 15:15:57.202,45,Moderate
25.8,6.0,33.02,798.43,143.15,2026-03-22 15:18:57.202,45,Moderate
25.86,6.0,33.5,799.46,260.67,2026-03-22 15:21:57.202,45,Moderate
25.81,6.0,32.36,798.36,126.84,2026-03-22 15:24:57.202,45,Moderate
25.81,6.0,33.24,799.06,103.78,2026-03-22 15:27:57.202,45,Moderate
25.73,6.0,30.51,799.75,94.37,2026-03-22 15:30:57.202,45,Moderate
25.6,6.0,32.59,800.0,265.18,2026-03-22 15:33:57.202,45,Moderate
25.58,6.0,33.85,799.45,320.76,2026-03-22 15:36:57.202,45,Moderate
25.59,6.0,31.72,798.85,127.33,2026-03-22 15:39:57.202,45,Moderate
25.64,6.0,33.49,799.51,239.59,2026-03-22 15:42:57.202,45,Moderate
25.67,6.0,31.48,799.64,234.51,2026-03-22 15:45:57.202,45,Moderate
25.61,6.02,32.51,799.67,295.92,2026-03-22 15:48:57.202,45,Moderate
25.64,6.0,32.92,799.22,167.92,2026-03-22 15:51:57.202,45,Moderate
25.71,6.0,29.04,799.23,302.3,2026-03-22 15:54:57.202,30,Safe
25.68,6.0,30.81,798.77,239.66,2026-03-22 15:57:57.202,45,Moderate
25.6,6.0,31.9,796.23,179.63,2026-03-22 16:00:57.202,45,Moderate
25.55,6.0,31.3,795.49,130.5,2026-03-22 16:03:57.202,45,Moderate
25.71,6.01,33.03,793.81,226.71,2026-03-22 16:06:57.202,45,Moderate
25.77,6.0,33.18,794.24,317.26,2026-03-22 16:09:57.202,45,Moderate
25.77,6.01,32.09,793.92,112.42,2026-03-22 16:12:57.202,45,Moderate
25.71,6.01,33.36,794.01,127.23,2026-03-22 16:15:57.202,45,Moderate
25.65,6.0,30.44,793.79,203.79,2026-03-22 16:18:57.202,45,Moderate
25.69,6.0,34.48,792.81,214.92,2026-03-22 16:21:57.202,45,Moderate
25.73,6.0,31.17,793.66,210.28,2026-03-22 16:24:57.202,45,Moderate
25.75,6.0,31.1,793.63,294.89,2026-03-22 16:27:57.202,45,Moderate
25.69,6.0,32.12,792.98,238.58,2026-03-22 16:30:57.202,45,Moderate
25.6,6.0,28.63,793.56,110.85,2026-03-22 16:33:57.202,30,Safe
25.65,6.0,30.62,793.38,323.54,2026-03-22 16:36:57.202,45,Moderate
25.74,6.0,29.95,794.16,268.01,2026-03-22 16:39:57.202,30,Safe
25.72,6.0,33.93,795.03,93.28,2026-03-22 16:42:57.202,45,Moderate
25.73,6.0,31.93,794.68,198.12,2026-03-22 16:45:57.202,45,Moderate
25.81,6.03,32.39,795.52,167.17,2026-03-22 16:48:57.202,45,Moderate
25.74,6.0,32.12,793.94,338.08,2026-03-22 16:51:57.202,45,Moderate
25.71,6.0,31.41,793.72,152.04,2026-03-22 16:54:57.202,45,Moderate
25.73,6.0,29.8,793.11,272.73,2026-03-22 16:57:57.202,30,Safe
25.67,6.0,32.72,792.82,208.58,2026-03-22 17:00:57.202,45,Moderate
25.68,6.01,28.47,792.8,322.77,2026-03-22 17:03:57.202,30,Safe
25.67,6.0,33.81,792.16,97.27,2026-03-22 17:06:57.202,45,Moderate
25.75,6.02,29.09,792.63,256.31,2026-03-22 17:09:57.202,30,Safe
25.77,6.02,32.07,791.69,255.05,2026-03-22 17:12:57.202,45,Moderate
25.76,6.01,33.1,792.23,266.65,2026-03-22 17:15:57.202,45,Moderate
25.72,6.01,30.71,792.31,325.35,2026-03-22 17:18:57.202,45,Moderate
25.72,6.02,29.12,793.11,142.57,2026-03-22 17:21:57.202,30,Safe
25.75,6.03,30.12,792.85,217.75,2026-03-22 17:24:57.202,45,Moderate
25.69,6.05,30.52,793.52,217.75,2026-03-22 17:27:57.202,45,Moderate
25.72,6.02,34.38,793.51,11.76,2026-03-22 17:30:57.202,45,Moderate
25.63,6.03,31.25,793.31,17.69,2026-03-22 17:33:57.202,45,Moderate
25.62,6.0,27.6,793.73,16.07,2026-03-22 17:36:57.202,30,Safe
25.63,6.0,31.72,794.31,5.7,2026-03-22 17:39:57.202,45,Moderate
25.72,6.01,31.72,793.54,15.13,2026-03-22 17:42:57.202,45,Moderate
25.68,6.0,30.37,795.29,7.22,2026-03-22 17:45:57.202,45,Moderate
25.64,6.0,30.81,795.44,14.88,2026-03-22 17:48:57.202,45,Moderate
25.57,6.0,32.69,795.85,2.56,2026-03-22 17:51:57.202,45,Moderate
25.66,6.02,31.2,796.54,7.93,2026-03-22 17:54:57.202,45,Moderate
25.67,6.03,30.1,795.82,15.8,2026-03-22 17:57:57.202,45,Moderate
25.65,6.0,30.3,795.07,3.8,2026-03-22 18:00:57.202,45,Moderate
25.62,6.0,27.77,795.31,11.14,2026-03-22 18:03:57.202,30,Safe
25.58,6.01,29.73,797.53,4.25,2026-03-22 18:06:57.202,30,Safe
25.6,6.0,31.47,797.6,7.98,2026-03-22 18:09:57.202,45,Moderate
25.61,6.0,28.33,797.03,4.21,2026-03-22 18:12:57.202,30,Safe
25.58,6.03,30.91,797.62,8.54,2026-03-22 18:15:57.202,45,Moderate
25.59,6.02,32.15,796.49,16.29,2026-03-22 18:18:57.202,45,Moderate
25.66,6.0,31.54,795.52,1.1,2026-03-22 18:21:57.202,45,Moderate
25.63,6.0,31.7,793.47,2.11,2026-03-22 18:24:57.202,45,Moderate
25.65,6.0,27.01,794.68,10.04,2026-03-22 18:27:57.202,30,Safe
25.64,6.01,27.21,794.23,4.45,2026-03-22 18:30:57.202,30,Safe
25.6,6.02,32.13,794.57,2.09,2026-03-22 18:33:57.202,45,Moderate
25.62,6.0,30.76,795.08,2.72,2026-03-22 18:36:57.202,45,Moderate
25.55,6.01,27.64,796.24,4.83,2026-03-22 18:39:57.202,30,Safe
25.57,6.02,28.17,796.89,0.14,2026-03-22 18:42:57.202,30,Safe
25.52,6.01,27.33,797.01,4.64,2026-03-22 18:45:57.202,30,Safe
25.5,6.0,28.13,797.34,2.43,2026-03-22 18:48:57.202,30,Safe
25.46,6.0,29.54,796.35,4.24,2026-03-22 18:51:57.202,30,Safe
25.52,6.03,25.24,795.33,0.53,2026-03-22 18:54:57.202,30,Safe
25.55,6.01,29.95,796.26,4.7,2026-03-22 18:57:57.202,30,Safe
25.62,6.0,29.96,797.37,1.42,2026-03-22 19:00:57.202,30,Safe
25.61,6.0,28.41,796.78,0.7,2026-03-22 19:03:57.202,30,Safe
25.58,6.0,26.69,796.96,0.7,2026-03-22 19:06:57.202,30,Safe
25.62,6.01,30.83,797.92,1.87,2026-03-22 19:09:57.202,45,Moderate
25.64,6.01,28.94,798.73,1.92,2026-03-22 19:12:57.202,30,Safe
25.67,6.0,27.55,798.78,2.65,2026-03-22 19:15:57.202,30,Safe
25.66,6.0,27.0,799.02,4.02,2026-03-22 19:18:57.202,30,Safe
25.58,6.01,29.05,799.6,2.54,2026-03-22 19:21:57.202,30,Safe
25.61,6.01,27.61,799.4,4.03,2026-03-22 19:24:57.202,30,Safe
25.58,6.0,29.71,799.04,0.37,2026-03-22 19:27:57.202,30,Safe
25.58,6.0,30.13,799.05,2.23,2026-03-22 19:30:57.202,45,Moderate
25.61,6.02,27.24,798.61,3.25,2026-03-22 19:33:57.202,30,Safe
25.64,6.01,28.26,797.77,0.82,2026-03-22 19:36:57.202,30,Safe
25.64,6.02,28.81,797.9,4.54,2026-03-22 19:39:57.202,30,Safe
25.59,6.02,29.02,797.84,0.16,2026-03-22 19:42:57.202,30,Safe
25.58,6.03,26.64,797.88,1.37,2026-03-22 19:45:57.202,30,Safe
25.61,6.01,30.3,799.32,2.18,2026-03-22 19:48:57.202,45,Moderate
25.58,6.0,28.02,800.0,3.3,2026-03-22 19:51:57.202,30,Safe
25.61,6.0,26.92,800.0,0.5,2026-03-22 19:54:57.202,30,Safe
25.59,6.0,28.32,798.83,2.92,2026-03-22 19:57:57.202,30,Safe
25.48,6.01,28.63,799.21,0.38,2026-03-22 20:00:57.202,30,Safe
25.58,6.01,26.87,799.12,1.75,2026-03-22 20:03:57.202,30,Safe
25.51,6.0,27.62,799.4,1.77,2026-03-22 20:06:57.202,30,Safe
25.59,6.0,27.61,799.03,2.29,2026-03-22 20:09:57.202,30,Safe
25.59,6.01,29.66,799.53,4.51,2026-03-22 20:12:57.202,30,Safe
25.51,6.0,28.4,799.47,1.43,2026-03-22 20:15:57.202,30,Safe
25.49,6.0,28.62,800.0,1.2,2026-03-22 20:18:57.202,30,Safe
25.6,6.0,27.77,800.0,1.13,2026-03-22 20:21:57.202,30,Safe
25.64,6.0,28.52,800.0,0.3,2026-03-22 20:24:57.202,30,Safe
25.58,6.0,27.32,799.94,1.06,2026-03-22 20:27:57.202,30,Safe
25.55,6.0,26.55,799.91,4.0,2026-03-22 20:30:57.202,30,Safe
25.51,6.0,26.85,800.0,1.33,2026-03-22 20:33:57.202,30,Safe
25.55,6.0,28.24,800.0,0.9,2026-03-22 20:36:57.202,30,Safe
25.57,6.0,28.97,799.3,3.76,2026-03-22 20:39:57.202,30,Safe
25.53,6.0,26.16,799.51,3.64,2026-03-22 20:42:57.202,30,Safe
25.55,6.0,31.62,799.81,0.01,2026-03-22 20:45:57.202,45,Moderate
25.53,6.01,28.78,800.0,0.89,2026-03-22 20:48:57.202,30,Safe
25.69,6.01,26.9,798.95,3.62,2026-03-22 20:51:57.202,30,Safe
25.65,6.01,26.74,798.31,0.84,2026-03-22 20:54:57.202,30,Safe
25.57,6.0,26.34,799.39,0.57,2026-03-22 20:57:57.202,30,Safe
25.5,6.01,25.82,799.0,4.29,2026-03-22 21:00:57.202,30,Safe
25.59,6.01,26.35,799.4,0.42,2026-03-22 21:03:57.202,30,Safe
25.66,6.03,30.04,797.28,3.81,2026-03-22 21:06:57.202,45,Moderate
25.5,6.01,25.98,797.06,3.19,2026-03-22 21:09:57.202,30,Safe
25.48,6.01,25.68,796.61,2.31,2026-03-22 21:12:57.202,30,Safe
25.57,6.02,28.06,796.9,0.34,2026-03-22 21:15:57.202,30,Safe
25.55,6.0,26.45,797.77,4.59,2026-03-22 21:18:57.202,30,Safe
25.45,6.0,28.07,797.61,2.28,2026-03-22 21:21:57.202,30,Safe
25.48,6.0,25.08,798.12,1.7,2026-03-22 21:24:57.202,30,Safe
25.54,6.0,27.92,798.32,3.6,2026-03-22 21:27:57.202,30,Safe
25.6,6.0,24.41,797.14,2.85,2026-03-22 21:30:57.202,30,Safe
25.56,6.0,25.98,795.48,4.82,2026-03-22 21:33:57.202,30,Safe
25.62,6.0,27.29,795.18,4.23,2026-03-22 21:36:57.202,30,Safe
25.64,6.0,25.49,792.99,0.52,2026-03-22 21:39:57.202,30,Safe
25.61,6.0,27.65,793.31,2.03,2026-03-22 21:42:57.202,30,Safe
25.53,6.03,28.46,793.69,3.61,2026-03-22 21:45:57.202,30,Safe
25.57,6.05,26.94,793.04,3.99,2026-03-22 21:48:57.202,30,Safe
25.64,6.05,27.27,793.36,2.29,2026-03-22 21:51:57.202,30,Safe
25.63,6.07,21.72,794.19,4.54,2026-03-22 21:54:57.202,30,Safe
25.63,6.06,26.51,793.64,4.37,2026-03-22 21:57:57.202,30,Safe
25.64,6.05,26.68,793.06,1.31,2026-03-22 22:00:57.202,30,Safe
25.66,6.05,29.66,792.8,3.47,2026-03-22 22:03:57.202,30,Safe
25.65,6.06,27.23,793.43,0.35,2026-03-22 22:06:57.202,30,Safe
25.58,6.07,25.99,793.84,2.04,2026-03-22 22:09:57.202,30,Safe
25.61,6.07,26.29,794.32,4.15,2026-03-22 22:12:57.202,30,Safe
25.61,6.07,25.03,793.98,4.96,2026-03-22 22:15:57.202,30,Safe
25.55,6.06,24.09,794.41,2.1,2026-03-22 22:18:57.202,30,Safe
25.61,6.03,26.2,794.31,0.24,2026-03-22 22:21:57.202,30,Safe
25.52,6.03,29.05,793.99,3.92,2026-03-22 22:24:57.202,30,Safe
25.5,6.05,28.51,793.25,1.25,2026-03-22 22:27:57.202,30,Safe
25.51,6.03,26.66,792.32,0.7,2026-03-22 22:30:57.202,30,Safe
25.48,6.01,21.96,792.02,3.26,2026-03-22 22:33:57.202,30,Safe
25.6,6.01,27.83,790.89,0.11,2026-03-22 22:36:57.202,30,Safe
25.56,6.0,25.87,791.75,3.73,2026-03-22 22:39:57.202,30,Safe
25.54,6.01,23.0,791.88,3.67,2026-03-22 22:42:57.202,30,Safe
25.57,6.0,25.99,792.55,1.64,2026-03-22 22:45:57.202,30,Safe
25.6,6.0,26.67,791.15,2.31,2026-03-22 22:48:57.202,30,Safe
25.48,6.0,23.34,791.08,3.59,2026-03-22 22:51:57.202,30,Safe
25.51,6.01,24.49,791.16,2.92,2026-03-22 22:54:57.202,30,Safe
25.54,6.0,26.3,791.92,0.15,2026-03-22 22:57:57.202,30,Safe
25.5,6.0,25.42,791.51,1.28,2026-03-22 23:00:57.202,30,Safe
25.47,6.01,23.74,792.33,1.88,2026-03-22 23:03:57.202,30,Safe
25.55,6.01,24.14,791.14,0.64,2026-03-22 23:06:57.202,30,Safe
25.57,6.03,26.88,790.82,1.35,2026-03-22 23:09:57.202,30,Safe
25.55,6.04,26.36,790.24,3.43,2026-03-22 23:12:57.202,30,Safe
25.51,6.03,24.67,788.58,3.33,2026-03-22 23:15:57.202,30,Safe
25.49,6.03,25.13,789.27,2.11,2026-03-22 23:18:57.202,30,Safe
25.5,6.06,24.53,789.45,0.4,2026-03-22 23:21:57.202,30,Safe
25.51,6.05,27.25,789.98,3.2,2026-03-22 23:24:57.202,30,Safe
25.62,6.04,24.32,789.84,0.94,2026-03-22 23:27:57.202,30,Safe
25.66,6.02,23.82,790.74,278.34,2026-03-22 23:30:57.202,30,Safe
25.62,6.03,24.36,790.96,378.33,2026-03-22 23:33:57.202,30,Safe
25.63,6.03,26.21,791.62,274.35,2026-03-22 23:36:57.202,30,Safe
25.68,6.04,25.02,792.55,185.11,2026-03-22 23:39:57.202,30,Safe
25.55,6.05,24.54,791.99,265.66,2026-03-22 23:42:57.202,30,Safe
25.53,6.04,26.16,792.03,232.43,2026-03-22 23:45:57.202,30,Safe
25.55,6.04,23.79,792.03,317.61,2026-03-22 23:48:57.202,30,Safe
25.5,6.03,26.45,791.89,341.55,2026-03-22 23:51:57.202,30,Safe
25.55,6.0,28.8,792.81,246.18,2026-03-22 23:54:57.202,30,Safe
25.62,6.0,25.23,794.58,309.47,2026-03-22 23:57:57.202,30,Safe
25.52,6.01,22.98,794.05,328.34,2026-03-23 00:00:57.202,30,Safe
25.56,6.0,26.13,793.65,275.55,2026-03-23 00:03:57.202,30,Safe
25.43,6.01,21.9,793.82,331.81,2026-03-23 00:06:57.202,30,Safe
25.51,6.0,23.72,794.64,194.03,2026-03-23 00:09:57.202,30,Safe
25.55,6.0,25.9,793.93,174.1,2026-03-23 00:12:57.202,30,Safe
25.55,6.02,26.22,793.11,265.19,2026-03-23 00:15:57.202,30,Safe
25.6,6.02,24.72,792.46,391.16,2026-03-23 00:18:57.202,30,Safe
25.55,6.01,25.81,793.84,281.43,2026-03-23 00:21:57.202,30,Safe
25.47,6.0,23.23,795.0,360.15,2026-03-23 00:24:57.202,30,Safe
25.53,6.0,22.95,795.41,227.99,2026-03-23 00:27:57.202,30,Safe
25.53,6.0,25.36,797.27,39.96,2026-03-23 00:30:57.202,30,Safe
25.51,6.0,25.13,798.32,24.49,2026-03-23 00:33:57.202,30,Safe
25.55,6.02,22.67,799.4,95.22,2026-03-23 00:36:57.202,30,Safe
25.55,6.01,25.06,798.48,18.22,2026-03-23 00:39:57.202,30,Safe
25.68,6.0,22.1,797.66,15.08,2026-03-23 00:42:57.202,30,Safe
25.67,6.0,22.75,797.82,94.63,2026-03-23 00:45:57.202,30,Safe
25.58,6.0,25.08,797.2,96.31,2026-03-23 00:48:57.202,30,Safe
25.65,6.0,21.47,797.12,84.23,2026-03-23 00:51:57.202,30,Safe
25.62,6.0,23.72,797.93,36.13,2026-03-23 00:54:57.202,30,Safe
25.55,6.0,21.71,797.06,70.93,2026-03-23 00:57:57.202,30,Safe
25.59,6.01,22.3,797.67,37.3,2026-03-23 01:00:57.202,30,Safe
25.6,6.01,23.83,797.62,20.11,2026-03-23 01:03:57.202,30,Safe
25.67,6.0,22.57,798.58,95.7,2026-03-23 01:06:57.202,30,Safe
25.63,6.01,24.93,798.73,42.05,2026-03-23 01:09:57.202,30,Safe
25.63,6.0,24.04,799.58,81.8,2026-03-23 01:12:57.202,30,Safe
25.67,6.0,25.14,799.0,26.47,2026-03-23 01:15:57.202,30,Safe
25.65,6.0,24.86,799.08,24.09,2026-03-23 01:18:57.202,30,Safe
25.55,6.0,21.79,799.13,21.62,2026-03-23 01:21:57.202,30,Safe
25.45,6.0,24.03,798.17,71.94,2026-03-23 01:24:57.202,30,Safe
25.6,6.0,21.8,798.88,113.48,2026-03-23 01:27:57.202,30,Safe
25.59,6.01,23.11,799.14,426.36,2026-03-23 01:30:57.202,30,Safe
25.65,6.01,23.41,797.6,225.45,2026-03-23 01:33:57.202,30,Safe
25.63,6.01,22.65,797.48,247.93,2026-03-23 01:36:57.202,30,Safe
25.63,6.0,20.55,796.54,594.12,2026-03-23 01:39:57.202,30,Safe
25.59,6.0,23.36,796.66,594.12,2026-03-23 01:42:57.202,30,Safe
25.52,6.0,21.96,795.78,332.76,2026-03-23 01:45:57.202,30,Safe
25.5,6.0,22.41,795.84,535.96,2026-03-23 01:48:57.202,30,Safe
25.59,6.0,22.86,796.44,391.14,2026-03-23 01:51:57.202,30,Safe
25.62,6.0,23.27,797.84,545.09,2026-03-23 01:54:57.202,30,Safe
25.62,6.01,22.56,797.76,528.86,2026-03-23 01:57:57.202,30,Safe
25.69,6.0,23.09,797.6,129.73,2026-03-23 02:00:57.202,30,Safe
25.57,6.0,22.83,796.75,373.24,2026-03-23 02:03:57.202,30,Safe
25.58,6.02,24.98,797.8,552.59,2026-03-23 02:06:57.202,30,Safe
25.44,6.03,22.13,798.22,313.93,2026-03-23 02:09:57.202,30,Safe
25.53,6.02,23.31,797.11,183.22,2026-03-23 02:12:57.202,30,Safe
25.6,6.0,22.46,797.89,560.05,2026-03-23 02:15:57.202,30,Safe
25.49,6.0,23.19,797.76,117.34,2026-03-23 02:18:57.202,30,Safe
25.5,6.0,22.14,797.79,187.66,2026-03-23 02:21:57.202,30,Safe
25.57,6.0,21.88,796.46,420.39,2026-03-23 02:24:57.202,30,Safe
25.62,6.0,24.19,797.1,250.25,2026-03-23 02:27:57.202,30,Safe
25.57,6.0,33.61,800.0,1912.4,2026-03-23 02:30:57.202,45,Moderate
25.61,6.01,35.0,800.0,2436.2,2026-03-23 02:33:57.202,45,Moderate
25.65,6.0,30.31,800.0,1696.41,2026-03-23 02:36:57.202,45,Moderate
25.62,6.0,35.68,800.0,2491.12,2026-03-23 02:39:57.202,45,Moderate
25.58,6.02,37.7,800.0,2464.5,2026-03-23 02:42:57.202,45,Moderate
25.63,6.01,37.88,800.0,1308.1,2026-03-23 02:45:57.202,45,Moderate
25.64,6.01,38.38,800.0,1896.29,2026-03-23 02:48:57.202,45,Moderate
25.64,6.01,34.62,800.0,2209.96,2026-03-23 02:51:57.202,45,Moderate
25.6,6.0,34.86,800.0,2880.02,2026-03-23 02:54:57.202,45,Moderate
25.57,6.0,43.66,800.0,1648.12,2026-03-23 02:57:57.202,45,Moderate
25.62,6.0,37.96,800.0,2114.88,2026-03-23 03:00:57.202,45,Moderate
25.66,6.01,31.62,799.34,2252.84,2026-03-23 03:03:57.202,45,Moderate
25.68,6.0,33.1,800.0,1810.31,2026-03-23 03:06:57.202,45,Moderate
25.7,6.01,28.22,800.0,2408.06,2026-03-23 03:09:57.202,30,Safe
25.68,6.0,30.63,799.68,1717.05,2026-03-23 03:12:57.202,45,Moderate
25.66,6.02,31.64,800.0,2324.53,2026-03-23 03:15:57.202,45,Moderate
25.66,6.03,29.16,800.0,2508.97,2026-03-23 03:18:57.202,30,Safe
25.68,6.03,30.82,800.0,2599.02,2026-03-23 03:21:57.202,45,Moderate
25.63,6.01,29.32,800.0,1838.62,2026-03-23 03:24:57.202,30,Safe
25.63,6.02,30.65,800.0,2563.65,2026-03-23 03:27:57.202,45,Moderate
25.62,6.0,31.54,799.7,2440.9,2026-03-23 03:30:57.202,45,Moderate
25.59,6.0,31.83,800.0,2028.58,2026-03-23 03:33:57.202,45,Moderate
25.52,6.0,29.67,799.53,2716.47,2026-03-23 03:36:57.202,30,Safe
25.53,6.0,32.16,799.79,2601.71,2026-03-23 03:39:57.202,45,Moderate
25.42,6.02,28.92,800.0,1851.91,2026-03-23 03:42:57.202,30,Safe
25.51,6.03,31.36,799.98,1611.42,2026-03-23 03:45:57.202,45,Moderate
25.55,6.01,31.63,800.0,1795.66,2026-03-23 03:48:57.202,45,Moderate
25.54,6.03,33.07,800.0,2403.59,2026-03-23 03:51:57.202,45,Moderate
25.5,6.01,30.64,799.15,2367.92,2026-03-23 03:54:57.202,45,Moderate
25.51,6.0,31.55,798.98,1934.96,2026-03-23 03:57:57.202,45,Moderate
25.44,6.0,29.28,799.96,1997.31,2026-03-23 04:00:57.202,30,Safe
25.51,6.0,31.01,799.96,2522.55,2026-03-23 04:03:57.202,45,Moderate
25.43,6.01,31.51,799.36,2414.88,2026-03-23 04:06:57.202,45,Moderate
25.64,6.0,29.84,799.82,1291.68,2026-03-23 04:09:57.202,30,Safe
25.63,6.0,27.02,798.87,2508.92,2026-03-23 04:12:57.202,30,Safe
25.57,6.02,28.76,798.67,1688.46,2026-03-23 04:15:57.202,30,Safe
25.59,6.03,28.8,799.12,1884.96,2026-03-23 04:18:57.202,30,Safe
25.59,6.04,32.12,799.19,1561.14,2026-03-23 04:21:57.202,45,Moderate
25.61,6.06,29.13,798.81,1795.22,2026-03-23 04:24:57.202,30,Safe
25.47,6.07,29.6,798.66,2127.22,2026-03-23 04:27:57.202,30,Safe
25.68,6.06,29.07,799.62,2530.81,2026-03-23 04:30:57.202,30,Safe
25.65,6.01,29.43,799.22,2907.02,2026-03-23 04:33:57.202,30,Safe
25.85,6.0,29.15,798.65,2820.56,2026-03-23 04:36:57.202,30,Safe
25.81,6.0,28.23,798.63,1803.33,2026-03-23 04:39:57.202,30,Safe
25.78,6.0,30.28,798.2,1411.07,2026-03-23 04:42:57.202,45,Moderate
25.87,6.0,30.38,797.97,2559.6,2026-03-23 04:45:57.202,45,Moderate
25.84,6.0,31.12,796.83,2477.76,2026-03-23 04:48:57.202,45,Moderate
25.85,6.0,29.92,798.01,2279.75,2026-03-23 04:51:57.202,30,Safe
25.8,6.01,30.42,798.81,1558.97,2026-03-23 04:54:57.202,45,Moderate
25.93,6.01,29.82,799.48,1266.16,2026-03-23 04:57:57.202,30,Safe
25.93,6.01,27.05,797.63,1523.46,2026-03-23 05:00:57.202,30,Safe
25.87,6.03,27.74,797.86,1633.19,2026-03-23 05:03:57.202,30,Safe
25.9,6.03,28.44,798.74,2251.29,2026-03-23 05:06:57.202,30,Safe
25.83,6.04,28.65,798.26,2547.67,2026-03-23 05:09:57.202,30,Safe
25.88,6.04,28.88,799.22,2042.24,2026-03-23 05:12:57.202,30,Safe
25.95,6.03,25.7,798.89,1508.39,2026-03-23 05:15:57.202,30,Safe
25.87,6.03,27.92,798.37,1840.89,2026-03-23 05:18:57.202,30,Safe
25.89,6.04,28.18,800.0,2081.1,2026-03-23 05:21:57.202,30,Safe
26.05,6.04,30.85,800.0,2727.9,2026-03-23 05:24:57.202,45,Moderate
26.04,6.02,27.58,800.0,1456.01,2026-03-23 05:27:57.202,30,Safe
25.99,6.04,28.86,800.0,2646.41,2026-03-23 05:30:57.202,30,Safe
25.92,6.02,31.37,798.89,2055.34,2026-03-23 05:33:57.202,45,Moderate
25.89,6.02,26.73,800.0,1665.98,2026-03-23 05:36:57.202,30,Safe
25.9,6.04,28.92,800.0,1954.6,2026-03-23 05:39:57.202,30,Safe
25.97,6.01,28.41,799.29,2424.71,2026-03-23 05:42:57.202,30,Safe
25.97,6.01,29.28,799.34,1648.9,2026-03-23 05:45:57.202,30,Safe
25.87,6.02,29.14,800.0,1622.93,2026-03-23 05:48:57.202,30,Safe
25.78,6.04,26.62,800.0,1813.14,2026-03-23 05:51:57.202,30,Safe
25.92,6.06,29.88,798.71,2786.87,2026-03-23 05:54:57.202,30,Safe
25.86,6.05,28.41,799.87,2202.78,2026-03-23 05:57:57.202,30,Safe
25.85,6.03,28.84,800.0,2712.96,2026-03-23 06:00:57.202,30,Safe
25.88,6.02,29.33,800.0,1687.84,2026-03-23 06:03:57.202,30,Safe
25.92,6.03,26.13,799.77,1687.84,2026-03-23 06:06:57.202,30,Safe
25.83,6.01,28.13,800.0,2095.7,2026-03-23 06:09:57.202,30,Safe
25.79,6.01,28.84,800.0,2717.06,2026-03-23 06:12:57.202,30,Safe
25.83,6.01,30.9,800.0,2142.84,2026-03-23 06:15:57.202,45,Moderate
25.9,6.01,25.76,800.0,1969.77,2026-03-23 06:18:57.202,30,Safe
25.87,6.04,27.8,799.61,1685.18,2026-03-23 06:21:57.202,30,Safe
25.87,6.01,28.72,799.0,1871.67,2026-03-23 06:24:57.202,30,Safe
25.91,6.0,25.9,799.88,2283.37,2026-03-23 06:27:57.202,30,Safe
26.01,6.0,29.08,800.0,2069.32,2026-03-23 06:30:57.202,30,Safe
25.89,6.0,26.67,800.0,2022.03,2026-03-23 06:33:57.202,30,Safe
25.9,6.01,27.61,799.22,1924.68,2026-03-23 06:36:57.202,30,Safe
25.96,6.01,29.53,799.14,1966.4,2026-03-23 06:39:57.202,30,Safe
25.85,6.0,27.06,797.78,1635.76,2026-03-23 06:42:57.202,30,Safe
25.82,6.0,25.63,797.19,2714.1,2026-03-23 06:45:57.202,30,Safe
25.88,6.0,25.73,797.04,2591.72,2026-03-23 06:48:57.202,30,Safe
25.85,6.02,26.06,795.21,2209.57,2026-03-23 06:51:57.202,30,Safe
25.83,6.03,25.21,795.43,2635.61,2026-03-23 06:54:57.202,30,Safe
25.83,6.04,26.29,795.68,2355.62,2026-03-23 06:57:57.202,30,Safe
25.81,6.05,25.98,794.74,2150.19,2026-03-23 07:00:57.202,30,Safe
25.75,6.04,26.82,794.94,2672.98,2026-03-23 07:03:57.202,30,Safe
25.76,6.05,25.72,794.74,2136.08,2026-03-23 07:06:57.202,30,Safe
25.76,6.04,28.14,795.03,2309.22,2026-03-23 07:09:57.202,30,Safe
25.81,6.02,28.16,795.73,2005.14,2026-03-23 07:12:57.202,30,Safe
25.71,6.03,27.04,795.41,2635.51,2026-03-23 07:15:57.202,30,Safe
25.83,6.03,26.84,794.41,1571.94,2026-03-23 07:18:57.202,30,Safe
25.85,6.03,25.42,795.65,2349.19,2026-03-23 07:21:57.202,30,Safe
25.79,6.02,25.56,793.73,1817.73,2026-03-23 07:24:57.202,30,Safe
25.95,6.01,24.45,792.67,2375.14,2026-03-23 07:27:57.202,30,Safe
25.91,6.0,25.7,792.44,2314.04,2026-03-23 07:30:57.202,30,Safe
25.86,6.0,27.71,791.27,1742.78,2026-03-23 07:33:57.202,30,Safe
25.84,6.0,26.27,791.02,2605.85,2026-03-23 07:36:57.202,30,Safe
25.81,6.0,27.84,791.29,2591.99,2026-03-23 07:39:57.202,30,Safe
25.79,6.0,27.78,791.52,1410.32,2026-03-23 07:42:57.202,30,Safe
25.8,6.0,26.13,792.86,2963.83,2026-03-23 07:45:57.202,30,Safe
25.87,6.03,24.22,792.37,2002.3,2026-03-23 07:48:57.202,30,Safe
25.85,6.01,24.4,791.81,2767.58,2026-03-23 07:51:57.202,30,Safe
25.79,6.01,26.39,792.62,2781.41,2026-03-23 07:54:57.202,30,Safe
25.75,6.03,28.49,792.22,2928.77,2026-03-23 07:57:57.202,30,Safe
25.82,6.02,25.83,791.76,1511.72,2026-03-23 08:00:57.202,30,Safe
25.79,6.0,28.04,791.77,2237.88,2026-03-23 08:03:57.202,30,Safe
25.88,6.01,27.49,791.27,2462.48,2026-03-23 08:06:57.202,30,Safe
26.04,6.0,27.35,792.56,2315.05,2026-03-23 08:09:57.202,30,Safe
26.02,6.0,28.9,791.9,2857.65,2026-03-23 08:12:57.202,30,Safe
25.87,6.01,24.05,790.99,2078.63,2026-03-23 08:15:57.202,30,Safe
26.01,6.01,26.47,792.09,1331.22,2026-03-23 08:18:57.202,30,Safe
25.9,6.01,24.77,792.17,2628.06,2026-03-23 08:21:57.202,30,Safe
25.87,6.02,28.18,792.46,2035.53,2026-03-23 08:24:57.202,30,Safe
25.79,6.0,29.46,792.9,1858.22,2026-03-23 08:27:57.202,30,Safe
25.88,6.0,24.62,793.26,2069.14,2026-03-23 08:30:57.202,30,Safe
25.85,6.01,27.58,793.91,1493.01,2026-03-23 08:33:57.202,30,Safe
25.92,6.01,25.22,794.65,2150.95,2026-03-23 08:36:57.202,30,Safe
25.87,6.01,26.9,794.15,1680.57,2026-03-23 08:39:57.202,30,Safe
25.81,6.0,26.57,794.0,1944.18,2026-03-23 08:42:57.202,30,Safe
25.82,6.02,28.79,792.74,2033.07,2026-03-23 08:45:57.202,30,Safe
25.82,6.03,25.63,792.69,1871.57,2026-03-23 08:48:57.202,30,Safe
25.87,6.01,24.6,791.8,2022.97,2026-03-23 08:51:57.202,30,Safe
25.86,6.0,26.24,791.83,1630.94,2026-03-23 08:54:57.202,30,Safe
25.9,6.0,25.43,791.01,2046.75,2026-03-23 08:57:57.202,30,Safe
25.84,6.0,26.55,791.53,2663.15,2026-03-23 09:00:57.202,30,Safe
25.88,6.0,25.89,791.3,2133.42,2026-03-23 09:03:57.202,30,Safe
25.77,6.0,25.02,792.34,1914.42,2026-03-23 09:06:57.202,30,Safe
25.81,6.0,27.43,793.37,1748.41,2026-03-23 09:09:57.202,30,Safe
25.81,6.0,24.63,793.09,3010.22,2026-03-23 09:12:57.202,30,Safe
25.83,6.0,25.49,793.26,2747.47,2026-03-23 09:15:57.202,30,Safe
25.78,6.0,24.16,793.04,1669.27,2026-03-23 09:18:57.202,30,Safe
25.8,6.0,27.78,792.94,2823.58,2026-03-23 09:21:57.202,30,Safe
25.8,6.0,23.15,793.34,2498.15,2026-03-23 09:24:57.202,30,Safe
25.89,6.0,25.94,793.81,2152.46,2026-03-23 09:27:57.202,30,Safe
25.84,6.0,26.27,795.74,1539.91,2026-03-23 09:30:57.202,30,Safe
25.97,6.0,28.19,796.04,2399.25,2026-03-23 09:33:57.202,30,Safe
25.84,6.0,25.13,794.96,2072.93,2026-03-23 09:36:57.202,30,Safe
25.87,6.01,26.85,793.45,2111.81,2026-03-23 09:39:57.202,30,Safe
25.87,6.03,24.17,793.05,2289.27,2026-03-23 09:42:57.202,30,Safe
25.81,6.01,27.79,792.43,1893.64,2026-03-23 09:45:57.202,30,Safe
25.78,6.01,25.4,792.08,1851.95,2026-03-23 09:48:57.202,30,Safe
25.8,6.02,21.73,792.2,1968.63,2026-03-23 09:51:57.202,30,Safe
25.78,6.04,26.28,792.01,1527.94,2026-03-23 09:54:57.202,30,Safe
25.89,6.03,24.55,791.96,2269.37,2026-03-23 09:57:57.202,30,Safe
25.87,6.0,26.72,791.49,2096.54,2026-03-23 10:00:57.202,30,Safe
25.85,6.01,25.86,790.67,2511.1,2026-03-23 10:03:57.202,30,Safe
25.83,6.03,27.07,790.59,1457.37,2026-03-23 10:06:57.202,30,Safe
25.84,6.01,23.82,791.72,1850.18,2026-03-23 10:09:57.202,30,Safe
25.81,6.03,24.96,791.42,2865.65,2026-03-23 10:12:57.202,30,Safe
25.91,6.0,25.06,793.2,2453.37,2026-03-23 10:15:57.202,30,Safe
25.81,6.0,23.49,793.08,1496.51,2026-03-23 10:18:57.202,30,Safe
25.8,6.01,26.08,792.38,1902.13,2026-03-23 10:21:57.202,30,Safe
25.82,6.01,22.77,792.43,2447.21,2026-03-23 10:24:57.202,30,Safe
25.88,6.01,25.45,792.74,1594.31,2026-03-23 10:27:57.202,30,Safe
25.91,6.01,23.87,792.87,2748.92,2026-03-23 10:30:57.202,30,Safe
25.91,6.0,22.27,793.57,2403.37,2026-03-23 10:33:57.202,30,Safe
25.96,6.0,25.17,793.53,1816.43,2026-03-23 10:36:57.202,30,Safe
25.99,6.0,22.93,795.11,1745.45,2026-03-23 10:39:57.202,30,Safe
25.89,6.01,24.83,795.06,2330.94,2026-03-23 10:42:57.202,30,Safe
25.73,6.01,23.73,795.02,1834.73,2026-03-23 10:45:57.202,30,Safe
25.79,6.0,24.45,794.02,2587.74,2026-03-23 10:48:57.202,30,Safe
25.84,6.0,25.17,793.93,2662.31,2026-03-23 10:51:57.202,30,Safe
25.85,6.01,25.21,792.34,2039.6,2026-03-23 10:54:57.202,30,Safe
25.82,6.0,23.37,793.56,2300.43,2026-03-23 10:57:57.202,30,Safe
25.89,6.0,24.95,794.01,1973.13,2026-03-23 11:00:57.202,30,Safe
25.96,6.0,24.29,793.08,1969.73,2026-03-23 11:03:57.202,30,Safe
25.91,6.0,24.88,793.78,1745.77,2026-03-23 11:06:57.202,30,Safe
25.82,6.0,21.46,794.64,1741.44,2026-03-23 11:09:57.202,30,Safe
25.85,6.0,25.93,795.77,1939.22,2026-03-23 11:12:57.202,30,Safe
25.83,6.0,23.9,795.86,2391.98,2026-03-23 11:15:57.202,30,Safe
25.85,6.02,25.51,794.35,1703.08,2026-03-23 11:18:57.202,30,Safe
25.95,6.03,26.57,795.63,2388.98,2026-03-23 11:21:57.202,30,Safe
25.82,6.03,27.16,796.31,2548.25,2026-03-23 11:24:57.202,30,Safe
25.81,6.02,20.92,795.36,2354.63,2026-03-23 11:27:57.202,30,Safe
25.85,6.01,25.74,794.15,1727.4,2026-03-23 11:30:57.202,30,Safe
25.74,6.01,23.74,794.29,1692.49,2026-03-23 11:33:57.202,30,Safe
25.62,6.01,24.76,794.84,1195.04,2026-03-23 11:36:57.202,30,Safe
25.53,6.02,23.37,795.02,2314.13,2026-03-23 11:39:57.202,30,Safe
25.47,6.02,24.37,795.09,2223.9,2026-03-23 11:42:57.202,30,Safe
25.57,6.02,22.85,794.41,2438.91,2026-03-23 11:45:57.202,30,Safe
25.66,6.03,27.43,794.73,1735.62,2026-03-23 11:48:57.202,30,Safe
25.6,6.02,26.9,794.12,2448.33,2026-03-23 11:51:57.202,30,Safe
25.56,6.02,23.85,794.76,1993.72,2026-03-23 11:54:57.202,30,Safe
25.54,6.02,21.75,795.09,1373.34,2026-03-23 11:57:57.202,30,Safe
25.6,6.0,22.16,795.56,2381.09,2026-03-23 12:00:57.202,30,Safe
25.6,6.0,24.16,796.58,1336.73,2026-03-23 12:03:57.202,30,Safe
25.54,6.0,26.47,796.47,1656.88,2026-03-23 12:06:57.202,30,Safe
25.57,6.0,21.98,796.79,2278.97,2026-03-23 12:09:57.202,30,Safe
25.55,6.0,24.18,797.3,1656.89,2026-03-23 12:12:57.202,30,Safe
25.54,6.0,24.63,795.55,1765.04,2026-03-23 12:15:57.202,30,Safe
25.53,6.0,23.19,794.41,1490.74,2026-03-23 12:18:57.202,30,Safe
25.53,6.0,24.67,793.33,2166.72,2026-03-23 12:21:57.202,30,Safe
25.61,6.0,22.86,794.02,2128.27,2026-03-23 12:24:57.202,30,Safe
25.56,6.0,23.58,794.98,1501.3,2026-03-23 12:27:57.202,30,Safe
25.51,6.0,32.24,798.24,133.9,2026-03-23 12:30:57.202,45,Moderate
25.43,6.0,30.72,800.0,31.12,2026-03-23 12:33:57.202,45,Moderate
25.45,6.01,32.01,800.0,61.98,2026-03-23 12:36:57.202,45,Moderate
25.6,6.01,34.76,800.0,68.93,2026-03-23 12:39:57.202,45,Moderate
25.62,6.0,36.33,800.0,152.99,2026-03-23 12:42:57.202,45,Moderate
25.56,6.0,38.06,800.0,179.78,2026-03-23 12:45:57.202,45,Moderate
25.57,6.01,36.91,800.0,48.94,2026-03-23 12:48:57.202,45,Moderate
25.62,6.04,34.95,800.0,71.86,2026-03-23 12:51:57.202,45,Moderate
25.62,6.03,38.06,800.0,148.88,2026-03-23 12:54:57.202,45,Moderate
25.6,6.01,37.97,800.0,126.12,2026-03-23 12:57:57.202,45,Moderate
25.6,6.0,34.21,800.0,78.18,2026-03-23 13:00:57.202,45,Moderate
25.62,6.0,34.45,800.0,155.67,2026-03-23 13:03:57.202,45,Moderate
25.53,6.01,32.29,800.0,35.16,2026-03-23 13:06:57.202,45,Moderate
25.57,6.0,29.05,800.0,159.39,2026-03-23 13:09:57.202,30,Safe
25.57,6.01,28.6,799.46,115.84,2026-03-23 13:12:57.202,30,Safe
25.62,6.01,30.46,798.87,82.52,2026-03-23 13:15:57.202,45,Moderate
25.59,6.01,31.47,799.62,161.81,2026-03-23 13:18:57.202,45,Moderate
25.64,6.0,29.28,798.08,138.16,2026-03-23 13:21:57.202,30,Safe
25.53,6.02,31.53,799.6,109.91,2026-03-23 13:24:57.202,45,Moderate
25.63,6.02,32.08,799.69,117.39,2026-03-23 13:27:57.202,45,Moderate
25.55,6.02,29.62,799.08,83.36,2026-03-23 13:30:57.202,30,Safe
25.48,6.04,29.79,799.5,169.68,2026-03-23 13:33:57.202,30,Safe
25.53,6.03,29.46,800.0,330.3,2026-03-23 13:36:57.202,30,Safe
25.55,6.0,30.98,798.78,224.6,2026-03-23 13:39:57.202,45,Moderate
25.67,6.01,27.95,797.92,156.95,2026-03-23 13:42:57.202,30,Safe
25.61,6.0,28.73,797.24,353.45,2026-03-23 13:45:57.202,30,Safe
25.58,6.01,29.22,798.67,341.43,2026-03-23 13:48:57.202,30,Safe
25.59,6.01,29.04,797.97,88.95,2026-03-23 13:51:57.202,30,Safe
25.65,6.0,31.31,799.12,288.35,2026-03-23 13:54:57.202,45,Moderate
25.71,6.0,30.35,798.78,177.35,2026-03-23 13:57:57.202,45,Moderate
25.58,6.0,30.05,799.17,355.28,2026-03-23 14:00:57.202,45,Moderate
25.5,6.0,29.13,799.4,248.48,2026-03-23 14:03:57.202,30,Safe
25.44,6.0,28.56,799.04,325.97,2026-03-23 14:06:57.202,30,Safe
25.52,6.01,30.25,799.1,288.67,2026-03-23 14:09:57.202,45,Moderate
25.61,6.02,29.33,798.46,94.68,2026-03-23 14:12:57.202,30,Safe
25.6,6.03,28.82,799.08,155.32,2026-03-23 14:15:57.202,30,Safe
25.51,6.03,29.23,799.57,332.39,2026-03-23 14:18:57.202,30,Safe
25.5,6.02,31.72,799.79,357.16,2026-03-23 14:21:57.202,45,Moderate
25.53,6.02,28.06,800.0,329.08,2026-03-23 14:24:57.202,30,Safe
25.54,6.01,29.91,798.84,363.64,2026-03-23 14:27:57.202,30,Safe
25.71,6.0,29.16,798.58,212.81,2026-03-23 14:30:57.202,30,Safe
25.71,6.0,28.06,798.86,328.98,2026-03-23 14:33:57.202,30,Safe
25.69,6.0,28.42,799.13,180.09,2026-03-23 14:36:57.202,30,Safe
25.68,6.0,27.92,798.24,252.08,2026-03-23 14:39:57.202,30,Safe
25.59,6.0,30.38,797.15,344.49,2026-03-23 14:42:57.202,45,Moderate
25.59,6.0,26.13,795.92,334.92,2026-03-23 14:45:57.202,30,Safe
25.59,6.0,26.35,796.46,174.63,2026-03-23 14:48:57.202,30,Safe
25.72,6.0,26.41,797.68,169.68,2026-03-23 14:51:57.202,30,Safe
25.6,6.0,29.75,797.67,237.89,2026-03-23 14:54:57.202,30,Safe
25.63,6.0,27.63,798.87,320.18,2026-03-23 14:57:57.202,30,Safe
25.6,6.0,28.57,799.57,297.1,2026-03-23 15:00:57.202,30,Safe
25.61,6.0,27.34,800.0,181.97,2026-03-23 15:03:57.202,30,Safe
25.57,6.01,29.0,800.0,248.8,2026-03-23 15:06:57.202,30,Safe
25.64,6.01,31.24,799.78,291.44,2026-03-23 15:09:57.202,45,Moderate
25.62,6.0,29.78,800.0,192.9,2026-03-23 15:12:57.202,30,Safe
25.5,6.0,28.62,799.75,198.29,2026-03-23 15:15:57.202,30,Safe
25.57,6.0,29.28,799.65,279.03,2026-03-23 15:18:57.202,30,Safe
25.54,6.0,27.62,799.12,219.66,2026-03-23 15:21:57.202,30,Safe
25.58,6.0,27.92,799.36,340.36,2026-03-23 15:24:57.202,30,Safe
25.56,6.0,25.53,798.26,283.2,2026-03-23 15:27:57.202,30,Safe
25.64,6.0,27.13,799.15,166.21,2026-03-23 15:30:57.202,30,Safe
25.69,6.02,27.78,798.96,242.21,2026-03-23 15:33:57.202,30,Safe
25.59,6.0,26.17,799.58,338.91,2026-03-23 15:36:57.202,30,Safe
25.61,6.0,28.51,800.0,177.46,2026-03-23 15:39:57.202,30,Safe
25.58,6.0,28.33,799.21,306.65,2026-03-23 15:42:57.202,30,Safe
25.6,6.0,29.57,797.54,130.84,2026-03-23 15:45:57.202,30,Safe
25.51,6.0,25.85,797.97,319.89,2026-03-23 15:48:57.202,30,Safe
25.54,6.0,29.49,800.0,208.72,2026-03-23 15:51:57.202,30,Safe
25.76,6.0,26.9,799.9,317.82,2026-03-23 15:54:57.202,30,Safe
25.71,6.0,26.91,800.0,258.42,2026-03-23 15:57:57.202,30,Safe
25.62,6.0,28.95,798.25,171.12,2026-03-23 16:00:57.202,30,Safe
25.73,6.0,27.81,800.0,307.79,2026-03-23 16:03:57.202,30,Safe
25.57,6.0,27.3,799.12,137.06,2026-03-23 16:06:57.202,30,Safe
25.64,6.0,25.16,798.75,345.58,2026-03-23 16:09:57.202,30,Safe
25.64,6.01,29.18,798.54,317.46,2026-03-23 16:12:57.202,30,Safe
25.76,6.01,28.68,798.37,316.32,2026-03-23 16:15:57.202,30,Safe
25.61,6.0,27.63,799.52,223.51,2026-03-23 16:18:57.202,30,Safe
25.62,6.0,26.21,800.0,178.66,2026-03-23 16:21:57.202,30,Safe
25.69,6.0,28.21,800.0,106.26,2026-03-23 16:24:57.202,30,Safe
25.63,6.0,28.32,799.04,99.7,2026-03-23 16:27:57.202,30,Safe
25.56,6.01,26.72,800.0,234.72,2026-03-23 16:30:57.202,30,Safe
25.5,6.0,26.83,800.0,159.38,2026-03-23 16:33:57.202,30,Safe
25.58,6.0,25.57,800.0,104.09,2026-03-23 16:36:57.202,30,Safe
25.46,6.0,25.7,799.65,205.48,2026-03-23 16:39:57.202,30,Safe
25.47,6.0,27.19,799.08,332.51,2026-03-23 16:42:57.202,30,Safe
25.58,6.0,25.95,799.85,146.86,2026-03-23 16:45:57.202,30,Safe
25.6,6.02,28.62,800.0,184.61,2026-03-23 16:48:57.202,30,Safe
25.69,6.02,26.41,798.49,233.46,2026-03-23 16:51:57.202,30,Safe
25.67,6.03,28.67,799.06,315.2,2026-03-23 16:54:57.202,30,Safe
25.54,6.0,29.1,797.9,254.15,2026-03-23 16:57:57.202,30,Safe
25.58,6.0,29.14,798.12,285.98,2026-03-23 17:00:57.202,30,Safe
25.6,6.01,25.84,795.96,116.82,2026-03-23 17:03:57.202,30,Safe
25.58,6.03,27.16,794.9,117.5,2026-03-23 17:06:57.202,30,Safe
25.67,6.03,23.72,795.02,169.57,2026-03-23 17:09:57.202,30,Safe
25.75,6.01,23.72,796.49,260.61,2026-03-23 17:12:57.202,30,Safe
25.71,6.0,26.58,797.03,289.4,2026-03-23 17:15:57.202,30,Safe
25.64,6.0,27.59,798.14,333.01,2026-03-23 17:18:57.202,30,Safe
25.68,6.0,26.49,797.75,353.61,2026-03-23 17:21:57.202,30,Safe
25.68,6.0,26.44,797.58,134.25,2026-03-23 17:24:57.202,30,Safe
25.69,6.01,26.2,797.4,288.63,2026-03-23 17:27:57.202,30,Safe
25.74,6.0,25.88,797.72,18.87,2026-03-23 17:30:57.202,30,Safe
25.75,6.0,25.37,797.25,15.98,2026-03-23 17:33:57.202,30,Safe
25.64,6.0,27.73,797.74,10.05,2026-03-23 17:36:57.202,30,Safe
25.59,6.0,24.97,797.68,7.74,2026-03-23 17:39:57.202,30,Safe
25.61,6.0,26.85,797.97,14.77,2026-03-23 17:42:57.202,30,Safe
25.61,6.0,25.01,798.61,0.42,2026-03-23 17:45:57.202,30,Safe
25.59,6.0,27.51,799.32,17.01,2026-03-23 17:48:57.202,30,Safe
25.59,6.0,25.95,798.96,5.21,2026-03-23 17:51:57.202,30,Safe
25.71,6.01,25.79,799.05,4.55,2026-03-23 17:54:57.202,30,Safe
25.63,6.0,25.5,799.19,2.86,2026-03-23 17:57:57.202,30,Safe
25.48,6.01,25.4,798.69,1.57,2026-03-23 18:00:57.202,30,Safe
25.53,6.02,23.8,799.42,14.96,2026-03-23 18:03:57.202,30,Safe
25.59,6.02,24.58,800.0,15.93,2026-03-23 18:06:57.202,30,Safe
25.43,6.03,25.81,799.19,8.98,2026-03-23 18:09:57.202,30,Safe
25.48,6.01,24.05,799.74,15.98,2026-03-23 18:12:57.202,30,Safe
25.51,6.01,25.43,799.36,2.35,2026-03-23 18:15:57.202,30,Safe
25.59,6.0,25.21,800.0,4.44,2026-03-23 18:18:57.202,30,Safe
25.62,6.0,23.67,800.0,0.9,2026-03-23 18:21:57.202,30,Safe
25.65,6.0,27.93,800.0,0.9,2026-03-23 18:24:57.202,30,Safe
25.63,6.01,25.34,799.11,11.19,2026-03-23 18:27:57.202,30,Safe
25.56,6.02,23.56,798.91,0.31,2026-03-23 18:30:57.202,30,Safe
25.52,6.0,27.15,800.0,2.18,2026-03-23 18:33:57.202,30,Safe
25.65,6.0,25.41,800.0,4.93,2026-03-23 18:36:57.202,30,Safe
25.79,6.02,25.42,799.97,4.37,2026-03-23 18:39:57.202,30,Safe
25.77,6.0,24.17,800.0,4.1,2026-03-23 18:42:57.202,30,Safe
25.78,6.0,25.5,797.64,0.59,2026-03-23 18:45:57.202,30,Safe
25.82,6.01,24.71,798.88,3.56,2026-03-23 18:48:57.202,30,Safe
25.79,6.02,23.7,798.28,2.07,2026-03-23 18:51:57.202,30,Safe
25.65,6.0,25.77,798.67,1.86,2026-03-23 18:54:57.202,30,Safe
25.65,6.0,25.24,798.15,1.31,2026-03-23 18:57:57.202,30,Safe
25.69,6.0,22.18,796.9,4.72,2026-03-23 19:00:57.202,30,Safe
25.69,6.01,23.35,796.7,1.49,2026-03-23 19:03:57.202,30,Safe
25.68,6.0,25.4,797.58,3.92,2026-03-23 19:06:57.202,30,Safe
25.65,6.0,25.24,796.49,0.28,2026-03-23 19:09:57.202,30,Safe
25.59,6.0,23.46,796.43,3.6,2026-03-23 19:12:57.202,30,Safe
25.6,6.0,22.29,796.39,4.11,2026-03-23 19:15:57.202,30,Safe
25.66,6.0,24.08,795.32,0.34,2026-03-23 19:18:57.202,30,Safe
25.6,6.02,25.51,795.78,2.81,2026-03-23 19:21:57.202,30,Safe
25.69,6.02,25.39,796.2,4.25,2026-03-23 19:24:57.202,30,Safe
25.67,6.01,25.47,794.9,0.62,2026-03-23 19:27:57.202,30,Safe
25.62,6.0,28.57,794.88,1.95,2026-03-23 19:30:57.202,30,Safe
25.62,6.0,28.41,795.15,1.58,2026-03-23 19:33:57.202,30,Safe
25.68,6.0,21.39,794.26,0.54,2026-03-23 19:36:57.202,30,Safe
25.68,6.0,24.84,794.6,1.14,2026-03-23 19:39:57.202,30,Safe
25.6,6.0,26.33,793.72,3.16,2026-03-23 19:42:57.202,30,Safe
25.7,6.0,21.74,793.28,0.03,2026-03-23 19:45:57.202,30,Safe
25.65,6.0,26.81,793.92,0.76,2026-03-23 19:48:57.202,30,Safe
25.72,6.0,22.37,794.41,4.85,2026-03-23 19:51:57.202,30,Safe
25.64,6.0,24.16,793.91,0.15,2026-03-23 19:54:57.202,30,Safe
25.59,6.0,21.85,795.29,1.98,2026-03-23 19:57:57.202,30,Safe
25.69,6.0,25.04,795.36,4.93,2026-03-23 20:00:57.202,30,Safe
25.8,6.0,25.61,796.71,4.27,2026-03-23 20:03:57.202,30,Safe
25.81,6.0,24.58,796.36,3.36,2026-03-23 20:06:57.202,30,Safe
25.7,6.0,24.64,796.93,3.06,2026-03-23 20:09:57.202,30,Safe
25.68,6.0,27.51,796.88,2.73,2026-03-23 20:12:57.202,30,Safe
25.58,6.0,25.53,797.77,4.49,2026-03-23 20:15:57.202,30,Safe
25.72,6.01,24.08,796.74,0.3,2026-03-23 20:18:57.202,30,Safe
25.68,6.01,23.14,795.77,3.2,2026-03-23 20:21:57.202,30,Safe
25.61,6.01,27.0,796.5,2.62,2026-03-23 20:24:57.202,30,Safe
25.56,6.0,27.26,796.96,2.48,2026-03-23 20:27:57.202,30,Safe
25.73,6.0,23.46,796.77,3.57,2026-03-23 20:30:57.202,30,Safe
25.82,6.02,26.58,797.06,4.83,2026-03-23 20:33:57.202,30,Safe
25.74,6.01,24.13,795.97,2.39,2026-03-23 20:36:57.202,30,Safe
25.65,6.0,24.68,795.34,3.82,2026-03-23 20:39:57.202,30,Safe
25.63,6.0,22.72,794.65,1.71,2026-03-23 20:42:57.202,30,Safe
25.71,6.01,25.55,794.65,2.86,2026-03-23 20:45:57.202,30,Safe
25.56,6.02,24.99,793.9,3.87,2026-03-23 20:48:57.202,30,Safe
25.62,6.04,21.83,792.93,0.67,2026-03-23 20:51:57.202,30,Safe
25.67,6.04,23.56,792.59,2.11,2026-03-23 20:54:57.202,30,Safe
25.64,6.04,20.85,791.94,1.56,2026-03-23 20:57:57.202,30,Safe
25.68,6.06,22.13,790.87,1.99,2026-03-23 21:00:57.202,30,Safe
25.68,6.06,23.36,790.32,1.42,2026-03-23 21:03:57.202,30,Safe
25.67,6.06,23.96,789.8,1.54,2026-03-23 21:06:57.202,30,Safe
25.65,6.05,22.71,790.55,4.35,2026-03-23 21:09:57.202,30,Safe
25.73,6.06,21.96,792.0,3.33,2026-03-23 21:12:57.202,30,Safe
25.6,6.06,25.18,790.99,4.96,2026-03-23 21:15:57.202,30,Safe
25.71,6.04,24.53,790.59,4.54,2026-03-23 21:18:57.202,30,Safe
25.73,6.03,22.64,790.07,0.88,2026-03-23 21:21:57.202,30,Safe
25.75,6.03,23.72,789.22,4.59,2026-03-23 21:24:57.202,30,Safe
25.67,6.0,20.25,790.21,4.98,2026-03-23 21:27:57.202,30,Safe
25.62,6.01,23.19,790.62,1.72,2026-03-23 21:30:57.202,30,Safe
25.64,6.04,20.24,790.89,1.62,2026-03-23 21:33:57.202,30,Safe
25.66,6.03,26.96,791.81,1.37,2026-03-23 21:36:57.202,30,Safe
25.72,6.03,24.86,791.09,1.44,2026-03-23 21:39:57.202,30,Safe
25.66,6.03,25.81,790.6,3.22,2026-03-23 21:42:57.202,30,Safe
25.73,6.02,21.12,790.6,1.37,2026-03-23 21:45:57.202,30,Safe
25.71,6.01,23.07,789.87,2.25,2026-03-23 21:48:57.202,30,Safe
25.69,6.01,23.61,789.14,2.89,2026-03-23 21:51:57.202,30,Safe
25.71,6.02,24.45,788.78,3.87,2026-03-23 21:54:57.202,30,Safe
25.69,6.01,23.96,789.54,1.81,2026-03-23 21:57:57.202,30,Safe
25.66,6.01,25.09,791.01,3.85,2026-03-23 22:00:57.202,30,Safe
25.63,6.01,21.9,789.84,0.36,2026-03-23 22:03:57.202,30,Safe
25.75,6.01,22.6,789.6,1.63,2026-03-23 22:06:57.202,30,Safe
25.69,6.0,22.1,789.93,1.97,2026-03-23 22:09:57.202,30,Safe
25.79,6.0,23.64,788.64,2.32,2026-03-23 22:12:57.202,30,Safe
25.69,6.0,22.86,787.97,4.66,2026-03-23 22:15:57.202,30,Safe
25.61,6.0,22.53,787.14,1.67,2026-03-23 22:18:57.202,30,Safe
25.57,6.0,22.25,786.88,4.24,2026-03-23 22:21:57.202,30,Safe
25.68,6.03,23.54,786.8,4.18,2026-03-23 22:24:57.202,30,Safe
25.8,6.05,21.82,787.61,1.12,2026-03-23 22:27:57.202,30,Safe
25.67,6.04,21.13,788.47,2.1,2026-03-23 22:30:57.202,30,Safe
25.65,6.05,23.22,789.69,4.97,2026-03-23 22:33:57.202,30,Safe
25.68,6.06,21.03,791.18,0.36,2026-03-23 22:36:57.202,30,Safe
25.71,6.07,19.66,791.8,1.9,2026-03-23 22:39:57.202,15,Safe
25.64,6.07,19.97,792.04,2.82,2026-03-23 22:42:57.202,15,Safe
25.73,6.07,20.27,792.07,1.63,2026-03-23 22:45:57.202,30,Safe
25.73,6.05,23.77,793.21,4.17,2026-03-23 22:48:57.202,30,Safe
25.7,6.03,21.12,792.97,2.49,2026-03-23 22:51:57.202,30,Safe
25.7,6.01,20.21,792.56,4.41,2026-03-23 22:54:57.202,30,Safe
25.66,6.02,21.0,793.65,0.49,2026-03-23 22:57:57.202,30,Safe
25.67,6.0,20.46,793.29,4.85,2026-03-23 23:00:57.202,30,Safe
25.59,6.01,22.62,791.72,4.66,2026-03-23 23:03:57.202,30,Safe
25.57,6.02,19.03,793.27,1.66,2026-03-23 23:06:57.202,15,Safe
25.69,6.05,21.79,793.17,0.45,2026-03-23 23:09:57.202,30,Safe
25.67,6.04,19.51,794.58,4.56,2026-03-23 23:12:57.202,15,Safe
25.73,6.04,21.61,793.5,1.36,2026-03-23 23:15:57.202,30,Safe
25.65,6.05,22.95,794.31,3.21,2026-03-23 23:18:57.202,30,Safe
25.65,6.04,21.92,794.37,3.82,2026-03-23 23:21:57.202,30,Safe
25.73,6.02,23.17,795.5,4.46,2026-03-23 23:24:57.202,30,Safe
25.72,6.05,24.37,796.02,1.67,2026-03-23 23:27:57.202,30,Safe
25.62,6.08,19.4,796.64,15.01,2026-03-23 23:30:57.202,15,Safe
25.68,6.07,20.14,796.26,51.92,2026-03-23 23:33:57.202,30,Safe
25.56,6.05,22.14,796.03,49.82,2026-03-23 23:36:57.202,30,Safe
25.75,6.05,22.09,796.98,77.41,2026-03-23 23:39:57.202,30,Safe
25.7,6.05,21.33,796.15,105.61,2026-03-23 23:42:57.202,30,Safe
25.68,6.06,22.35,795.44,74.13,2026-03-23 23:45:57.202,30,Safe
25.53,6.03,21.21,796.86,119.6,2026-03-23 23:48:57.202,30,Safe
25.55,6.03,20.46,798.49,109.44,2026-03-23 23:51:57.202,30,Safe
25.66,6.0,21.7,798.36,62.49,2026-03-23 23:54:57.202,30,Safe
25.69,6.0,20.0,799.18,110.16,2026-03-23 23:57:57.202,15,Safe
25.6,6.0,20.15,799.46,62.18,2026-03-24 00:00:57.202,30,Safe
25.67,6.0,21.58,799.76,57.87,2026-03-24 00:03:57.202,30,Safe
25.72,6.0,21.16,800.0,89.46,2026-03-24 00:06:57.202,30,Safe
25.72,6.0,21.21,798.85,21.3,2026-03-24 00:09:57.202,30,Safe
25.84,6.0,22.73,799.16,24.78,2026-03-24 00:12:57.202,30,Safe
25.68,6.0,18.7,800.0,103.61,2026-03-24 00:15:57.202,15,Safe
25.68,6.02,21.79,800.0,109.13,2026-03-24 00:18:57.202,30,Safe
25.8,6.03,21.24,800.0,108.3,2026-03-24 00:21:57.202,30,Safe
25.65,6.08,19.5,800.0,80.42,2026-03-24 00:24:57.202,15,Safe
25.68,6.07,20.19,799.3,23.77,2026-03-24 00:27:57.202,30,Safe
25.66,6.05,24.44,798.13,79.13,2026-03-24 00:30:57.202,30,Safe
25.67,6.04,20.66,798.51,34.02,2026-03-24 00:33:57.202,30,Safe
25.57,6.05,20.78,798.25,29.06,2026-03-24 00:36:57.202,30,Safe
25.62,6.08,19.35,798.34,33.09,2026-03-24 00:39:57.202,15,Safe
25.61,6.1,21.77,800.0,15.44,2026-03-24 00:42:57.202,30,Safe
25.53,6.09,23.45,800.0,80.37,2026-03-24 00:45:57.202,30,Safe
25.69,6.09,18.73,800.0,79.03,2026-03-24 00:48:57.202,15,Safe
25.7,6.1,18.73,798.38,30.2,2026-03-24 00:51:57.202,15,Safe
25.64,6.08,20.86,798.69,35.71,2026-03-24 00:54:57.202,30,Safe
25.77,6.08,21.02,798.3,97.1,2026-03-24 00:57:57.202,30,Safe
25.72,6.06,19.89,798.42,93.59,2026-03-24 01:00:57.202,15,Safe
25.75,6.04,20.69,798.12,63.62,2026-03-24 01:03:57.202,30,Safe
25.7,6.05,20.35,798.32,84.76,2026-03-24 01:06:57.202,30,Safe
25.79,6.04,21.93,799.26,118.76,2026-03-24 01:09:57.202,30,Safe
25.74,6.05,21.93,798.35,88.29,2026-03-24 01:12:57.202,30,Safe
25.67,6.04,21.56,797.34,18.26,2026-03-24 01:15:57.202,30,Safe
25.62,6.06,18.24,796.91,30.75,2026-03-24 01:18:57.202,15,Safe
25.66,6.07,18.68,796.61,82.74,2026-03-24 01:21:57.202,15,Safe
25.65,6.11,21.42,796.42,71.87,2026-03-24 01:24:57.202,30,Safe
25.74,6.12,20.89,797.84,55.6,2026-03-24 01:27:57.202,30,Safe
25.62,6.1,21.75,797.71,296.63,2026-03-24 01:30:57.202,30,Safe
25.67,6.09,21.41,797.96,643.11,2026-03-24 01:33:57.202,30,Safe
25.77,6.09,19.0,798.04,259.76,2026-03-24 01:36:57.202,15,Safe
25.65,6.06,18.24,797.35,180.21,2026-03-24 01:39:57.202,15,Safe
25.66,6.05,19.64,797.0,533.31,2026-03-24 01:42:57.202,15,Safe
25.56,6.08,16.29,796.82,158.21,2026-03-24 01:45:57.202,15,Safe
25.67,6.08,17.88,796.1,543.05,2026-03-24 01:48:57.202,15,Safe
25.69,6.08,19.48,795.52,331.33,2026-03-24 01:51:57.202,15,Safe
25.61,6.08,21.39,795.91,923.83,2026-03-24 01:54:57.202,30,Safe
25.56,6.09,18.35,796.11,820.52,2026-03-24 01:57:57.202,15,Safe
25.6,6.09,19.06,795.31,659.76,2026-03-24 02:00:57.202,15,Safe
25.61,6.11,19.54,794.77,732.41,2026-03-24 02:03:57.202,15,Safe
25.67,6.11,21.03,794.79,761.25,2026-03-24 02:06:57.202,30,Safe
25.65,6.14,18.92,795.13,177.51,2026-03-24 02:09:57.202,15,Safe
25.71,6.13,22.34,793.82,604.28,2026-03-24 02:12:57.202,30,Safe
25.77,6.13,20.88,794.85,203.35,2026-03-24 02:15:57.202,30,Safe
25.65,6.12,18.9,795.25,166.11,2026-03-24 02:18:57.202,15,Safe
25.63,6.12,20.28,795.53,336.56,2026-03-24 02:21:57.202,30,Safe
25.63,6.13,20.17,795.39,404.36,2026-03-24 02:24:57.202,30,Safe
25.71,6.13,17.3,796.36,423.88,2026-03-24 02:27:57.202,15,Safe
25.7,6.14,31.1,799.52,1995.87,2026-03-24 02:30:57.202,45,Moderate
25.64,6.13,27.39,800.0,1588.66,2026-03-24 02:33:57.202,30,Safe
25.59,6.11,33.65,800.0,2076.48,2026-03-24 02:36:57.202,45,Moderate
25.58,6.11,32.64,800.0,1818.04,2026-03-24 02:39:57.202,45,Moderate
25.65,6.12,30.82,800.0,1336.64,2026-03-24 02:42:57.202,45,Moderate
25.62,6.1,35.5,800.0,2963.84,2026-03-24 02:45:57.202,45,Moderate
25.66,6.11,34.21,800.0,2465.18,2026-03-24 02:48:57.202,45,Moderate
25.65,6.1,32.74,800.0,1885.61,2026-03-24 02:51:57.202,45,Moderate
25.54,6.11,33.36,800.0,2918.58,2026-03-24 02:54:57.202,45,Moderate
25.6,6.11,35.0,800.0,2939.58,2026-03-24 02:57:57.202,45,Moderate
25.61,6.11,36.66,800.0,1953.6,2026-03-24 03:00:57.202,45,Moderate
25.72,6.1,26.93,799.13,2132.48,2026-03-24 03:03:57.202,30,Safe
25.7,6.06,26.99,799.46,2776.45,2026-03-24 03:06:57.202,30,Safe
25.71,6.07,23.62,799.4,2308.07,2026-03-24 03:09:57.202,30,Safe
25.56,6.04,25.94,798.97,1838.36,2026-03-24 03:12:57.202,30,Safe
25.6,6.02,27.1,799.81,2705.14,2026-03-24 03:15:57.202,30,Safe
25.67,6.01,25.97,800.0,2559.52,2026-03-24 03:18:57.202,30,Safe
25.75,6.0,28.95,798.79,2719.31,2026-03-24 03:21:57.202,30,Safe
25.77,6.0,27.07,800.0,3043.97,2026-03-24 03:24:57.202,30,Safe
25.66,6.0,27.22,799.96,1606.58,2026-03-24 03:27:57.202,30,Safe
25.53,6.0,24.35,800.0,1818.44,2026-03-24 03:30:57.202,30,Safe
25.49,6.0,26.62,799.47,3202.68,2026-03-24 03:33:57.202,30,Safe
25.53,6.01,25.77,798.6,2182.49,2026-03-24 03:36:57.202,30,Safe
25.56,6.0,24.8,798.55,2654.8,2026-03-24 03:39:57.202,30,Safe
25.61,6.0,26.94,797.09,3020.92,2026-03-24 03:42:57.202,30,Safe
25.51,6.0,26.94,796.51,2497.29,2026-03-24 03:45:57.202,30,Safe
25.58,6.0,25.53,797.13,1970.42,2026-03-24 03:48:57.202,30,Safe
25.66,6.0,24.18,797.47,1746.49,2026-03-24 03:51:57.202,30,Safe
25.74,6.0,24.84,797.37,2443.15,2026-03-24 03:54:57.202,30,Safe
25.73,6.0,26.72,796.42,2179.26,2026-03-24 03:57:57.202,30,Safe
25.69,6.02,28.29,796.12,2350.67,2026-03-24 04:00:57.202,30,Safe
25.76,6.0,27.02,797.05,3088.58,2026-03-24 04:03:57.202,30,Safe
25.68,6.02,26.17,797.45,2967.91,2026-03-24 04:06:57.202,30,Safe
25.59,6.04,25.39,798.21,2669.91,2026-03-24 04:09:57.202,30,Safe
25.76,6.02,26.31,798.28,1312.5,2026-03-24 04:12:57.202,30,Safe
25.69,6.02,24.78,798.6,2166.25,2026-03-24 04:15:57.202,30,Safe
25.63,6.01,25.66,798.49,2472.93,2026-03-24 04:18:57.202,30,Safe
25.62,6.0,25.22,799.36,1429.65,2026-03-24 04:21:57.202,30,Safe
25.72,6.0,24.9,800.0,2090.47,2026-03-24 04:24:57.202,30,Safe
25.66,6.02,25.36,799.59,1708.88,2026-03-24 04:27:57.202,30,Safe
25.66,6.02,27.2,798.99,1395.85,2026-03-24 04:30:57.202,30,Safe
25.83,6.0,27.39,799.45,2778.54,2026-03-24 04:33:57.202,30,Safe
25.99,6.0,25.81,799.27,2668.94,2026-03-24 04:36:57.202,30,Safe
25.96,6.02,25.83,800.0,2134.81,2026-03-24 04:39:57.202,30,Safe
25.93,6.0,26.68,798.07,1781.83,2026-03-24 04:42:57.202,30,Safe
25.99,6.0,26.04,797.33,2093.49,2026-03-24 04:45:57.202,30,Safe
25.94,6.0,25.84,796.34,2528.7,2026-03-24 04:48:57.202,30,Safe
25.91,6.01,26.02,796.42,2180.3,2026-03-24 04:51:57.202,30,Safe
25.9,6.0,26.59,798.29,2315.58,2026-03-24 04:54:57.202,30,Safe
25.78,6.01,22.55,798.77,2692.48,2026-03-24 04:57:57.202,30,Safe
25.77,6.0,25.36,798.07,1891.62,2026-03-24 05:00:57.202,30,Safe
25.88,6.0,26.61,798.81,1527.08,2026-03-24 05:03:57.202,30,Safe
25.9,6.02,25.44,798.29,2164.01,2026-03-24 05:06:57.202,30,Safe
25.82,6.01,25.53,798.02,2656.07,2026-03-24 05:09:57.202,30,Safe
25.87,6.02,25.77,797.47,2011.49,2026-03-24 05:12:57.202,30,Safe
25.96,6.02,24.41,798.35,1727.61,2026-03-24 05:15:57.202,30,Safe
25.94,6.0,25.81,798.69,2648.63,2026-03-24 05:18:57.202,30,Safe
26.0,6.0,25.12,798.95,2434.76,2026-03-24 05:21:57.202,30,Safe
25.97,6.0,22.05,800.0,1757.19,2026-03-24 05:24:57.202,30,Safe
25.96,6.02,24.26,800.0,2830.69,2026-03-24 05:27:57.202,30,Safe
26.03,6.0,25.88,799.98,2724.09,2026-03-24 05:30:57.202,30,Safe
26.12,6.0,24.7,800.0,1652.21,2026-03-24 05:33:57.202,30,Safe
26.08,6.0,27.15,800.0,3119.88,2026-03-24 05:36:57.202,30,Safe
26.04,6.0,23.97,799.31,2047.81,2026-03-24 05:39:57.202,30,Safe
26.0,6.0,24.81,800.0,2588.66,2026-03-24 05:42:57.202,30,Safe
25.96,6.0,26.03,799.34,2401.99,2026-03-24 05:45:57.202,30,Safe
25.94,6.0,26.92,798.41,1893.63,2026-03-24 05:48:57.202,30,Safe
25.89,6.0,26.78,797.49,2661.77,2026-03-24 05:51:57.202,30,Safe
25.87,6.0,25.5,797.2,2052.85,2026-03-24 05:54:57.202,30,Safe
25.83,6.0,24.56,797.01,2856.83,2026-03-24 05:57:57.202,30,Safe
25.81,6.01,23.28,797.12,1715.55,2026-03-24 06:00:57.202,30,Safe
25.92,6.0,25.2,796.63,2420.23,2026-03-24 06:03:57.202,30,Safe
25.92,6.01,24.78,797.24,2216.68,2026-03-24 06:06:57.202,30,Safe
25.85,6.01,23.81,797.34,2347.35,2026-03-24 06:09:57.202,30,Safe
25.77,6.0,21.42,798.89,2159.37,2026-03-24 06:12:57.202,30,Safe
26.0,6.0,26.85,799.78,2616.66,2026-03-24 06:15:57.202,30,Safe
25.98,6.0,26.38,799.28,2332.58,2026-03-24 06:18:57.202,30,Safe
26.0,6.0,24.63,799.62,2678.76,2026-03-24 06:21:57.202,30,Safe
25.96,6.0,26.33,800.0,1749.69,2026-03-24 06:24:57.202,30,Safe
25.85,6.0,22.24,800.0,3059.31,2026-03-24 06:27:57.202,30,Safe
25.85,6.0,23.2,799.91,1584.26,2026-03-24 06:30:57.202,30,Safe
25.94,6.0,24.39,800.0,2885.51,2026-03-24 06:33:57.202,30,Safe
25.91,6.0,23.48,800.0,2236.33,2026-03-24 06:36:57.202,30,Safe
25.91,6.02,25.0,799.9,2896.5,2026-03-24 06:39:57.202,30,Safe
25.99,6.02,21.37,800.0,2213.86,2026-03-24 06:42:57.202,30,Safe
25.96,6.01,25.07,800.0,2426.91,2026-03-24 06:45:57.202,30,Safe
25.93,6.0,23.64,798.89,2127.92,2026-03-24 06:48:57.202,30,Safe
25.93,6.0,21.98,797.95,1534.37,2026-03-24 06:51:57.202,30,Safe
25.97,6.01,25.94,796.76,2327.46,2026-03-24 06:54:57.202,30,Safe
25.96,6.03,21.37,796.67,2486.01,2026-03-24 06:57:57.202,30,Safe
26.05,6.05,25.54,795.61,2424.34,2026-03-24 07:00:57.202,30,Safe
25.98,6.03,23.31,794.79,2292.71,2026-03-24 07:03:57.202,30,Safe
25.91,6.04,24.36,795.02,2145.04,2026-03-24 07:06:57.202,30,Safe
25.83,6.04,23.16,796.16,2264.0,2026-03-24 07:09:57.202,30,Safe
25.84,6.05,23.38,796.04,2180.42,2026-03-24 07:12:57.202,30,Safe
25.8,6.03,21.6,797.06,2820.0,2026-03-24 07:15:57.202,30,Safe
25.85,6.05,25.38,796.14,2824.78,2026-03-24 07:18:57.202,30,Safe
25.96,6.04,24.53,797.17,2213.23,2026-03-24 07:21:57.202,30,Safe
25.91,6.01,21.89,797.06,2613.56,2026-03-24 07:24:57.202,30,Safe
25.87,6.0,25.24,796.94,1397.15,2026-03-24 07:27:57.202,30,Safe
25.86,6.0,21.57,795.37,2806.95,2026-03-24 07:30:57.202,30,Safe
25.85,6.0,25.86,795.91,2633.36,2026-03-24 07:33:57.202,30,Safe
25.96,6.0,23.96,795.01,1970.71,2026-03-24 07:36:57.202,30,Safe
25.91,6.02,22.59,795.03,1624.11,2026-03-24 07:39:57.202,30,Safe
25.94,6.04,23.6,793.7,2464.39,2026-03-24 07:42:57.202,30,Safe
25.78,6.05,25.03,792.93,2312.49,2026-03-24 07:45:57.202,30,Safe
25.74,6.04,26.63,792.71,1466.8,2026-03-24 07:48:57.202,30,Safe
25.87,6.05,22.46,793.34,1676.92,2026-03-24 07:51:57.202,30,Safe
25.89,6.05,26.86,794.13,2519.05,2026-03-24 07:54:57.202,30,Safe
25.94,6.06,22.21,794.8,1504.37,2026-03-24 07:57:57.202,30,Safe
25.92,6.06,22.75,795.07,2191.94,2026-03-24 08:00:57.202,30,Safe
25.95,6.06,23.31,795.81,2379.26,2026-03-24 08:03:57.202,30,Safe
25.89,6.05,24.58,796.17,2276.73,2026-03-24 08:06:57.202,30,Safe
25.89,6.02,22.65,796.91,2410.34,2026-03-24 08:09:57.202,30,Safe
25.94,6.02,21.95,797.06,2972.12,2026-03-24 08:12:57.202,30,Safe
25.96,6.05,20.12,798.23,1694.32,2026-03-24 08:15:57.202,30,Safe
25.95,6.05,22.28,797.62,2454.78,2026-03-24 08:18:57.202,30,Safe
25.92,6.06,22.84,798.13,1545.81,2026-03-24 08:21:57.202,30,Safe
25.77,6.06,21.5,798.41,1234.91,2026-03-24 08:24:57.202,30,Safe
25.82,6.06,25.0,797.93,1637.77,2026-03-24 08:27:57.202,30,Safe
25.94,6.05,23.94,799.62,1667.96,2026-03-24 08:30:57.202,30,Safe
26.0,6.05,23.94,799.48,3191.51,2026-03-24 08:33:57.202,30,Safe
25.98,6.08,22.05,799.74,2341.16,2026-03-24 08:36:57.202,30,Safe
25.93,6.07,24.1,798.94,2207.28,2026-03-24 08:39:57.202,30,Safe
25.94,6.06,22.34,800.0,2902.03,2026-03-24 08:42:57.202,30,Safe
25.92,6.05,22.12,799.91,2163.07,2026-03-24 08:45:57.202,30,Safe
25.94,6.05,24.65,799.3,2690.69,2026-03-24 08:48:57.202,30,Safe
25.89,6.02,19.75,799.62,2107.66,2026-03-24 08:51:57.202,15,Safe
25.95,6.02,22.54,799.06,2566.68,2026-03-24 08:54:57.202,30,Safe
25.89,6.02,22.08,798.5,2454.83,2026-03-24 08:57:57.202,30,Safe
25.85,6.0,22.11,798.71,1890.81,2026-03-24 09:00:57.202,30,Safe
25.91,6.0,20.64,799.61,2800.42,2026-03-24 09:03:57.202,30,Safe
26.02,6.0,22.62,799.12,2341.79,2026-03-24 09:06:57.202,30,Safe
25.93,6.03,23.33,799.55,2079.67,2026-03-24 09:09:57.202,30,Safe
25.89,6.04,22.86,800.0,2423.09,2026-03-24 09:12:57.202,30,Safe
25.87,6.0,24.87,800.0,2335.76,2026-03-24 09:15:57.202,30,Safe
25.95,6.0,23.58,799.97,1825.74,2026-03-24 09:18:57.202,30,Safe
25.92,6.01,21.97,799.73,2851.95,2026-03-24 09:21:57.202,30,Safe
25.93,6.04,23.38,800.0,2258.12,2026-03-24 09:24:57.202,30,Safe
25.92,6.05,22.13,799.68,2739.2,2026-03-24 09:27:57.202,30,Safe
25.93,6.06,19.73,800.0,1915.66,2026-03-24 09:30:57.202,15,Safe
25.95,6.06,20.86,799.51,1771.15,2026-03-24 09:33:57.202,30,Safe
25.91,6.02,21.86,798.02,2291.76,2026-03-24 09:36:57.202,30,Safe
25.96,6.02,21.15,798.71,2090.0,2026-03-24 09:39:57.202,30,Safe
25.85,6.0,23.35,798.9,1968.37,2026-03-24 09:42:57.202,30,Safe
25.84,6.0,20.21,797.26,2243.77,2026-03-24 09:45:57.202,30,Safe
25.84,6.01,23.06,798.11,2243.77,2026-03-24 09:48:57.202,30,Safe
25.83,6.01,21.17,797.76,2095.33,2026-03-24 09:51:57.202,30,Safe
25.96,6.02,21.37,796.76,2668.91,2026-03-24 09:54:57.202,30,Safe
25.94,6.03,22.88,797.89,3012.77,2026-03-24 09:57:57.202,30,Safe
25.99,6.0,23.88,799.1,1999.13,2026-03-24 10:00:57.202,30,Safe
25.9,6.0,22.65,798.6,1745.42,2026-03-24 10:03:57.202,30,Safe
25.92,6.0,22.48,797.97,1469.67,2026-03-24 10:06:57.202,30,Safe
25.83,6.0,19.35,797.43,2076.04,2026-03-24 10:09:57.202,15,Safe
25.87,6.0,19.3,799.2,2278.98,2026-03-24 10:12:57.202,15,Safe
25.97,6.0,21.69,798.14,2156.13,2026-03-24 10:15:57.202,30,Safe
26.02,6.02,20.77,797.95,1977.33,2026-03-24 10:18:57.202,30,Safe
26.03,6.03,24.19,797.02,2510.47,2026-03-24 10:21:57.202,30,Safe
26.05,6.02,21.35,796.22,1526.06,2026-03-24 10:24:57.202,30,Safe
25.95,6.0,20.18,797.51,2332.35,2026-03-24 10:27:57.202,30,Safe
26.0,6.02,21.06,798.71,1530.89,2026-03-24 10:30:57.202,30,Safe
25.96,6.04,20.87,798.3,2570.91,2026-03-24 10:33:57.202,30,Safe
26.05,6.04,19.94,797.94,2430.75,2026-03-24 10:36:57.202,15,Safe
25.94,6.04,20.67,797.82,2687.57,2026-03-24 10:39:57.202,30,Safe
25.85,6.04,21.42,796.48,2583.44,2026-03-24 10:42:57.202,30,Safe
25.94,6.02,19.69,796.7,1653.85,2026-03-24 10:45:57.202,15,Safe
25.93,6.03,19.44,796.19,1952.08,2026-03-24 10:48:57.202,15,Safe
25.9,6.02,20.9,796.97,2228.69,2026-03-24 10:51:57.202,30,Safe
25.92,6.03,21.96,796.48,1534.75,2026-03-24 10:54:57.202,30,Safe
25.89,6.04,21.65,796.75,1757.14,2026-03-24 10:57:57.202,30,Safe
25.97,6.02,21.91,797.68,1463.34,2026-03-24 11:00:57.202,30,Safe
25.98,6.0,20.23,797.3,2579.04,2026-03-24 11:03:57.202,30,Safe
25.93,6.0,18.98,797.56,2405.83,2026-03-24 11:06:57.202,15,Safe
25.93,6.01,22.78,797.6,1599.43,2026-03-24 11:09:57.202,30,Safe
25.92,6.0,18.94,797.6,2349.0,2026-03-24 11:12:57.202,15,Safe
25.92,6.0,21.02,797.41,2498.58,2026-03-24 11:15:57.202,30,Safe
25.91,6.02,19.69,796.67,2724.32,2026-03-24 11:18:57.202,15,Safe
25.87,6.03,19.06,795.87,2666.04,2026-03-24 11:21:57.202,15,Safe
25.91,6.03,23.3,794.72,1916.66,2026-03-24 11:24:57.202,30,Safe
25.91,6.02,19.28,794.78,2297.02,2026-03-24 11:27:57.202,15,Safe
25.95,6.05,18.67,794.06,2368.79,2026-03-24 11:30:57.202,15,Safe
25.72,6.07,20.64,795.14,1852.93,2026-03-24 11:33:57.202,30,Safe
25.72,6.04,22.33,793.96,1712.8,2026-03-24 11:36:57.202,30,Safe
25.74,6.04,22.54,792.64,1626.5,2026-03-24 11:39:57.202,30,Safe
25.81,6.05,19.09,793.06,1536.52,2026-03-24 11:42:57.202,15,Safe
25.67,6.01,21.38,794.29,2153.33,2026-03-24 11:45:57.202,30,Safe
25.6,6.0,22.08,794.52,1104.42,2026-03-24 11:48:57.202,30,Safe
25.52,6.02,20.41,794.48,1633.81,2026-03-24 11:51:57.202,30,Safe
25.65,6.02,19.41,794.35,2522.64,2026-03-24 11:54:57.202,15,Safe
25.64,6.0,19.62,794.32,2269.43,2026-03-24 11:57:57.202,15,Safe
25.71,6.0,21.29,794.32,1186.26,2026-03-24 12:00:57.202,30,Safe
25.72,6.0,18.57,793.5,2217.35,2026-03-24 12:03:57.202,15,Safe
25.69,6.01,17.35,793.82,1653.96,2026-03-24 12:06:57.202,15,Safe
25.72,6.0,18.37,793.94,1904.88,2026-03-24 12:09:57.202,15,Safe
25.7,6.0,20.1,793.73,2170.91,2026-03-24 12:12:57.202,30,Safe
25.68,6.01,18.94,793.61,2409.54,2026-03-24 12:15:57.202,15,Safe
25.69,6.02,19.84,791.9,1266.15,2026-03-24 12:18:57.202,15,Safe
25.59,6.03,18.75,792.04,1526.7,2026-03-24 12:21:57.202,15,Safe
25.61,6.02,18.59,792.39,1711.56,2026-03-24 12:24:57.202,15,Safe
25.64,6.02,20.27,792.46,2417.56,2026-03-24 12:27:57.202,30,Safe
25.67,6.02,32.66,797.24,103.14,2026-03-24 12:30:57.202,45,Moderate
25.61,6.01,27.87,799.45,59.67,2026-03-24 12:33:57.202,30,Safe
25.73,6.0,36.95,800.0,105.37,2026-03-24 12:36:57.202,45,Moderate
25.65,6.0,28.26,800.0,56.49,2026-03-24 12:39:57.202,30,Safe
25.69,6.0,33.86,800.0,44.38,2026-03-24 12:42:57.202,45,Moderate
25.65,6.02,35.68,800.0,63.08,2026-03-24 12:45:57.202,45,Moderate
25.75,6.01,28.54,800.0,168.47,2026-03-24 12:48:57.202,30,Safe
25.62,6.02,30.88,800.0,150.99,2026-03-24 12:51:57.202,45,Moderate
25.71,6.03,34.59,800.0,101.55,2026-03-24 12:54:57.202,45,Moderate
25.73,6.0,35.05,800.0,132.19,2026-03-24 12:57:57.202,45,Moderate
25.83,6.0,30.93,800.0,87.15,2026-03-24 13:00:57.202,45,Moderate
25.75,6.01,26.67,799.26,69.63,2026-03-24 13:03:57.202,30,Safe
25.63,6.0,28.19,798.69,40.76,2026-03-24 13:06:57.202,30,Safe
25.65,6.0,28.7,799.61,76.96,2026-03-24 13:09:57.202,30,Safe
25.72,6.0,25.1,799.43,137.27,2026-03-24 13:12:57.202,30,Safe
25.7,6.02,24.21,798.6,38.8,2026-03-24 13:15:57.202,30,Safe
25.72,6.0,25.71,799.62,47.96,2026-03-24 13:18:57.202,30,Safe
25.77,6.0,31.22,800.0,138.99,2026-03-24 13:21:57.202,45,Moderate
25.68,6.0,25.86,798.96,112.35,2026-03-24 13:24:57.202,30,Safe
25.69,6.0,27.08,799.44,177.4,2026-03-24 13:27:57.202,30,Safe
25.76,6.0,28.34,799.31,148.82,2026-03-24 13:30:57.202,30,Safe
25.68,6.0,24.63,800.0,255.18,2026-03-24 13:33:57.202,30,Safe
25.67,6.0,27.54,800.0,213.96,2026-03-24 13:36:57.202,30,Safe
25.62,6.01,28.09,799.79,0.58,2026-03-24 13:39:57.202,30,Safe
25.59,6.02,26.48,799.0,19.33,2026-03-24 13:42:57.202,30,Safe
25.64,6.02,24.79,799.46,18.63,2026-03-24 13:45:57.202,30,Safe
25.65,6.01,24.52,799.91,3.48,2026-03-24 13:48:57.202,30,Safe
25.64,6.01,27.18,799.11,199.71,2026-03-24 13:51:57.202,30,Safe
25.62,6.01,29.09,799.21,8.77,2026-03-24 13:54:57.202,30,Safe
25.65,6.01,25.39,800.0,0.69,2026-03-24 13:57:57.202,30,Safe
25.64,6.0,26.06,800.0,13.1,2026-03-24 14:00:57.202,30,Safe
25.6,6.0,21.78,799.31,240.59,2026-03-24 14:03:57.202,30,Safe
25.53,6.0,24.6,799.64,8.95,2026-03-24 14:06:57.202,30,Safe
25.51,6.0,25.84,800.0,161.69,2026-03-24 14:09:57.202,30,Safe
25.58,6.0,23.98,800.0,91.59,2026-03-24 14:12:57.202,30,Safe
25.62,6.0,26.24,799.89,9.95,2026-03-24 14:15:57.202,30,Safe
25.67,6.0,25.56,800.0,15.85,2026-03-24 14:18:57.202,30,Safe
25.64,6.0,26.74,800.0,13.44,2026-03-24 14:21:57.202,30,Safe
25.55,6.0,27.91,800.0,14.67,2026-03-24 14:24:57.202,30,Safe
25.61,6.0,26.42,799.47,1.75,2026-03-24 14:27:57.202,30,Safe
25.65,6.0,28.7,798.55,9.67,2026-03-24 14:30:57.202,30,Safe
25.65,6.0,24.61,798.88,14.04,2026-03-24 14:33:57.202,30,Safe
25.67,6.0,26.36,799.13,12.17,2026-03-24 14:36:57.202,30,Safe
25.58,6.0,24.61,799.63,7.42,2026-03-24 14:39:57.202,30,Safe
25.49,6.0,23.85,800.0,7.44,2026-03-24 14:42:57.202,30,Safe
25.53,6.02,25.86,800.0,17.97,2026-03-24 14:45:57.202,30,Safe
25.55,6.0,26.31,799.64,16.67,2026-03-24 14:48:57.202,30,Safe
25.58,6.0,27.15,799.56,9.87,2026-03-24 14:51:57.202,30,Safe
25.59,6.0,25.16,798.86,186.11,2026-03-24 14:54:57.202,30,Safe
25.68,6.0,26.24,798.24,19.03,2026-03-24 14:57:57.202,30,Safe
25.68,6.0,23.22,796.79,83.66,2026-03-24 15:00:57.202,30,Safe
25.67,6.0,26.23,798.15,2.87,2026-03-24 15:03:57.202,30,Safe
25.71,6.0,24.53,797.47,9.78,2026-03-24 15:06:57.202,30,Safe
25.76,6.0,23.92,797.33,178.96,2026-03-24 15:09:57.202,30,Safe
25.7,6.0,27.59,798.74,16.8,2026-03-24 15:12:57.202,30,Safe
25.67,6.0,26.13,798.12,10.46,2026-03-24 15:15:57.202,30,Safe
25.72,6.0,23.56,798.15,18.06,2026-03-24 15:18:57.202,30,Safe
25.66,6.0,24.34,798.11,119.66,2026-03-24 15:21:57.202,30,Safe
25.7,6.02,23.8,798.44,4.64,2026-03-24 15:24:57.202,30,Safe
25.67,6.0,25.14,797.57,218.14,2026-03-24 15:27:57.202,30,Safe
25.69,6.0,25.01,799.64,3.14,2026-03-24 15:30:57.202,30,Safe
25.73,6.02,24.52,798.48,9.84,2026-03-24 15:33:57.202,30,Safe
25.66,6.02,27.39,798.37,12.43,2026-03-24 15:36:57.202,30,Safe
25.63,6.03,24.17,797.82,6.59,2026-03-24 15:39:57.202,30,Safe
25.65,6.03,29.24,797.86,3.87,2026-03-24 15:42:57.202,30,Safe
25.61,6.05,24.07,798.14,12.14,2026-03-24 15:45:57.202,30,Safe
25.57,6.04,25.18,799.38,1.53,2026-03-24 15:48:57.202,30,Safe
25.64,6.03,25.17,799.15,13.92,2026-03-24 15:51:57.202,30,Safe
25.57,6.04,24.52,799.28,5.54,2026-03-24 15:54:57.202,30,Safe
25.56,6.05,22.8,799.88,15.57,2026-03-24 15:57:57.202,30,Safe
25.63,6.02,26.14,799.17,4.45,2026-03-24 16:00:57.202,30,Safe
25.66,6.02,23.8,797.58,8.93,2026-03-24 16:03:57.202,30,Safe
25.69,6.02,23.91,798.22,7.68,2026-03-24 16:06:57.202,30,Safe
25.64,6.02,25.1,797.19,19.9,2026-03-24 16:09:57.202,30,Safe
25.63,6.01,22.57,796.99,15.39,2026-03-24 16:12:57.202,30,Safe
25.7,6.0,25.15,797.24,13.62,2026-03-24 16:15:57.202,30,Safe
25.68,6.01,24.03,797.85,1.72,2026-03-24 16:18:57.202,30,Safe
25.77,6.03,23.17,797.96,16.98,2026-03-24 16:21:57.202,30,Safe
25.66,6.03,29.42,798.03,7.65,2026-03-24 16:24:57.202,30,Safe
25.68,6.0,22.9,798.66,17.56,2026-03-24 16:27:57.202,30,Safe
25.62,6.02,25.46,798.0,4.46,2026-03-24 16:30:57.202,30,Safe
25.69,6.01,24.15,797.59,11.68,2026-03-24 16:33:57.202,30,Safe
25.62,6.0,23.55,798.39,18.78,2026-03-24 16:36:57.202,30,Safe
25.66,6.0,21.34,799.66,14.17,2026-03-24 16:39:57.202,30,Safe
25.66,6.0,25.32,800.0,17.48,2026-03-24 16:42:57.202,30,Safe
25.67,6.0,26.34,800.0,17.03,2026-03-24 16:45:57.202,30,Safe
25.65,6.0,25.22,800.0,13.25,2026-03-24 16:48:57.202,30,Safe
25.64,6.0,25.6,799.63,5.19,2026-03-24 16:51:57.202,30,Safe
25.55,6.0,25.89,800.0,12.73,2026-03-24 16:54:57.202,30,Safe
25.54,6.01,24.47,800.0,9.31,2026-03-24 16:57:57.202,30,Safe
25.71,6.0,22.78,799.16,3.14,2026-03-24 17:00:57.202,30,Safe
25.68,6.0,23.22,800.0,12.8,2026-03-24 17:03:57.202,30,Safe
25.6,6.0,23.6,798.35,13.49,2026-03-24 17:06:57.202,30,Safe
25.72,6.0,23.48,797.25,10.04,2026-03-24 17:09:57.202,30,Safe
25.64,6.0,24.81,796.35,8.8,2026-03-24 17:12:57.202,30,Safe
25.85,6.01,22.39,799.09,9.12,2026-03-24 17:15:57.202,30,Safe
25.76,6.01,24.9,797.66,15.17,2026-03-24 17:18:57.202,30,Safe
25.8,6.0,20.81,798.12,6.92,2026-03-24 17:21:57.202,30,Safe
25.65,6.0,24.21,797.12,19.36,2026-03-24 17:24:57.202,30,Safe
25.66,6.01,24.58,797.01,16.96,2026-03-24 17:27:57.202,30,Safe
25.66,6.0,21.14,797.06,19.22,2026-03-24 17:30:57.202,30,Safe
25.62,6.0,22.79,795.96,13.96,2026-03-24 17:33:57.202,30,Safe
25.59,6.0,23.63,795.96,9.42,2026-03-24 17:36:57.202,30,Safe
25.61,6.01,24.81,796.41,17.98,2026-03-24 17:39:57.202,30,Safe
25.6,6.0,23.38,797.67,13.73,2026-03-24 17:42:57.202,30,Safe
25.51,6.0,25.47,798.15,11.59,2026-03-24 17:45:57.202,30,Safe
25.62,6.02,23.43,798.02,12.68,2026-03-24 17:48:57.202,30,Safe
25.64,6.01,24.31,797.99,1.79,2026-03-24 17:51:57.202,30,Safe
25.67,6.03,24.88,799.69,17.99,2026-03-24 17:54:57.202,30,Safe
25.7,6.03,21.36,800.0,11.84,2026-03-24 17:57:57.202,30,Safe
25.75,6.05,22.51,797.93,15.61,2026-03-24 18:00:57.202,30,Safe
25.65,6.04,26.74,798.45,7.76,2026-03-24 18:03:57.202,30,Safe
25.66,6.07,22.3,798.34,8.4,2026-03-24 18:06:57.202,30,Safe
25.69,6.08,22.49,798.45,9.87,2026-03-24 18:09:57.202,30,Safe
25.58,6.11,23.36,796.73,12.47,2026-03-24 18:12:57.202,30,Safe
25.61,6.1,24.6,797.83,0.94,2026-03-24 18:15:57.202,30,Safe
25.66,6.09,24.33,799.67,7.37,2026-03-24 18:18:57.202,30,Safe
25.75,6.08,21.11,799.74,10.4,2026-03-24 18:21:57.202,30,Safe
25.64,6.08,20.16,799.9,5.99,2026-03-24 18:24:57.202,30,Safe
25.54,6.1,19.78,800.0,2.33,2026-03-24 18:27:57.202,15,Safe
25.46,6.09,21.24,798.61,4.94,2026-03-24 18:30:57.202,30,Safe
25.55,6.1,21.41,799.45,0.22,2026-03-24 18:33:57.202,30,Safe
25.57,6.09,21.38,800.0,1.41,2026-03-24 18:36:57.202,30,Safe
25.69,6.09,22.6,800.0,1.02,2026-03-24 18:39:57.202,30,Safe
25.66,6.07,22.99,800.0,3.44,2026-03-24 18:42:57.202,30,Safe
25.68,6.07,23.58,800.0,4.38,2026-03-24 18:45:57.202,30,Safe
25.59,6.05,21.92,800.0,4.94,2026-03-24 18:48:57.202,30,Safe
25.64,6.04,23.0,800.0,0.96,2026-03-24 18:51:57.202,30,Safe
25.58,6.04,22.84,800.0,1.53,2026-03-24 18:54:57.202,30,Safe
25.65,6.05,22.36,800.0,1.75,2026-03-24 18:57:57.202,30,Safe
25.6,6.06,22.14,800.0,4.39,2026-03-24 19:00:57.202,30,Safe
25.73,6.07,22.35,799.77,0.96,2026-03-24 19:03:57.202,30,Safe
25.74,6.05,22.74,799.28,1.93,2026-03-24 19:06:57.202,30,Safe
25.75,6.05,20.39,799.74,2.82,2026-03-24 19:09:57.202,30,Safe
25.65,6.04,25.79,799.81,2.16,2026-03-24 19:12:57.202,30,Safe
25.69,6.05,22.41,798.88,3.79,2026-03-24 19:15:57.202,30,Safe
25.77,6.04,22.94,798.82,3.51,2026-03-24 19:18:57.202,30,Safe
25.64,6.03,19.32,797.79,1.69,2026-03-24 19:21:57.202,15,Safe
25.63,6.03,25.02,796.53,2.52,2026-03-24 19:24:57.202,30,Safe
25.75,6.03,21.82,797.97,0.28,2026-03-24 19:27:57.202,30,Safe
25.69,6.04,21.76,797.52,4.52,2026-03-24 19:30:57.202,30,Safe
25.65,6.03,25.13,798.08,0.13,2026-03-24 19:33:57.202,30,Safe
25.54,6.04,21.61,797.74,1.75,2026-03-24 19:36:57.202,30,Safe
25.56,6.05,22.25,798.43,3.59,2026-03-24 19:39:57.202,30,Safe
25.58,6.07,19.99,799.37,1.32,2026-03-24 19:42:57.202,15,Safe
25.69,6.08,22.99,799.94,2.29,2026-03-24 19:45:57.202,30,Safe
25.64,6.09,25.27,800.0,3.77,2026-03-24 19:48:57.202,30,Safe
25.68,6.1,21.65,798.71,0.69,2026-03-24 19:51:57.202,30,Safe
25.61,6.08,18.06,798.24,2.32,2026-03-24 19:54:57.202,15,Safe
25.55,6.1,22.57,796.85,4.83,2026-03-24 19:57:57.202,30,Safe
25.56,6.09,23.25,797.02,4.83,2026-03-24 20:00:57.202,30,Safe
25.57,6.08,20.26,797.02,2.24,2026-03-24 20:03:57.202,30,Safe
25.58,6.06,20.55,796.35,4.73,2026-03-24 20:06:57.202,30,Safe
25.68,6.05,18.92,796.48,0.48,2026-03-24 20:09:57.202,15,Safe
25.71,6.04,20.72,796.81,2.85,2026-03-24 20:12:57.202,30,Safe
25.77,6.01,18.88,796.15,4.75,2026-03-24 20:15:57.202,15,Safe
25.75,6.0,19.33,796.42,2.44,2026-03-24 20:18:57.202,15,Safe
25.66,6.0,21.18,797.23,0.64,2026-03-24 20:21:57.202,30,Safe
25.63,6.0,23.64,798.6,1.05,2026-03-24 20:24:57.202,30,Safe
25.6,6.0,20.63,798.29,2.23,2026-03-24 20:27:57.202,30,Safe
25.55,6.01,20.66,799.58,0.34,2026-03-24 20:30:57.202,30,Safe
25.62,6.03,23.03,798.11,3.01,2026-03-24 20:33:57.202,30,Safe
25.7,6.02,22.2,796.92,1.99,2026-03-24 20:36:57.202,30,Safe
25.54,6.02,22.9,796.77,1.48,2026-03-24 20:39:57.202,30,Safe
25.5,6.03,20.6,796.5,1.21,2026-03-24 20:42:57.202,30,Safe
25.62,6.02,19.84,795.7,1.07,2026-03-24 20:45:57.202,15,Safe
25.57,6.05,18.58,794.36,3.92,2026-03-24 20:48:57.202,15,Safe
25.67,6.05,21.76,794.21,2.42,2026-03-24 20:51:57.202,30,Safe
25.72,6.04,21.15,794.77,1.79,2026-03-24 20:54:57.202,30,Safe
25.63,6.03,23.72,796.02,2.35,2026-03-24 20:57:57.202,30,Safe
25.67,6.04,21.4,796.82,1.54,2026-03-24 21:00:57.202,30,Safe
25.77,6.02,21.63,796.8,2.29,2026-03-24 21:03:57.202,30,Safe
25.79,6.02,20.93,798.27,2.26,2026-03-24 21:06:57.202,30,Safe
25.73,6.03,20.52,800.0,4.95,2026-03-24 21:09:57.202,30,Safe
25.65,6.04,20.14,800.0,3.37,2026-03-24 21:12:57.202,30,Safe
25.68,6.03,18.23,799.21,0.52,2026-03-24 21:15:57.202,15,Safe
25.72,6.03,22.99,800.0,4.74,2026-03-24 21:18:57.202,30,Safe
25.77,6.03,20.62,800.0,2.95,2026-03-24 21:21:57.202,30,Safe
25.75,6.03,19.65,800.0,0.89,2026-03-24 21:24:57.202,15,Safe
25.8,6.01,17.81,800.0,2.33,2026-03-24 21:27:57.202,15,Safe
25.82,6.0,19.95,800.0,1.99,2026-03-24 21:30:57.202,15,Safe
25.75,6.0,19.75,799.69,4.38,2026-03-24 21:33:57.202,15,Safe
25.66,6.0,20.38,800.0,1.82,2026-03-24 21:36:57.202,30,Safe
25.63,6.0,20.72,800.0,0.94,2026-03-24 21:39:57.202,30,Safe
25.62,6.0,21.57,799.52,1.98,2026-03-24 21:42:57.202,30,Safe
25.56,6.02,21.82,799.22,4.42,2026-03-24 21:45:57.202,30,Safe
25.58,6.02,18.77,799.1,3.05,2026-03-24 21:48:57.202,15,Safe
25.51,6.02,21.62,799.86,2.32,2026-03-24 21:51:57.202,30,Safe
25.59,6.06,18.32,798.83,1.19,2026-03-24 21:54:57.202,15,Safe
25.7,6.07,20.82,798.66,3.8,2026-03-24 21:57:57.202,30,Safe
25.77,6.08,21.58,799.33,3.37,2026-03-24 22:00:57.202,30,Safe
25.6,6.1,17.66,800.0,0.89,2026-03-24 22:03:57.202,15,Safe
25.65,6.11,18.06,800.0,2.73,2026-03-24 22:06:57.202,15,Safe
25.73,6.1,17.02,800.0,3.35,2026-03-24 22:09:57.202,15,Safe
25.74,6.12,20.02,800.0,2.8,2026-03-24 22:12:57.202,30,Safe
25.65,6.12,20.89,799.11,1.76,2026-03-24 22:15:57.202,30,Safe
25.67,6.12,20.49,799.82,2.09,2026-03-24 22:18:57.202,30,Safe
25.63,6.11,19.31,800.0,1.4,2026-03-24 22:21:57.202,15,Safe
25.67,6.12,18.77,800.0,2.36,2026-03-24 22:24:57.202,15,Safe
25.61,6.1,19.73,799.17,1.39,2026-03-24 22:27:57.202,15,Safe
25.67,6.13,20.72,800.0,3.65,2026-03-24 22:30:57.202,30,Safe
25.72,6.13,18.89,798.99,4.15,2026-03-24 22:33:57.202,15,Safe
25.73,6.14,19.84,799.29,3.0,2026-03-24 22:36:57.202,15,Safe
25.69,6.16,21.21,800.0,4.15,2026-03-24 22:39:57.202,30,Safe
25.66,6.17,20.41,800.0,4.48,2026-03-24 22:42:57.202,30,Safe
25.65,6.19,20.2,799.48,0.93,2026-03-24 22:45:57.202,30,Safe
25.64,6.2,21.65,799.99,0.02,2026-03-24 22:48:57.202,30,Safe
25.54,6.21,20.36,799.03,0.02,2026-03-24 22:51:57.202,30,Safe
25.63,6.23,19.3,799.81,4.88,2026-03-24 22:54:57.202,15,Safe
25.64,6.25,20.1,800.0,2.69,2026-03-24 22:57:57.202,30,Safe
25.56,6.24,20.36,800.0,4.98,2026-03-24 23:00:57.202,30,Safe
25.65,6.23,17.95,800.0,0.38,2026-03-24 23:03:57.202,15,Safe
25.61,6.21,17.04,799.43,2.86,2026-03-24 23:06:57.202,15,Safe
25.58,6.21,20.5,798.16,4.87,2026-03-24 23:09:57.202,30,Safe
25.57,6.19,23.44,798.0,0.91,2026-03-24 23:12:57.202,30,Safe
25.5,6.21,18.18,798.33,0.46,2026-03-24 23:15:57.202,15,Safe
25.58,6.23,19.63,798.56,2.95,2026-03-24 23:18:57.202,15,Safe
25.6,6.22,21.16,798.32,3.68,2026-03-24 23:21:57.202,30,Safe
25.76,6.22,19.05,798.9,4.82,2026-03-24 23:24:57.202,15,Safe
25.76,6.22,19.66,797.32,0.43,2026-03-24 23:27:57.202,15,Safe
25.7,6.21,18.93,796.41,99.09,2026-03-24 23:30:57.202,15,Safe
25.72,6.21,21.31,795.34,41.74,2026-03-24 23:33:57.202,30,Safe
25.67,6.22,19.66,795.03,117.91,2026-03-24 23:36:57.202,15,Safe
25.7,6.23,20.34,793.86,46.76,2026-03-24 23:39:57.202,30,Safe
25.71,6.23,18.55,793.79,104.11,2026-03-24 23:42:57.202,15,Safe
25.64,6.21,19.73,792.44,102.28,2026-03-24 23:45:57.202,15,Safe
25.69,6.2,17.87,792.19,23.2,2026-03-24 23:48:57.202,15,Safe
25.7,6.2,19.93,792.07,77.38,2026-03-24 23:51:57.202,15,Safe
25.65,6.19,18.76,791.07,54.59,2026-03-24 23:54:57.202,15,Safe
25.65,6.22,20.84,792.73,108.31,2026-03-24 23:57:57.202,30,Safe
25.66,6.22,17.92,793.1,56.06,2026-03-25 00:00:57.202,15,Safe
25.56,6.22,20.74,792.93,103.77,2026-03-25 00:03:57.202,30,Safe
25.53,6.23,21.04,792.67,94.0,2026-03-25 00:06:57.202,30,Safe
25.55,6.21,18.64,794.03,34.93,2026-03-25 00:09:57.202,15,Safe
25.67,6.21,21.01,793.61,88.42,2026-03-25 00:12:57.202,30,Safe
25.63,6.23,21.59,793.97,88.88,2026-03-25 00:15:57.202,30,Safe
25.73,6.25,21.53,794.34,67.77,2026-03-25 00:18:57.202,30,Safe
25.72,6.24,18.24,793.76,117.61,2026-03-25 00:21:57.202,15,Safe
25.62,6.24,18.21,793.2,71.5,2026-03-25 00:24:57.202,15,Safe
25.63,6.24,20.73,792.92,75.94,2026-03-25 00:27:57.202,30,Safe
25.71,6.27,20.03,794.14,41.51,2026-03-25 00:30:57.202,30,Safe
25.69,6.27,18.85,793.06,66.94,2026-03-25 00:33:57.202,15,Safe
25.6,6.27,21.6,794.05,36.11,2026-03-25 00:36:57.202,30,Safe
25.63,6.26,19.68,793.89,74.89,2026-03-25 00:39:57.202,15,Safe
25.72,6.25,16.26,794.1,80.25,2026-03-25 00:42:57.202,15,Safe
25.71,6.26,20.42,794.59,89.77,2026-03-25 00:45:57.202,30,Safe
25.79,6.27,20.45,793.04,17.98,2026-03-25 00:48:57.202,30,Safe
25.71,6.29,20.29,793.58,79.77,2026-03-25 00:51:57.202,30,Safe
25.64,6.3,22.89,794.18,66.93,2026-03-25 00:54:57.202,30,Safe
25.6,6.3,19.37,794.07,40.79,2026-03-25 00:57:57.202,15,Safe
25.65,6.3,20.21,793.9,45.55,2026-03-25 01:00:57.202,30,Safe
25.71,6.35,20.09,794.16,84.46,2026-03-25 01:03:57.202,30,Safe
25.73,6.32,19.6,793.22,65.96,2026-03-25 01:06:57.202,15,Safe
25.77,6.32,21.26,794.4,94.6,2026-03-25 01:09:57.202,30,Safe
25.73,6.32,20.55,793.71,55.21,2026-03-25 01:12:57.202,30,Safe
25.8,6.34,20.18,794.8,26.92,2026-03-25 01:15:57.202,30,Safe
25.82,6.32,18.34,795.63,108.17,2026-03-25 01:18:57.202,15,Safe
25.67,6.31,16.99,795.45,40.18,2026-03-25 01:21:57.202,15,Safe
25.61,6.31,19.12,796.0,34.41,2026-03-25 01:24:57.202,15,Safe
25.58,6.31,18.16,796.32,80.42,2026-03-25 01:27:57.202,15,Safe
25.59,6.3,20.5,795.4,611.88,2026-03-25 01:30:57.202,30,Safe
25.66,6.3,19.26,796.98,159.03,2026-03-25 01:33:57.202,15,Safe
25.6,6.32,21.03,797.21,703.16,2026-03-25 01:36:57.202,30,Safe
25.73,6.31,19.46,798.45,662.76,2026-03-25 01:39:57.202,15,Safe
25.68,6.29,19.89,798.34,397.7,2026-03-25 01:42:57.202,15,Safe
25.62,6.31,20.12,799.39,932.11,2026-03-25 01:45:57.202,30,Safe
25.68,6.31,19.63,799.74,881.62,2026-03-25 01:48:57.202,15,Safe
25.64,6.3,19.19,800.0,682.88,2026-03-25 01:51:57.202,15,Safe
25.66,6.29,18.14,799.86,242.73,2026-03-25 01:54:57.202,15,Safe
25.58,6.3,19.3,800.0,239.99,2026-03-25 01:57:57.202,15,Safe
25.66,6.31,21.6,799.5,294.4,2026-03-25 02:00:57.202,30,Safe
25.58,6.33,18.5,799.2,286.12,2026-03-25 02:03:57.202,15,Safe
25.54,6.34,18.91,798.87,727.53,2026-03-25 02:06:57.202,15,Safe
25.49,6.34,18.11,797.68,601.29,2026-03-25 02:09:57.202,15,Safe
25.57,6.34,17.76,798.05,875.81,2026-03-25 02:12:57.202,15,Safe
25.62,6.35,19.72,797.52,357.12,2026-03-25 02:15:57.202,15,Safe
25.62,6.34,18.3,798.33,174.07,2026-03-25 02:18:57.202,15,Safe
25.56,6.32,20.98,799.14,790.8,2026-03-25 02:21:57.202,30,Safe
25.64,6.3,17.95,799.74,249.44,2026-03-25 02:24:57.202,15,Safe
25.66,6.29,23.47,800.0,966.76,2026-03-25 02:27:57.202,30,Safe
25.67,6.26,25.45,800.0,1749.39,2026-03-25 02:30:57.202,30,Safe
25.62,6.25,33.63,800.0,2542.45,2026-03-25 02:33:57.202,45,Moderate
25.72,6.26,33.74,800.0,1812.33,2026-03-25 02:36:57.202,45,Moderate
25.67,6.25,34.12,800.0,2191.12,2026-03-25 02:39:57.202,45,Moderate
25.7,6.25,39.05,800.0,3017.14,2026-03-25 02:42:57.202,45,Moderate
25.64,6.25,30.57,800.0,1643.29,2026-03-25 02:45:57.202,45,Moderate
25.65,6.25,36.16,800.0,1930.41,2026-03-25 02:48:57.202,45,Moderate
25.75,6.23,34.29,800.0,2074.26,2026-03-25 02:51:57.202,45,Moderate
25.68,6.21,31.68,800.0,2020.19,2026-03-25 02:54:57.202,45,Moderate
25.71,6.21,33.48,800.0,1629.32,2026-03-25 02:57:57.202,45,Moderate
25.69,6.21,35.18,800.0,2441.71,2026-03-25 03:00:57.202,45,Moderate
25.59,6.21,28.0,800.0,2627.46,2026-03-25 03:03:57.202,30,Safe
25.58,6.21,27.8,800.0,1823.99,2026-03-25 03:06:57.202,30,Safe
25.68,6.2,28.54,799.64,1226.21,2026-03-25 03:09:57.202,30,Safe
25.71,6.19,27.19,799.25,2974.79,2026-03-25 03:12:57.202,30,Safe
25.58,6.2,27.61,800.0,2560.91,2026-03-25 03:15:57.202,30,Safe
25.7,6.17,27.31,800.0,2117.93,2026-03-25 03:18:57.202,30,Safe
25.6,6.16,24.38,799.83,1387.57,2026-03-25 03:21:57.202,30,Safe
25.63,6.13,25.64,799.6,2656.48,2026-03-25 03:24:57.202,30,Safe
25.73,6.15,27.9,800.0,2192.86,2026-03-25 03:27:57.202,30,Safe
25.62,6.15,27.87,800.0,2183.58,2026-03-25 03:30:57.202,30,Safe
25.59,6.16,25.51,800.0,2065.41,2026-03-25 03:33:57.202,30,Safe
25.63,6.11,29.19,799.26,2700.92,2026-03-25 03:36:57.202,30,Safe
25.78,6.14,25.85,799.11,1747.55,2026-03-25 03:39:57.202,30,Safe
25.79,6.14,27.65,799.12,2121.17,2026-03-25 03:42:57.202,30,Safe
25.67,6.16,29.74,798.79,2285.32,2026-03-25 03:45:57.202,30,Safe
25.6,6.16,26.85,798.31,1624.22,2026-03-25 03:48:57.202,30,Safe
25.6,6.15,26.64,797.92,2006.7,2026-03-25 03:51:57.202,30,Safe
25.4,6.14,27.5,799.38,2599.81,2026-03-25 03:54:57.202,30,Safe
25.56,6.13,24.58,799.26,1471.2,2026-03-25 03:57:57.202,30,Safe
25.49,6.15,27.96,798.55,2440.37,2026-03-25 04:00:57.202,30,Safe
25.54,6.15,25.15,798.11,2105.11,2026-03-25 04:03:57.202,30,Safe
25.52,6.1,29.47,798.74,1869.09,2026-03-25 04:06:57.202,30,Safe
25.61,6.07,27.04,798.96,2324.08,2026-03-25 04:09:57.202,30,Safe
25.61,6.04,26.02,799.55,1820.48,2026-03-25 04:12:57.202,30,Safe
25.54,6.03,23.11,799.84,1898.28,2026-03-25 04:15:57.202,30,Safe
25.66,6.04,23.92,800.0,2351.25,2026-03-25 04:18:57.202,30,Safe
25.75,6.05,27.77,800.0,2846.49,2026-03-25 04:21:57.202,30,Safe
25.73,6.02,27.54,800.0,2237.34,2026-03-25 04:24:57.202,30,Safe
25.76,6.02,25.92,800.0,1488.51,2026-03-25 04:27:57.202,30,Safe
25.83,6.02,28.48,800.0,1809.61,2026-03-25 04:30:57.202,30,Safe
25.82,6.02,25.7,800.0,2192.01,2026-03-25 04:33:57.202,30,Safe
25.88,6.04,24.67,800.0,1290.55,2026-03-25 04:36:57.202,30,Safe
25.86,6.04,27.33,799.44,1528.0,2026-03-25 04:39:57.202,30,Safe
25.83,6.03,24.24,798.21,2288.76,2026-03-25 04:42:57.202,30,Safe
25.91,6.02,26.65,799.21,2762.31,2026-03-25 04:45:57.202,30,Safe
26.01,6.02,25.52,798.84,1938.15,2026-03-25 04:48:57.202,30,Safe
26.08,6.04,30.35,798.25,2554.66,2026-03-25 04:51:57.202,45,Moderate
25.98,6.02,26.38,799.94,2197.05,2026-03-25 04:54:57.202,30,Safe
26.01,6.03,25.4,800.0,2631.22,2026-03-25 04:57:57.202,30,Safe
25.92,6.04,24.46,799.26,2204.49,2026-03-25 05:00:57.202,30,Safe
25.91,6.02,30.42,798.58,2349.33,2026-03-25 05:03:57.202,45,Moderate
25.89,6.01,24.97,797.81,2551.82,2026-03-25 05:06:57.202,30,Safe
25.86,6.02,25.33,799.07,1974.26,2026-03-25 05:09:57.202,30,Safe
25.89,6.01,28.73,799.46,1341.85,2026-03-25 05:12:57.202,30,Safe
26.05,6.0,23.08,800.0,1497.08,2026-03-25 05:15:57.202,30,Safe
25.96,6.0,25.87,800.0,2137.45,2026-03-25 05:18:57.202,30,Safe
25.91,6.0,26.39,800.0,2256.73,2026-03-25 05:21:57.202,30,Safe
26.01,6.0,24.56,800.0,2764.77,2026-03-25 05:24:57.202,30,Safe
25.95,6.0,26.17,799.72,2392.28,2026-03-25 05:27:57.202,30,Safe
25.97,6.0,26.74,799.93,2259.25,2026-03-25 05:30:57.202,30,Safe
25.91,6.0,28.04,799.18,2338.49,2026-03-25 05:33:57.202,30,Safe
25.97,6.0,26.05,799.38,1696.56,2026-03-25 05:36:57.202,30,Safe
25.88,6.0,25.58,798.27,2029.45,2026-03-25 05:39:57.202,30,Safe
25.8,6.0,26.22,798.44,2576.99,2026-03-25 05:42:57.202,30,Safe
25.78,6.0,25.76,798.92,2370.12,2026-03-25 05:45:57.202,30,Safe
25.87,6.0,25.5,798.12,1475.62,2026-03-25 05:48:57.202,30,Safe
25.84,6.0,23.65,798.21,1213.28,2026-03-25 05:51:57.202,30,Safe
25.9,6.0,25.4,798.52,1876.35,2026-03-25 05:54:57.202,30,Safe
26.0,6.0,26.65,798.9,2693.47,2026-03-25 05:57:57.202,30,Safe
26.02,6.0,25.25,797.73,1455.64,2026-03-25 06:00:57.202,30,Safe
25.99,6.0,23.6,796.66,2305.19,2026-03-25 06:03:57.202,30,Safe
25.94,6.02,24.55,798.1,2673.23,2026-03-25 06:06:57.202,30,Safe
25.93,6.04,25.45,797.96,2442.9,2026-03-25 06:09:57.202,30,Safe
25.93,6.03,24.67,799.15,1783.52,2026-03-25 06:12:57.202,30,Safe
25.96,6.04,28.78,799.89,3158.65,2026-03-25 06:15:57.202,30,Safe
25.97,6.03,25.01,800.0,2455.03,2026-03-25 06:18:57.202,30,Safe
25.91,6.02,24.81,800.0,2480.44,2026-03-25 06:21:57.202,30,Safe
25.87,6.03,24.17,798.65,1593.87,2026-03-25 06:24:57.202,30,Safe
25.87,6.02,26.74,798.94,2673.83,2026-03-25 06:27:57.202,30,Safe
25.93,6.03,23.63,798.99,3280.0,2026-03-25 06:30:57.202,30,Safe
25.91,6.01,25.71,799.09,2620.07,2026-03-25 06:33:57.202,30,Safe
25.86,6.03,25.01,799.21,2046.62,2026-03-25 06:36:57.202,30,Safe
25.87,6.05,26.66,799.83,2930.9,2026-03-25 06:39:57.202,30,Safe
25.95,6.09,24.36,800.0,1742.17,2026-03-25 06:42:57.202,30,Safe
25.9,6.08,25.85,800.0,2334.69,2026-03-25 06:45:57.202,30,Safe
25.94,6.06,24.05,800.0,2856.76,2026-03-25 06:48:57.202,30,Safe
25.84,6.05,22.43,800.0,2100.79,2026-03-25 06:51:57.202,30,Safe
25.91,6.04,23.59,799.73,2255.17,2026-03-25 06:54:57.202,30,Safe
25.83,6.03,26.66,799.73,2084.27,2026-03-25 06:57:57.202,30,Safe
26.02,6.03,25.23,800.0,1833.44,2026-03-25 07:00:57.202,30,Safe
25.95,6.04,23.12,800.0,1926.3,2026-03-25 07:03:57.202,30,Safe
25.89,6.03,25.3,800.0,2333.72,2026-03-25 07:06:57.202,30,Safe
26.03,6.07,20.65,799.86,2378.27,2026-03-25 07:09:57.202,30,Safe
25.98,6.06,25.67,800.0,1411.56,2026-03-25 07:12:57.202,30,Safe
25.92,6.04,21.91,800.0,2133.55,2026-03-25 07:15:57.202,30,Safe
25.97,6.03,25.44,800.0,2593.79,2026-03-25 07:18:57.202,30,Safe
25.97,6.03,22.77,800.0,2820.31,2026-03-25 07:21:57.202,30,Safe
25.98,6.01,22.54,800.0,1961.91,2026-03-25 07:24:57.202,30,Safe
26.02,6.0,25.77,800.0,2136.64,2026-03-25 07:27:57.202,30,Safe
26.01,6.01,24.95,800.0,1912.78,2026-03-25 07:30:57.202,30,Safe
25.98,6.02,24.83,799.73,2074.35,2026-03-25 07:33:57.202,30,Safe
25.99,6.01,24.63,799.04,2280.88,2026-03-25 07:36:57.202,30,Safe
25.97,6.02,25.55,800.0,1715.52,2026-03-25 07:39:57.202,30,Safe
25.97,6.0,24.04,800.0,3049.52,2026-03-25 07:42:57.202,30,Safe
25.93,6.0,25.94,800.0,2643.89,2026-03-25 07:45:57.202,30,Safe
25.88,6.0,23.89,799.43,2254.69,2026-03-25 07:48:57.202,30,Safe
25.92,6.0,23.52,799.25,2422.07,2026-03-25 07:51:57.202,30,Safe
25.96,6.0,22.66,799.61,2889.31,2026-03-25 07:54:57.202,30,Safe
26.0,6.0,23.84,799.96,2088.33,2026-03-25 07:57:57.202,30,Safe
25.94,6.02,24.09,800.0,2500.48,2026-03-25 08:00:57.202,30,Safe
25.94,6.03,25.57,800.0,2679.04,2026-03-25 08:03:57.202,30,Safe
25.92,6.02,24.75,800.0,3078.73,2026-03-25 08:06:57.202,30,Safe
25.96,6.02,20.49,800.0,2499.92,2026-03-25 08:09:57.202,30,Safe
25.9,6.02,25.49,799.33,2566.1,2026-03-25 08:12:57.202,30,Safe
25.87,6.01,24.39,798.44,2399.72,2026-03-25 08:15:57.202,30,Safe
25.82,6.03,25.41,799.48,3016.75,2026-03-25 08:18:57.202,30,Safe
25.88,6.03,22.07,798.65,1313.4,2026-03-25 08:21:57.202,30,Safe
25.98,6.03,25.86,798.34,1697.18,2026-03-25 08:24:57.202,30,Safe
26.02,6.01,24.27,797.03,2195.09,2026-03-25 08:27:57.202,30,Safe
26.04,6.01,22.62,797.04,2355.14,2026-03-25 08:30:57.202,30,Safe
26.04,6.02,24.53,797.77,2648.12,2026-03-25 08:33:57.202,30,Safe
26.11,6.04,24.77,798.27,2486.23,2026-03-25 08:36:57.202,30,Safe
26.02,6.06,20.71,798.97,1681.12,2026-03-25 08:39:57.202,30,Safe
25.93,6.05,25.19,799.13,1623.55,2026-03-25 08:42:57.202,30,Safe
25.94,6.04,23.47,799.9,1709.54,2026-03-25 08:45:57.202,30,Safe
25.86,6.05,23.92,799.71,1287.55,2026-03-25 08:48:57.202,30,Safe
25.94,6.04,21.42,799.37,2149.24,2026-03-25 08:51:57.202,30,Safe
26.04,6.02,23.41,799.52,3167.93,2026-03-25 08:54:57.202,30,Safe
25.89,6.04,20.42,799.84,2387.17,2026-03-25 08:57:57.202,30,Safe
25.95,6.03,19.97,800.0,1620.32,2026-03-25 09:00:57.202,15,Safe
26.02,6.01,22.33,800.0,2647.31,2026-03-25 09:03:57.202,30,Safe
26.01,6.02,21.9,799.05,2937.74,2026-03-25 09:06:57.202,30,Safe
25.86,6.0,20.9,799.27,2473.1,2026-03-25 09:09:57.202,30,Safe
25.85,6.0,24.66,799.31,2424.94,2026-03-25 09:12:57.202,30,Safe
25.95,6.0,22.55,798.7,3012.12,2026-03-25 09:15:57.202,30,Safe
25.87,6.01,22.8,798.33,2055.07,2026-03-25 09:18:57.202,30,Safe
25.92,6.0,21.91,797.96,2677.39,2026-03-25 09:21:57.202,30,Safe
25.88,6.0,20.84,799.63,2162.19,2026-03-25 09:24:57.202,30,Safe
25.85,6.0,23.38,800.0,1867.42,2026-03-25 09:27:57.202,30,Safe
25.77,6.0,18.39,800.0,2457.32,2026-03-25 09:30:57.202,15,Safe
25.86,6.01,23.57,800.0,1730.38,2026-03-25 09:33:57.202,30,Safe
25.79,6.0,21.53,799.97,2541.14,2026-03-25 09:36:57.202,30,Safe
25.95,6.01,23.13,799.43,2089.27,2026-03-25 09:39:57.202,30,Safe
25.93,6.02,23.16,799.29,2674.34,2026-03-25 09:42:57.202,30,Safe
25.83,6.01,20.52,799.83,2082.5,2026-03-25 09:45:57.202,30,Safe
25.92,6.0,22.19,799.8,2820.96,2026-03-25 09:48:57.202,30,Safe
25.94,6.0,21.2,800.0,2887.63,2026-03-25 09:51:57.202,30,Safe
26.0,6.0,20.55,800.0,1769.77,2026-03-25 09:54:57.202,30,Safe
25.92,6.01,21.92,800.0,2037.87,2026-03-25 09:57:57.202,30,Safe
25.96,6.0,22.26,799.47,2673.82,2026-03-25 10:00:57.202,30,Safe
25.9,6.01,20.86,799.43,2186.3,2026-03-25 10:03:57.202,30,Safe
25.93,6.03,18.89,798.61,2331.92,2026-03-25 10:06:57.202,15,Safe
25.93,6.04,20.0,799.41,1940.24,2026-03-25 10:09:57.202,15,Safe
25.85,6.03,22.81,799.5,2773.79,2026-03-25 10:12:57.202,30,Safe
25.82,6.04,21.16,798.42,1865.14,2026-03-25 10:15:57.202,30,Safe
25.8,6.02,21.13,799.1,2438.87,2026-03-25 10:18:57.202,30,Safe
25.91,6.02,23.21,799.09,1828.89,2026-03-25 10:21:57.202,30,Safe
25.91,6.03,23.2,798.69,2570.9,2026-03-25 10:24:57.202,30,Safe
25.95,6.04,22.16,798.44,2002.8,2026-03-25 10:27:57.202,30,Safe
25.92,6.02,24.65,798.46,2474.91,2026-03-25 10:30:57.202,30,Safe
25.92,6.02,23.01,798.97,2193.36,2026-03-25 10:33:57.202,30,Safe
25.97,6.04,19.84,798.96,1545.84,2026-03-25 10:36:57.202,15,Safe
25.97,6.03,19.21,798.7,2269.1,2026-03-25 10:39:57.202,15,Safe
25.89,6.03,22.44,798.59,2354.58,2026-03-25 10:42:57.202,30,Safe
25.91,6.01,20.09,799.05,1901.37,2026-03-25 10:45:57.202,30,Safe
25.98,6.0,22.53,799.68,2007.25,2026-03-25 10:48:57.202,30,Safe
25.97,6.0,18.78,799.37,3009.2,2026-03-25 10:51:57.202,15,Safe
25.79,6.0,22.22,798.72,1723.56,2026-03-25 10:54:57.202,30,Safe
25.81,6.01,22.57,797.03,2432.62,2026-03-25 10:57:57.202,30,Safe
25.9,6.01,21.97,797.68,2265.7,2026-03-25 11:00:57.202,30,Safe
25.92,6.02,20.24,797.13,2227.29,2026-03-25 11:03:57.202,30,Safe
25.89,6.02,21.49,796.8,1651.53,2026-03-25 11:06:57.202,30,Safe
25.95,6.04,19.39,796.1,1552.18,2026-03-25 11:09:57.202,15,Safe
25.93,6.06,19.99,796.08,2350.18,2026-03-25 11:12:57.202,15,Safe
25.89,6.06,21.0,795.59,2182.25,2026-03-25 11:15:57.202,30,Safe
25.9,6.05,19.05,794.72,2595.3,2026-03-25 11:18:57.202,15,Safe
25.92,6.05,19.37,794.91,2458.81,2026-03-25 11:21:57.202,15,Safe
26.05,6.04,17.41,795.69,2975.99,2026-03-25 11:24:57.202,15,Safe
25.93,6.03,22.02,796.61,1877.59,2026-03-25 11:27:57.202,30,Safe
25.85,6.04,18.9,797.39,1653.51,2026-03-25 11:30:57.202,15,Safe
25.79,6.04,19.67,797.02,1995.45,2026-03-25 11:33:57.202,15,Safe
25.65,6.01,18.69,796.17,2016.16,2026-03-25 11:36:57.202,15,Safe
25.64,6.0,20.21,796.13,1834.15,2026-03-25 11:39:57.202,30,Safe
25.64,6.0,19.94,796.59,2196.9,2026-03-25 11:42:57.202,15,Safe
25.67,6.0,19.3,797.34,1317.84,2026-03-25 11:45:57.202,15,Safe
25.52,6.0,20.17,797.52,2227.42,2026-03-25 11:48:57.202,30,Safe
25.61,6.0,20.93,797.43,1492.46,2026-03-25 11:51:57.202,30,Safe
25.79,6.0,21.89,799.14,1744.57,2026-03-25 11:54:57.202,30,Safe
25.61,6.0,20.19,799.78,1753.64,2026-03-25 11:57:57.202,30,Safe
25.62,6.0,17.32,800.0,1252.54,2026-03-25 12:00:57.202,15,Safe
25.66,6.01,17.53,799.66,2373.86,2026-03-25 12:03:57.202,15,Safe
25.58,6.0,18.12,799.06,2475.32,2026-03-25 12:06:57.202,15,Safe
25.51,6.02,18.28,799.06,2296.16,2026-03-25 12:09:57.202,15,Safe
25.61,6.02,17.55,799.29,2254.91,2026-03-25 12:12:57.202,15,Safe
25.62,6.03,20.98,799.61,1802.45,2026-03-25 12:15:57.202,30,Safe
25.67,6.0,20.98,800.0,2122.08,2026-03-25 12:18:57.202,30,Safe
25.67,6.0,21.68,800.0,1318.82,2026-03-25 12:21:57.202,30,Safe
25.6,6.02,23.28,799.11,1547.33,2026-03-25 12:24:57.202,30,Safe
25.59,6.0,19.1,799.3,1131.95,2026-03-25 12:27:57.202,15,Safe
25.54,6.0,30.34,800.0,161.3,2026-03-25 12:30:57.202,45,Moderate
25.64,6.02,30.58,800.0,166.62,2026-03-25 12:33:57.202,45,Moderate
25.59,6.01,27.39,800.0,47.12,2026-03-25 12:36:57.202,30,Safe
25.66,6.02,28.8,800.0,166.6,2026-03-25 12:39:57.202,30,Safe
25.69,6.0,31.03,800.0,84.09,2026-03-25 12:42:57.202,45,Moderate
25.63,6.0,30.13,800.0,87.18,2026-03-25 12:45:57.202,45,Moderate
25.64,6.01,30.57,800.0,171.07,2026-03-25 12:48:57.202,45,Moderate
25.55,6.02,36.67,800.0,54.58,2026-03-25 12:51:57.202,45,Moderate
25.49,6.01,32.52,800.0,144.55,2026-03-25 12:54:57.202,45,Moderate
25.56,6.0,34.58,800.0,48.02,2026-03-25 12:57:57.202,45,Moderate
25.54,6.01,38.8,800.0,92.98,2026-03-25 13:00:57.202,45,Moderate
25.57,6.01,29.47,800.0,105.91,2026-03-25 13:03:57.202,30,Safe
25.68,6.0,28.23,800.0,94.8,2026-03-25 13:06:57.202,30,Safe
25.57,6.0,32.66,800.0,67.79,2026-03-25 13:09:57.202,45,Moderate
25.59,6.0,26.21,800.0,87.18,2026-03-25 13:12:57.202,30,Safe
25.63,6.0,26.84,799.43,93.82,2026-03-25 13:15:57.202,30,Safe
25.62,6.01,26.37,799.24,46.69,2026-03-25 13:18:57.202,30,Safe
25.53,6.01,26.6,800.0,127.73,2026-03-25 13:21:57.202,30,Safe
25.56,6.0,27.11,800.0,138.97,2026-03-25 13:24:57.202,30,Safe
25.61,6.0,27.05,800.0,158.64,2026-03-25 13:27:57.202,30,Safe
25.62,6.01,26.23,800.0,68.34,2026-03-25 13:30:57.202,30,Safe
25.58,6.01,28.87,800.0,80.82,2026-03-25 13:33:57.202,30,Safe
25.66,6.01,30.4,800.0,16.65,2026-03-25 13:36:57.202,45,Moderate
25.63,6.01,25.93,800.0,4.22,2026-03-25 13:39:57.202,30,Safe
25.66,6.02,26.53,799.51,19.23,2026-03-25 13:42:57.202,30,Safe
25.58,6.02,26.15,799.58,1.18,2026-03-25 13:45:57.202,30,Safe
25.53,6.02,25.14,798.96,244.48,2026-03-25 13:48:57.202,30,Safe
25.58,6.0,27.14,799.04,151.7,2026-03-25 13:51:57.202,30,Safe
25.66,6.0,28.9,798.45,5.2,2026-03-25 13:54:57.202,30,Safe
25.6,6.0,25.68,798.0,159.63,2026-03-25 13:57:57.202,30,Safe
25.57,6.0,27.56,797.49,16.21,2026-03-25 14:00:57.202,30,Safe
25.63,6.0,24.46,797.27,100.23,2026-03-25 14:03:57.202,30,Safe
25.66,6.02,25.55,796.73,3.57,2026-03-25 14:06:57.202,30,Safe
25.64,6.02,25.37,796.78,159.23,2026-03-25 14:09:57.202,30,Safe
25.61,6.03,28.06,796.74,13.78,2026-03-25 14:12:57.202,30,Safe
25.67,6.01,24.35,796.8,15.73,2026-03-25 14:15:57.202,30,Safe
25.68,6.01,26.35,797.38,6.42,2026-03-25 14:18:57.202,30,Safe
25.7,6.02,24.66,797.83,11.64,2026-03-25 14:21:57.202,30,Safe
25.75,6.02,28.32,798.45,19.52,2026-03-25 14:24:57.202,30,Safe
25.65,6.0,26.01,799.07,131.09,2026-03-25 14:27:57.202,30,Safe
25.62,6.0,26.17,799.02,12.78,2026-03-25 14:30:57.202,30,Safe
25.68,6.0,24.62,800.0,8.29,2026-03-25 14:33:57.202,30,Safe
25.64,6.0,27.7,799.34,209.74,2026-03-25 14:36:57.202,30,Safe
25.62,6.0,30.6,800.0,7.62,2026-03-25 14:39:57.202,45,Moderate
25.51,6.0,27.59,799.19,216.99,2026-03-25 14:42:57.202,30,Safe
25.56,6.0,25.28,800.0,2.16,2026-03-25 14:45:57.202,30,Safe
25.66,6.0,26.86,800.0,218.45,2026-03-25 14:48:57.202,30,Safe
25.68,6.0,25.81,800.0,18.44,2026-03-25 14:51:57.202,30,Safe
25.7,6.02,25.01,798.73,8.66,2026-03-25 14:54:57.202,30,Safe
25.6,6.01,24.09,798.19,8.1,2026-03-25 14:57:57.202,30,Safe
25.67,6.0,26.24,798.01,142.96,2026-03-25 15:00:57.202,30,Safe
25.59,6.0,25.32,799.74,11.14,2026-03-25 15:03:57.202,30,Safe
25.67,6.0,26.71,800.0,176.7,2026-03-25 15:06:57.202,30,Safe
25.71,6.0,26.19,800.0,15.23,2026-03-25 15:09:57.202,30,Safe
25.68,6.0,26.23,799.46,255.12,2026-03-25 15:12:57.202,30,Safe
25.65,6.0,26.08,799.76,185.74,2026-03-25 15:15:57.202,30,Safe
25.62,6.0,27.45,800.0,13.79,2026-03-25 15:18:57.202,30,Safe
25.73,6.0,24.69,800.0,187.49,2026-03-25 15:21:57.202,30,Safe
25.71,6.0,25.43,799.84,3.71,2026-03-25 15:24:57.202,30,Safe
25.7,6.0,23.8,799.5,15.38,2026-03-25 15:27:57.202,30,Safe
25.69,6.0,28.59,799.9,11.74,2026-03-25 15:30:57.202,30,Safe
25.76,6.02,27.71,800.0,12.99,2026-03-25 15:33:57.202,30,Safe
25.66,6.01,25.68,800.0,6.17,2026-03-25 15:36:57.202,30,Safe
25.7,6.02,25.6,799.76,13.69,2026-03-25 15:39:57.202,30,Safe
25.73,6.02,28.44,800.0,8.9,2026-03-25 15:42:57.202,30,Safe
25.69,6.03,26.14,800.0,5.81,2026-03-25 15:45:57.202,30,Safe
25.62,6.02,23.62,799.54,17.61,2026-03-25 15:48:57.202,30,Safe
25.62,6.03,25.55,798.12,6.85,2026-03-25 15:51:57.202,30,Safe
25.65,6.04,24.43,797.93,18.56,2026-03-25 15:54:57.202,30,Safe
25.66,6.02,23.27,797.4,14.5,2026-03-25 15:57:57.202,30,Safe
25.7,6.02,27.17,798.3,11.0,2026-03-25 16:00:57.202,30,Safe
25.7,6.02,23.04,799.06,1.77,2026-03-25 16:03:57.202,30,Safe
25.74,6.0,25.23,797.79,0.17,2026-03-25 16:06:57.202,30,Safe
25.81,6.03,27.65,798.48,5.05,2026-03-25 16:09:57.202,30,Safe
25.84,6.04,22.43,798.31,18.65,2026-03-25 16:12:57.202,30,Safe
25.67,6.01,25.88,797.15,12.96,2026-03-25 16:15:57.202,30,Safe
25.65,6.0,23.99,796.45,14.19,2026-03-25 16:18:57.202,30,Safe
25.74,6.0,24.92,796.81,18.98,2026-03-25 16:21:57.202,30,Safe
25.67,6.02,24.67,795.75,17.13,2026-03-25 16:24:57.202,30,Safe
25.63,6.0,26.85,796.26,15.92,2026-03-25 16:27:57.202,30,Safe
25.74,6.0,25.91,795.69,10.03,2026-03-25 16:30:57.202,30,Safe
25.69,6.0,21.05,794.37,12.3,2026-03-25 16:33:57.202,30,Safe
25.73,6.0,21.86,794.27,0.87,2026-03-25 16:36:57.202,30,Safe
25.76,6.0,25.17,794.56,19.21,2026-03-25 16:39:57.202,30,Safe
25.65,6.0,27.28,794.21,16.3,2026-03-25 16:42:57.202,30,Safe
25.68,6.01,25.95,794.51,9.29,2026-03-25 16:45:57.202,30,Safe
25.68,6.0,22.44,794.53,2.11,2026-03-25 16:48:57.202,30,Safe
25.51,6.0,25.31,794.96,9.15,2026-03-25 16:51:57.202,30,Safe
25.63,6.01,22.07,794.79,5.86,2026-03-25 16:54:57.202,30,Safe
25.68,6.0,23.86,794.17,7.54,2026-03-25 16:57:57.202,30,Safe
25.72,6.01,25.59,795.74,12.72,2026-03-25 17:00:57.202,30,Safe
25.73,6.01,23.8,795.72,0.2,2026-03-25 17:03:57.202,30,Safe
25.66,6.0,23.64,793.94,19.8,2026-03-25 17:06:57.202,30,Safe
25.65,6.01,25.31,792.71,5.59,2026-03-25 17:09:57.202,30,Safe
25.5,6.0,23.67,792.87,17.74,2026-03-25 17:12:57.202,30,Safe
25.55,6.0,24.66,792.06,7.56,2026-03-25 17:15:57.202,30,Safe
25.66,6.0,25.42,793.85,18.89,2026-03-25 17:18:57.202,30,Safe
25.7,6.01,23.64,793.69,5.89,2026-03-25 17:21:57.202,30,Safe
25.62,6.01,26.21,793.46,18.62,2026-03-25 17:24:57.202,30,Safe
25.67,6.0,22.89,793.79,15.75,2026-03-25 17:27:57.202,30,Safe
25.71,6.0,22.05,792.39,18.03,2026-03-25 17:30:57.202,30,Safe
25.56,6.0,23.37,793.17,13.7,2026-03-25 17:33:57.202,30,Safe
25.65,6.0,19.95,793.15,14.91,2026-03-25 17:36:57.202,15,Safe
25.64,6.0,24.74,792.43,10.76,2026-03-25 17:39:57.202,30,Safe
25.71,6.0,22.62,791.17,7.94,2026-03-25 17:42:57.202,30,Safe
25.73,6.0,23.44,792.35,10.91,2026-03-25 17:45:57.202,30,Safe
25.52,6.0,24.45,792.05,12.97,2026-03-25 17:48:57.202,30,Safe
25.61,6.0,22.89,793.11,4.31,2026-03-25 17:51:57.202,30,Safe
25.56,6.0,24.09,793.49,5.48,2026-03-25 17:54:57.202,30,Safe
25.67,6.0,24.09,793.54,16.73,2026-03-25 17:57:57.202,30,Safe
25.74,6.0,24.63,792.87,5.17,2026-03-25 18:00:57.202,30,Safe
25.69,6.01,21.62,791.73,7.74,2026-03-25 18:03:57.202,30,Safe
25.65,6.0,23.36,790.32,15.92,2026-03-25 18:06:57.202,30,Safe
25.67,6.01,22.3,790.0,7.78,2026-03-25 18:09:57.202,30,Safe
25.68,6.0,21.87,790.52,15.12,2026-03-25 18:12:57.202,30,Safe
25.56,6.0,21.64,789.46,8.16,2026-03-25 18:15:57.202,30,Safe
25.64,6.0,21.81,790.14,12.48,2026-03-25 18:18:57.202,30,Safe
25.67,6.0,24.6,790.05,10.91,2026-03-25 18:21:57.202,30,Safe
25.62,6.0,24.44,790.71,6.09,2026-03-25 18:24:57.202,30,Safe
25.62,6.0,21.99,790.11,7.68,2026-03-25 18:27:57.202,30,Safe
25.49,6.0,22.83,789.29,0.7,2026-03-25 18:30:57.202,30,Safe
25.55,6.0,20.16,789.23,2.11,2026-03-25 18:33:57.202,30,Safe
25.58,6.0,22.98,789.97,1.75,2026-03-25 18:36:57.202,30,Safe
25.46,6.0,24.08,788.12,0.24,2026-03-25 18:39:57.202,30,Safe
25.42,6.0,21.65,787.94,1.02,2026-03-25 18:42:57.202,30,Safe
25.41,6.0,21.99,787.42,0.02,2026-03-25 18:45:57.202,30,Safe
25.54,6.0,19.99,787.48,4.07,2026-03-25 18:48:57.202,15,Safe
25.57,6.0,21.45,786.9,1.7,2026-03-25 18:51:57.202,30,Safe
25.54,6.02,20.89,787.37,3.05,2026-03-25 18:54:57.202,30,Safe
25.54,6.01,21.21,787.47,2.88,2026-03-25 18:57:57.202,30,Safe
25.48,6.0,23.76,788.31,4.74,2026-03-25 19:00:57.202,30,Safe
25.47,6.0,19.32,788.04,2.99,2026-03-25 19:03:57.202,15,Safe
25.47,6.0,22.46,788.53,2.7,2026-03-25 19:06:57.202,30,Safe
25.57,6.01,23.05,788.33,2.22,2026-03-25 19:09:57.202,30,Safe
25.54,6.0,19.89,788.3,1.48,2026-03-25 19:12:57.202,15,Safe
25.55,6.01,22.01,789.26,2.21,2026-03-25 19:15:57.202,30,Safe
25.55,6.0,22.28,790.1,4.6,2026-03-25 19:18:57.202,30,Safe
25.44,6.0,21.75,790.28,1.06,2026-03-25 19:21:57.202,30,Safe
25.44,6.02,23.69,790.68,2.66,2026-03-25 19:24:57.202,30,Safe
25.45,6.01,24.83,790.4,0.24,2026-03-25 19:27:57.202,30,Safe
25.61,6.03,22.06,790.22,0.89,2026-03-25 19:30:57.202,30,Safe
25.58,6.02,20.65,790.11,2.3,2026-03-25 19:33:57.202,30,Safe
25.59,6.01,20.8,790.84,3.21,2026-03-25 19:36:57.202,30,Safe
25.56,6.03,21.19,789.26,0.1,2026-03-25 19:39:57.202,30,Safe
25.53,6.05,21.91,788.61,0.66,2026-03-25 19:42:57.202,30,Safe
25.53,6.06,20.88,787.29,1.72,2026-03-25 19:45:57.202,30,Safe
25.58,6.03,21.03,787.95,0.21,2026-03-25 19:48:57.202,30,Safe
25.59,6.04,21.57,787.71,2.26,2026-03-25 19:51:57.202,30,Safe
25.64,6.03,21.56,787.52,2.39,2026-03-25 19:54:57.202,30,Safe
25.59,6.02,23.63,788.41,4.9,2026-03-25 19:57:57.202,30,Safe
25.57,6.0,22.85,788.55,4.68,2026-03-25 20:00:57.202,30,Safe
25.62,6.0,22.27,789.91,2.81,2026-03-25 20:03:57.202,30,Safe
25.53,6.0,22.63,789.8,1.69,2026-03-25 20:06:57.202,30,Safe
25.48,6.01,19.98,790.59,1.33,2026-03-25 20:09:57.202,15,Safe
25.44,6.03,21.22,790.62,4.88,2026-03-25 20:12:57.202,30,Safe
25.58,6.02,20.77,790.57,2.39,2026-03-25 20:15:57.202,30,Safe
25.7,6.02,21.63,789.61,0.34,2026-03-25 20:18:57.202,30,Safe
25.58,6.05,20.23,789.39,2.05,2026-03-25 20:21:57.202,30,Safe
25.4,6.05,22.32,789.68,3.51,2026-03-25 20:24:57.202,30,Safe
25.45,6.06,22.23,790.21,1.65,2026-03-25 20:27:57.202,30,Safe
25.45,6.03,20.17,790.26,3.56,2026-03-25 20:30:57.202,30,Safe
25.55,6.03,19.16,790.52,3.94,2026-03-25 20:33:57.202,15,Safe
25.65,6.02,21.36,790.44,1.18,2026-03-25 20:36:57.202,30,Safe
25.56,6.0,22.02,790.51,0.67,2026-03-25 20:39:57.202,30,Safe
25.6,6.0,22.61,791.05,3.97,2026-03-25 20:42:57.202,30,Safe
25.59,6.0,21.58,790.99,0.62,2026-03-25 20:45:57.202,30,Safe
25.59,6.02,20.16,791.16,1.27,2026-03-25 20:48:57.202,30,Safe
25.65,6.0,21.17,791.51,1.14,2026-03-25 20:51:57.202,30,Safe
25.54,6.02,22.6,791.42,3.63,2026-03-25 20:54:57.202,30,Safe
25.51,6.02,22.27,791.75,0.69,2026-03-25 20:57:57.202,30,Safe
25.56,6.01,19.64,790.78,3.13,2026-03-25 21:00:57.202,15,Safe
25.5,6.03,21.29,789.27,2.0,2026-03-25 21:03:57.202,30,Safe
25.44,6.05,20.28,789.19,4.92,2026-03-25 21:06:57.202,30,Safe
25.48,6.04,21.81,788.93,1.21,2026-03-25 21:09:57.202,30,Safe
25.49,6.04,20.19,789.29,2.84,2026-03-25 21:12:57.202,30,Safe
25.47,6.02,21.72,790.06,3.23,2026-03-25 21:15:57.202,30,Safe
25.54,6.02,19.59,790.41,1.15,2026-03-25 21:18:57.202,15,Safe
25.51,6.03,23.78,790.42,4.82,2026-03-25 21:21:57.202,30,Safe
25.54,6.03,23.32,791.02,2.66,2026-03-25 21:24:57.202,30,Safe
25.47,6.05,21.26,791.3,3.32,2026-03-25 21:27:57.202,30,Safe
25.5,6.05,18.65,791.01,0.39,2026-03-25 21:30:57.202,15,Safe
25.57,6.04,20.23,790.73,3.4,2026-03-25 21:33:57.202,30,Safe
25.62,6.04,22.48,791.64,0.1,2026-03-25 21:36:57.202,30,Safe
25.55,6.03,17.86,792.05,4.16,2026-03-25 21:39:57.202,15,Safe
25.49,6.02,19.57,792.53,3.68,2026-03-25 21:42:57.202,15,Safe
25.49,6.01,19.8,792.83,4.0,2026-03-25 21:45:57.202,15,Safe
25.45,6.01,20.22,793.01,1.15,2026-03-25 21:48:57.202,30,Safe
25.43,6.0,20.65,792.84,1.73,2026-03-25 21:51:57.202,30,Safe
25.52,6.0,22.67,792.09,3.17,2026-03-25 21:54:57.202,30,Safe
25.47,6.0,20.98,792.42,4.77,2026-03-25 21:57:57.202,30,Safe
25.5,6.0,20.21,791.86,1.89,2026-03-25 22:00:57.202,30,Safe
25.52,6.0,21.83,791.84,1.34,2026-03-25 22:03:57.202,30,Safe
25.54,6.0,20.26,791.46,0.6,2026-03-25 22:06:57.202,30,Safe
25.47,6.0,19.2,791.81,1.18,2026-03-25 22:09:57.202,15,Safe
25.5,6.0,19.93,790.9,2.12,2026-03-25 22:12:57.202,15,Safe
25.53,6.0,16.89,791.74,1.76,2026-03-25 22:15:57.202,15,Safe
25.47,6.01,20.46,790.04,2.57,2026-03-25 22:18:57.202,30,Safe
25.46,6.0,22.89,790.96,4.15,2026-03-25 22:21:57.202,30,Safe
25.48,6.0,19.22,792.14,4.18,2026-03-25 22:24:57.202,15,Safe
25.46,6.01,20.48,791.68,1.29,2026-03-25 22:27:57.202,30,Safe
25.52,6.01,20.53,791.88,1.29,2026-03-25 22:30:57.202,30,Safe
25.49,6.01,20.2,791.63,3.49,2026-03-25 22:33:57.202,30,Safe
25.46,6.01,21.96,791.22,4.06,2026-03-25 22:36:57.202,30,Safe
25.59,6.01,19.72,792.01,4.52,2026-03-25 22:39:57.202,15,Safe
25.57,6.01,19.18,792.3,1.85,2026-03-25 22:42:57.202,15,Safe
25.52,6.02,18.79,792.47,4.94,2026-03-25 22:45:57.202,15,Safe
25.63,6.04,22.6,791.23,2.54,2026-03-25 22:48:57.202,30,Safe
25.49,6.06,19.37,790.4,4.85,2026-03-25 22:51:57.202,15,Safe
25.52,6.06,22.1,790.56,3.45,2026-03-25 22:54:57.202,30,Safe
25.61,6.07,19.95,791.5,1.28,2026-03-25 22:57:57.202,15,Safe
25.59,6.02,20.68,791.52,1.49,2026-03-25 23:00:57.202,30,Safe
25.56,6.02,22.6,791.88,4.31,2026-03-25 23:03:57.202,30,Safe
25.5,6.02,19.8,792.2,1.73,2026-03-25 23:06:57.202,15,Safe
25.59,6.0,16.95,791.95,3.24,2026-03-25 23:09:57.202,15,Safe
25.72,6.0,19.99,792.29,0.58,2026-03-25 23:12:57.202,15,Safe
25.57,6.0,15.47,791.87,0.93,2026-03-25 23:15:57.202,15,Safe
25.53,6.0,18.79,790.05,2.93,2026-03-25 23:18:57.202,15,Safe
25.46,6.01,20.97,789.47,2.04,2026-03-25 23:21:57.202,30,Safe
25.48,6.02,21.96,788.25,1.37,2026-03-25 23:24:57.202,30,Safe
25.51,6.0,19.22,788.82,3.32,2026-03-25 23:27:57.202,15,Safe
25.56,6.02,19.39,790.2,96.6,2026-03-25 23:30:57.202,15,Safe
25.41,6.0,18.75,791.23,103.5,2026-03-25 23:33:57.202,15,Safe
25.37,6.0,20.65,789.8,113.26,2026-03-25 23:36:57.202,30,Safe
25.52,6.0,20.65,790.73,113.67,2026-03-25 23:39:57.202,30,Safe
25.48,6.01,19.78,790.46,44.87,2026-03-25 23:42:57.202,15,Safe
25.49,6.0,19.67,790.54,80.8,2026-03-25 23:45:57.202,15,Safe
25.59,6.0,21.6,790.66,102.52,2026-03-25 23:48:57.202,30,Safe
25.59,6.0,20.91,791.88,40.96,2026-03-25 23:51:57.202,30,Safe
25.5,6.0,17.85,791.91,66.66,2026-03-25 23:54:57.202,15,Safe
25.62,6.0,21.61,792.02,111.59,2026-03-25 23:57:57.202,30,Safe
25.77,6.01,21.17,792.96,80.21,2026-03-26 00:00:57.202,30,Safe
25.72,6.0,19.89,794.61,78.34,2026-03-26 00:03:57.202,15,Safe
25.65,6.01,17.85,795.43,59.32,2026-03-26 00:06:57.202,15,Safe
25.55,6.01,19.36,794.73,27.41,2026-03-26 00:09:57.202,15,Safe
25.46,6.0,22.38,796.05,100.24,2026-03-26 00:12:57.202,30,Safe
25.55,6.0,18.78,795.66,61.44,2026-03-26 00:15:57.202,15,Safe
25.51,6.02,20.14,795.81,109.76,2026-03-26 00:18:57.202,30,Safe
25.59,6.02,20.95,794.94,40.07,2026-03-26 00:21:57.202,30,Safe
25.6,6.0,19.29,794.99,61.91,2026-03-26 00:24:57.202,15,Safe
25.56,6.0,19.84,795.44,119.47,2026-03-26 00:27:57.202,15,Safe
25.65,6.0,19.45,794.36,68.33,2026-03-26 00:30:57.202,15,Safe
25.66,6.0,20.34,794.52,100.78,2026-03-26 00:33:57.202,30,Safe
25.58,6.0,18.18,794.42,22.19,2026-03-26 00:36:57.202,15,Safe
25.43,6.0,19.88,793.15,47.19,2026-03-26 00:39:57.202,15,Safe
25.49,6.02,18.48,792.84,66.24,2026-03-26 00:42:57.202,15,Safe
25.59,6.01,20.32,793.94,54.23,2026-03-26 00:45:57.202,30,Safe
25.53,6.02,19.16,795.65,116.21,2026-03-26 00:48:57.202,15,Safe
25.61,6.02,20.57,795.38,54.08,2026-03-26 00:51:57.202,30,Safe
25.64,6.03,22.37,796.34,50.03,2026-03-26 00:54:57.202,30,Safe
25.64,6.03,20.89,796.68,117.62,2026-03-26 00:57:57.202,30,Safe
25.54,6.0,23.12,796.32,106.14,2026-03-26 01:00:57.202,30,Safe
25.68,6.0,19.39,797.15,51.27,2026-03-26 01:03:57.202,15,Safe
25.57,6.0,20.97,796.94,118.7,2026-03-26 01:06:57.202,30,Safe
25.57,6.02,20.13,797.64,47.31,2026-03-26 01:09:57.202,30,Safe
25.46,6.0,20.72,797.15,118.17,2026-03-26 01:12:57.202,30,Safe
25.51,6.0,18.8,797.34,86.26,2026-03-26 01:15:57.202,15,Safe
25.5,6.0,18.52,797.58,113.33,2026-03-26 01:18:57.202,15,Safe
25.64,6.0,20.49,796.87,92.16,2026-03-26 01:21:57.202,30,Safe
25.6,6.0,19.41,796.15,53.22,2026-03-26 01:24:57.202,15,Safe
25.57,6.0,15.82,796.05,115.13,2026-03-26 01:27:57.202,15,Safe
25.6,6.0,20.55,794.94,453.86,2026-03-26 01:30:57.202,30,Safe
25.61,6.0,21.14,795.03,461.64,2026-03-26 01:33:57.202,30,Safe
25.63,6.03,21.7,795.59,373.31,2026-03-26 01:36:57.202,30,Safe
25.56,6.04,18.96,794.79,325.82,2026-03-26 01:39:57.202,15,Safe
25.6,6.04,20.59,795.31,384.26,2026-03-26 01:42:57.202,30,Safe
25.61,6.06,20.44,796.07,174.38,2026-03-26 01:45:57.202,30,Safe
25.58,6.04,17.35,795.88,479.75,2026-03-26 01:48:57.202,15,Safe
25.47,6.04,19.31,795.54,288.85,2026-03-26 01:51:57.202,15,Safe
25.46,6.02,19.8,794.93,341.7,2026-03-26 01:54:57.202,15,Safe
25.49,6.03,18.69,795.3,386.53,2026-03-26 01:57:57.202,15,Safe
25.53,6.03,20.68,797.25,504.39,2026-03-26 02:00:57.202,30,Safe
25.44,6.04,20.22,797.11,305.59,2026-03-26 02:03:57.202,30,Safe
25.51,6.05,20.99,797.19,356.34,2026-03-26 02:06:57.202,30,Safe
25.57,6.03,19.28,797.38,266.26,2026-03-26 02:09:57.202,15,Safe
25.59,6.02,20.63,798.2,419.68,2026-03-26 02:12:57.202,30,Safe
25.6,6.03,22.39,799.09,113.17,2026-03-26 02:15:57.202,30,Safe
25.59,6.0,20.34,799.3,145.57,2026-03-26 02:18:57.202,30,Safe
25.6,6.0,18.31,798.42,210.84,2026-03-26 02:21:57.202,15,Safe
25.51,6.0,21.37,798.16,388.65,2026-03-26 02:24:57.202,30,Safe
25.51,6.02,17.99,799.37,196.44,2026-03-26 02:27:57.202,15,Safe
25.55,6.0,28.51,800.0,2024.99,2026-03-26 02:30:57.202,30,Safe
25.55,6.0,27.24,800.0,1770.52,2026-03-26 02:33:57.202,30,Safe
25.49,6.0,34.25,800.0,1580.45,2026-03-26 02:36:57.202,45,Moderate
25.5,6.0,34.77,800.0,2207.55,2026-03-26 02:39:57.202,45,Moderate
25.6,6.0,28.87,800.0,2722.08,2026-03-26 02:42:57.202,30,Safe
25.51,6.0,31.18,800.0,1927.02,2026-03-26 02:45:57.202,45,Moderate
25.59,6.0,34.82,800.0,1779.3,2026-03-26 02:48:57.202,45,Moderate
25.5,6.0,28.86,800.0,1514.36,2026-03-26 02:51:57.202,30,Safe
25.45,6.03,41.33,800.0,1775.79,2026-03-26 02:54:57.202,45,Moderate
25.51,6.02,37.43,800.0,1450.72,2026-03-26 02:57:57.202,45,Moderate
25.54,6.02,36.87,800.0,2094.66,2026-03-26 03:00:57.202,45,Moderate
25.55,6.02,28.14,800.0,2547.95,2026-03-26 03:03:57.202,30,Safe
25.5,6.01,29.67,799.9,1502.51,2026-03-26 03:06:57.202,30,Safe
25.5,6.0,28.66,800.0,1518.95,2026-03-26 03:09:57.202,30,Safe
25.6,6.0,27.48,800.0,2005.08,2026-03-26 03:12:57.202,30,Safe
25.62,6.01,31.21,800.0,2069.89,2026-03-26 03:15:57.202,45,Moderate
25.63,6.0,27.88,800.0,2444.49,2026-03-26 03:18:57.202,30,Safe
25.52,6.0,27.94,800.0,1591.15,2026-03-26 03:21:57.202,30,Safe
25.49,6.0,28.5,799.84,1379.47,2026-03-26 03:24:57.202,30,Safe
25.51,6.0,29.01,800.0,1758.09,2026-03-26 03:27:57.202,30,Safe
25.65,6.0,23.92,799.91,2174.72,2026-03-26 03:30:57.202,30,Safe
25.58,6.01,26.49,800.0,1984.93,2026-03-26 03:33:57.202,30,Safe
25.53,6.0,27.38,800.0,2264.61,2026-03-26 03:36:57.202,30,Safe
25.57,6.03,27.33,800.0,1839.21,2026-03-26 03:39:57.202,30,Safe
25.49,6.02,31.26,800.0,1641.43,2026-03-26 03:42:57.202,45,Moderate
25.48,6.01,26.12,800.0,1413.2,2026-03-26 03:45:57.202,30,Safe
25.53,6.0,25.69,800.0,1453.72,2026-03-26 03:48:57.202,30,Safe
25.47,6.0,27.44,798.91,2821.19,2026-03-26 03:51:57.202,30,Safe
25.42,6.0,27.24,799.61,1523.88,2026-03-26 03:54:57.202,30,Safe
25.43,6.0,27.49,798.82,1202.62,2026-03-26 03:57:57.202,30,Safe
25.51,6.02,30.08,797.87,1277.07,2026-03-26 04:00:57.202,45,Moderate
25.54,6.02,26.02,797.55,2541.3,2026-03-26 04:03:57.202,30,Safe
25.65,6.04,26.6,798.02,2312.03,2026-03-26 04:06:57.202,30,Safe
25.65,6.03,24.14,798.11,2288.08,2026-03-26 04:09:57.202,30,Safe
25.56,6.04,27.8,797.86,1975.53,2026-03-26 04:12:57.202,30,Safe
25.41,6.05,25.76,797.2,1579.8,2026-03-26 04:15:57.202,30,Safe
25.47,6.03,25.19,796.3,2043.75,2026-03-26 04:18:57.202,30,Safe
25.57,6.03,26.65,797.54,1901.72,2026-03-26 04:21:57.202,30,Safe
25.64,6.03,25.77,798.4,2330.72,2026-03-26 04:24:57.202,30,Safe
25.62,6.04,25.85,798.12,1343.66,2026-03-26 04:27:57.202,30,Safe
25.76,6.24,20.39,694.28,2247.84,2026-03-26 04:30:57.202,30,Safe
25.79,6.44,17.23,601.95,2430.2,2026-03-26 04:33:57.202,15,Safe
25.81,6.58,13.01,548.08,2518.35,2026-03-26 04:36:57.202,0,Safe
25.79,6.75,7.48,481.4,1669.86,2026-03-26 04:39:57.202,0,Safe
25.87,6.89,5.39,416.81,1272.66,2026-03-26 04:42:57.202,0,Safe
25.91,7.07,0.35,381.75,1622.11,2026-03-26 04:45:57.202,0,Safe
25.86,7.26,3.08,343.09,2873.09,2026-03-26 04:48:57.202,0,Safe
25.84,7.41,1.9,313.46,1995.76,2026-03-26 04:51:57.202,0,Safe
25.74,7.6,1.31,280.24,1527.0,2026-03-26 04:54:57.202,15,Safe
25.72,7.75,1.85,243.75,1259.75,2026-03-26 04:57:57.202,15,Safe
25.79,7.9,2.8,217.32,2365.28,2026-03-26 05:00:57.202,15,Safe
25.76,7.9,1.05,194.81,2612.46,2026-03-26 05:03:57.202,15,Safe
25.75,7.9,1.47,180.0,1491.23,2026-03-26 05:06:57.202,15,Safe
25.88,7.9,4.66,180.0,1669.66,2026-03-26 05:09:57.202,15,Safe
25.83,7.9,3.13,180.0,2432.56,2026-03-26 05:12:57.202,15,Safe
25.84,7.9,1.74,180.0,1336.47,2026-03-26 05:15:57.202,15,Safe
25.81,7.9,1.4,180.0,1272.12,2026-03-26 05:18:57.202,15,Safe
25.74,7.9,2.77,180.0,2699.08,2026-03-26 05:21:57.202,15,Safe
25.8,7.9,3.76,180.0,2356.98,2026-03-26 05:24:57.202,15,Safe
25.86,7.9,2.36,180.0,1598.54,2026-03-26 05:27:57.202,15,Safe
25.91,7.89,1.09,180.64,2137.9,2026-03-26 05:30:57.202,15,Safe
25.86,7.88,0.2,181.05,2446.07,2026-03-26 05:33:57.202,15,Safe
25.82,7.88,1.29,182.06,1401.89,2026-03-26 05:36:57.202,15,Safe
25.72,7.89,0.95,181.36,2623.21,2026-03-26 05:39:57.202,15,Safe
25.67,7.89,4.92,181.99,2397.48,2026-03-26 05:42:57.202,15,Safe
25.77,7.89,1.4,181.64,2427.92,2026-03-26 05:45:57.202,15,Safe
25.76,7.89,2.64,181.8,2729.65,2026-03-26 05:48:57.202,15,Safe
25.9,7.87,3.62,180.29,2154.07,2026-03-26 05:51:57.202,15,Safe
25.76,7.85,3.62,180.48,2437.09,2026-03-26 05:54:57.202,15,Safe
25.78,7.83,0.2,180.28,2431.77,2026-03-26 05:57:57.202,15,Safe
25.74,7.82,0.86,180.08,1682.45,2026-03-26 06:00:57.202,15,Safe
25.68,7.83,2.36,180.7,2004.73,2026-03-26 06:03:57.202,15,Safe
25.66,7.84,3.9,181.39,1910.37,2026-03-26 06:06:57.202,15,Safe
25.74,7.84,3.58,181.51,2583.01,2026-03-26 06:09:57.202,15,Safe
25.78,7.85,2.49,180.78,2082.96,2026-03-26 06:12:57.202,15,Safe
25.9,7.83,2.25,180.04,2243.59,2026-03-26 06:15:57.202,15,Safe
25.93,7.84,3.33,180.86,2042.76,2026-03-26 06:18:57.202,15,Safe
25.77,7.86,0.65,181.38,2357.06,2026-03-26 06:21:57.202,15,Safe
25.78,7.86,0.33,180.37,1967.5,2026-03-26 06:24:57.202,15,Safe
25.77,7.86,4.36,180.96,1474.66,2026-03-26 06:27:57.202,15,Safe
25.86,7.84,4.35,180.74,1651.55,2026-03-26 06:30:57.202,15,Safe
25.95,7.87,2.66,181.0,2460.41,2026-03-26 06:33:57.202,15,Safe
25.93,7.89,4.99,181.34,2559.13,2026-03-26 06:36:57.202,15,Safe
25.89,7.89,1.85,181.08,2786.66,2026-03-26 06:39:57.202,15,Safe
25.92,7.89,0.38,181.81,2598.56,2026-03-26 06:42:57.202,15,Safe
25.86,7.88,1.93,182.06,1728.61,2026-03-26 06:45:57.202,15,Safe
25.91,7.87,2.37,181.14,2327.41,2026-03-26 06:48:57.202,15,Safe
25.82,7.9,2.21,181.82,1378.45,2026-03-26 06:51:57.202,15,Safe
25.84,7.9,3.29,183.12,2497.7,2026-03-26 06:54:57.202,15,Safe
25.75,7.86,1.29,182.05,2069.92,2026-03-26 06:57:57.202,15,Safe
25.8,7.86,2.26,181.95,2445.89,2026-03-26 07:00:57.202,15,Safe
25.7,7.85,3.18,183.52,2485.66,2026-03-26 07:03:57.202,15,Safe
25.72,7.83,0.2,185.2,1781.15,2026-03-26 07:06:57.202,15,Safe
25.73,7.83,0.88,184.29,1712.39,2026-03-26 07:09:57.202,15,Safe
25.75,7.83,0.2,185.26,1957.68,2026-03-26 07:12:57.202,15,Safe
25.77,7.83,0.95,186.13,2566.5,2026-03-26 07:15:57.202,15,Safe
25.79,7.85,3.78,186.53,2822.36,2026-03-26 07:18:57.202,15,Safe
25.79,7.83,1.98,186.5,2589.04,2026-03-26 07:21:57.202,15,Safe
25.79,7.82,0.2,186.3,2722.73,2026-03-26 07:24:57.202,15,Safe
25.78,7.86,3.17,186.47,1614.26,2026-03-26 07:27:57.202,15,Safe
25.75,7.86,1.5,185.92,2807.35,2026-03-26 07:30:57.202,15,Safe
25.8,7.87,0.2,187.26,1876.13,2026-03-26 07:33:57.202,15,Safe
25.81,7.87,5.29,188.48,2539.31,2026-03-26 07:36:57.202,15,Safe
25.86,7.85,1.56,188.89,1499.25,2026-03-26 07:39:57.202,15,Safe
25.96,7.86,1.37,188.6,1723.03,2026-03-26 07:42:57.202,15,Safe
25.98,7.86,3.09,187.15,2621.59,2026-03-26 07:45:57.202,15,Safe
25.85,7.84,2.84,185.81,2400.67,2026-03-26 07:48:57.202,15,Safe
25.85,7.84,1.42,186.16,1727.32,2026-03-26 07:51:57.202,15,Safe
25.82,7.85,3.22,187.21,1835.28,2026-03-26 07:54:57.202,15,Safe
25.87,7.85,0.43,187.25,2073.68,2026-03-26 07:57:57.202,15,Safe
25.8,7.86,4.16,188.06,1337.37,2026-03-26 08:00:57.202,15,Safe
25.78,7.88,0.2,188.75,2393.97,2026-03-26 08:03:57.202,15,Safe
25.87,7.86,1.85,189.66,1672.15,2026-03-26 08:06:57.202,15,Safe
25.83,7.86,0.2,188.89,1623.75,2026-03-26 08:09:57.202,15,Safe
25.86,7.88,2.15,188.75,1411.1,2026-03-26 08:12:57.202,15,Safe
25.77,7.9,1.85,188.3,2176.18,2026-03-26 08:15:57.202,15,Safe
25.73,7.88,5.09,190.5,2033.88,2026-03-26 08:18:57.202,15,Safe
25.89,7.88,0.2,191.91,2248.96,2026-03-26 08:21:57.202,15,Safe
25.85,7.87,3.36,191.62,2055.43,2026-03-26 08:24:57.202,15,Safe
25.73,7.85,6.1,193.42,1845.4,2026-03-26 08:27:57.202,15,Safe
25.75,7.85,1.29,193.41,1853.12,2026-03-26 08:30:57.202,15,Safe
25.78,7.84,2.2,192.76,2349.18,2026-03-26 08:33:57.202,15,Safe
25.81,7.84,2.12,191.23,1556.74,2026-03-26 08:36:57.202,15,Safe
25.83,7.83,2.37,192.76,1210.05,2026-03-26 08:39:57.202,15,Safe
25.81,7.84,0.57,193.19,2352.54,2026-03-26 08:42:57.202,15,Safe
25.85,7.82,1.86,194.51,2085.94,2026-03-26 08:45:57.202,15,Safe
25.88,7.85,5.17,194.12,1346.8,2026-03-26 08:48:57.202,15,Safe
25.75,7.84,3.2,193.79,2227.56,2026-03-26 08:51:57.202,15,Safe
25.72,7.82,2.86,193.62,2405.13,2026-03-26 08:54:57.202,15,Safe
25.85,7.81,3.17,193.1,1814.42,2026-03-26 08:57:57.202,15,Safe
25.82,7.8,1.76,192.77,1170.75,2026-03-26 09:00:57.202,15,Safe
25.84,7.83,1.27,194.21,1643.85,2026-03-26 09:03:57.202,15,Safe
25.9,7.82,1.5,194.73,1508.41,2026-03-26 09:06:57.202,15,Safe
25.93,7.83,3.37,194.66,2296.29,2026-03-26 09:09:57.202,15,Safe
25.86,7.82,3.43,195.41,2274.6,2026-03-26 09:12:57.202,15,Safe
25.72,7.84,1.84,195.79,2040.69,2026-03-26 09:15:57.202,15,Safe
25.69,7.84,1.33,197.14,1860.08,2026-03-26 09:18:57.202,15,Safe
25.73,7.85,4.52,197.25,1346.88,2026-03-26 09:21:57.202,15,Safe
25.89,7.85,2.8,196.64,2197.76,2026-03-26 09:24:57.202,15,Safe
25.78,7.85,2.95,198.62,1579.05,2026-03-26 09:27:57.202,15,Safe
25.68,7.85,4.75,199.95,1817.88,2026-03-26 09:30:57.202,15,Safe
25.66,7.86,4.89,201.0,2614.12,2026-03-26 09:33:57.202,15,Safe
25.63,7.85,0.2,201.62,1958.16,2026-03-26 09:36:57.202,15,Safe
25.65,7.84,3.32,201.61,1462.76,2026-03-26 09:39:57.202,15,Safe
25.63,7.85,3.73,202.99,1723.55,2026-03-26 09:42:57.202,15,Safe
25.63,7.84,4.71,204.55,1582.14,2026-03-26 09:45:57.202,15,Safe
25.58,7.87,4.39,203.65,2545.78,2026-03-26 09:48:57.202,15,Safe
25.81,7.87,6.61,204.78,2242.27,2026-03-26 09:51:57.202,15,Safe
25.96,7.89,4.48,204.38,2207.69,2026-03-26 09:54:57.202,15,Safe
25.89,7.88,2.48,203.43,1994.09,2026-03-26 09:57:57.202,15,Safe
25.84,7.89,3.7,202.93,1452.99,2026-03-26 10:00:57.202,15,Safe
25.89,7.89,0.65,204.67,1417.71,2026-03-26 10:03:57.202,15,Safe
25.85,7.86,2.33,204.32,1454.77,2026-03-26 10:06:57.202,15,Safe
25.81,7.86,1.05,204.64,2626.69,2026-03-26 10:09:57.202,15,Safe
25.97,7.86,3.25,202.7,2707.82,2026-03-26 10:12:57.202,15,Safe
25.91,7.84,5.34,202.1,1431.89,2026-03-26 10:15:57.202,15,Safe
25.8,7.85,3.33,201.48,2405.26,2026-03-26 10:18:57.202,15,Safe
25.8,7.84,4.37,201.31,2593.24,2026-03-26 10:21:57.202,15,Safe
25.81,7.85,5.04,200.65,2285.64,2026-03-26 10:24:57.202,15,Safe
25.68,7.84,4.57,200.2,1576.98,2026-03-26 10:27:57.202,15,Safe
25.78,7.84,2.78,200.22,2646.29,2026-03-26 10:30:57.202,15,Safe
25.76,7.83,2.78,201.15,1491.33,2026-03-26 10:33:57.202,15,Safe
25.8,7.85,1.72,201.19,1768.02,2026-03-26 10:36:57.202,15,Safe
25.82,7.84,5.58,201.09,1335.85,2026-03-26 10:39:57.202,15,Safe
25.81,7.83,3.64,200.12,1257.04,2026-03-26 10:42:57.202,15,Safe
25.78,7.82,2.6,200.0,2243.11,2026-03-26 10:45:57.202,15,Safe
25.77,7.83,3.91,199.76,1559.13,2026-03-26 10:48:57.202,15,Safe
25.89,7.83,3.66,198.92,2012.04,2026-03-26 10:51:57.202,15,Safe
25.79,7.83,2.42,199.33,2432.92,2026-03-26 10:54:57.202,15,Safe
25.94,7.83,4.06,198.84,1126.61,2026-03-26 10:57:57.202,15,Safe
25.84,7.82,2.48,199.48,2326.7,2026-03-26 11:00:57.202,15,Safe
25.85,7.86,3.26,199.41,1505.41,2026-03-26 11:03:57.202,15,Safe
25.8,7.85,5.06,198.38,1934.15,2026-03-26 11:06:57.202,15,Safe
25.8,7.83,2.91,198.52,2353.65,2026-03-26 11:09:57.202,15,Safe
25.79,7.83,3.51,196.65,1759.85,2026-03-26 11:12:57.202,15,Safe
25.83,7.83,2.69,196.02,2161.7,2026-03-26 11:15:57.202,15,Safe
25.85,7.84,4.55,196.73,2061.28,2026-03-26 11:18:57.202,15,Safe
25.72,7.84,1.97,196.43,2298.22,2026-03-26 11:21:57.202,15,Safe
25.72,7.83,2.63,196.25,2139.41,2026-03-26 11:24:57.202,15,Safe
25.89,7.84,3.97,196.01,2520.44,2026-03-26 11:27:57.202,15,Safe
25.83,7.85,2.54,195.91,2034.59,2026-03-26 11:30:57.202,15,Safe
25.55,7.83,1.04,195.34,1941.88,2026-03-26 11:33:57.202,15,Safe
25.66,7.8,2.74,194.75,2138.14,2026-03-26 11:36:57.202,15,Safe
25.6,7.8,4.38,194.71,2099.29,2026-03-26 11:39:57.202,15,Safe
25.5,7.81,3.13,193.74,1217.17,2026-03-26 11:42:57.202,15,Safe
25.4,7.79,4.15,195.09,1877.93,2026-03-26 11:45:57.202,15,Safe
25.46,7.76,4.75,193.73,1566.71,2026-03-26 11:48:57.202,15,Safe
25.5,7.74,1.31,194.2,1940.48,2026-03-26 11:51:57.202,15,Safe
25.49,7.74,3.46,195.78,1224.95,2026-03-26 11:54:57.202,15,Safe
25.51,7.73,4.69,196.57,1920.27,2026-03-26 11:57:57.202,15,Safe
25.56,7.73,3.17,196.96,1374.25,2026-03-26 12:00:57.202,15,Safe
25.55,7.71,1.92,196.53,1154.16,2026-03-26 12:03:57.202,15,Safe
25.57,7.71,6.11,197.23,1475.24,2026-03-26 12:06:57.202,15,Safe
25.49,7.72,2.18,197.39,1376.17,2026-03-26 12:09:57.202,15,Safe
25.56,7.72,5.84,197.1,1994.54,2026-03-26 12:12:57.202,15,Safe
25.56,7.7,1.63,197.61,2176.59,2026-03-26 12:15:57.202,15,Safe
25.56,7.7,5.22,198.96,1830.94,2026-03-26 12:18:57.202,15,Safe
25.46,7.73,3.09,198.74,2249.76,2026-03-26 12:21:57.202,15,Safe
25.6,7.73,5.6,199.41,1653.55,2026-03-26 12:24:57.202,15,Safe
25.56,7.73,5.83,202.35,1737.96,2026-03-26 12:27:57.202,15,Safe
25.61,7.7,14.32,206.24,1355.04,2026-03-26 12:30:57.202,15,Safe
25.63,7.7,13.54,210.87,1512.06,2026-03-26 12:33:57.202,15,Safe
25.55,7.67,12.1,216.29,1087.45,2026-03-26 12:36:57.202,15,Safe
25.57,7.65,18.45,219.45,703.03,2026-03-26 12:39:57.202,15,Safe
25.62,7.65,16.62,222.22,1595.68,2026-03-26 12:42:57.202,15,Safe
25.51,7.67,18.27,224.94,993.6,2026-03-26 12:45:57.202,15,Safe
25.47,7.68,15.85,229.71,911.26,2026-03-26 12:48:57.202,15,Safe
25.48,7.68,14.98,233.64,1050.3,2026-03-26 12:51:57.202,15,Safe
25.63,7.68,15.43,237.87,922.72,2026-03-26 12:54:57.202,15,Safe
25.55,7.68,18.18,242.08,1697.63,2026-03-26 12:57:57.202,15,Safe
25.49,7.67,19.48,245.19,1495.67,2026-03-26 13:00:57.202,15,Safe
25.43,7.66,12.76,245.31,1016.13,2026-03-26 13:03:57.202,15,Safe
25.45,7.67,12.93,244.46,885.67,2026-03-26 13:06:57.202,15,Safe
25.47,7.66,13.21,245.92,1291.93,2026-03-26 13:09:57.202,15,Safe
25.55,7.66,11.88,244.98,1193.14,2026-03-26 13:12:57.202,15,Safe
25.51,7.65,11.31,242.95,1229.55,2026-03-26 13:15:57.202,15,Safe
25.4,7.64,8.84,241.73,1385.05,2026-03-26 13:18:57.202,15,Safe
25.48,7.64,10.81,242.14,1373.51,2026-03-26 13:21:57.202,15,Safe
25.46,7.63,13.23,242.87,1407.03,2026-03-26 13:24:57.202,15,Safe
25.61,7.65,10.47,242.25,1039.56,2026-03-26 13:27:57.202,15,Safe
25.61,7.68,10.98,242.07,756.07,2026-03-26 13:30:57.202,15,Safe
25.57,7.65,10.98,243.79,843.27,2026-03-26 13:33:57.202,15,Safe
25.51,7.67,10.74,244.1,1139.85,2026-03-26 13:36:57.202,15,Safe
25.5,7.65,9.7,244.62,992.27,2026-03-26 13:39:57.202,15,Safe
25.51,7.67,8.49,243.71,556.25,2026-03-26 13:42:57.202,15,Safe
25.51,7.66,8.71,245.06,956.46,2026-03-26 13:45:57.202,15,Safe
25.45,7.66,8.86,245.98,763.26,2026-03-26 13:48:57.202,15,Safe
25.53,7.65,10.66,244.5,800.18,2026-03-26 13:51:57.202,15,Safe
25.46,7.66,9.91,244.3,1494.29,2026-03-26 13:54:57.202,15,Safe
25.44,7.63,8.74,244.9,791.85,2026-03-26 13:57:57.202,15,Safe
25.54,7.63,9.03,244.07,978.97,2026-03-26 14:00:57.202,15,Safe
25.62,7.61,10.27,244.97,1355.2,2026-03-26 14:03:57.202,15,Safe
25.55,7.61,10.09,244.01,1363.54,2026-03-26 14:06:57.202,15,Safe
25.47,7.59,9.21,243.73,1440.99,2026-03-26 14:09:57.202,15,Safe
25.47,7.6,9.9,243.79,1474.78,2026-03-26 14:12:57.202,15,Safe
25.37,7.59,11.98,243.93,751.87,2026-03-26 14:15:57.202,15,Safe
25.43,7.6,11.75,244.12,1489.22,2026-03-26 14:18:57.202,15,Safe
25.39,7.57,8.29,243.9,1510.4,2026-03-26 14:21:57.202,15,Safe
25.46,7.55,6.67,243.84,998.8,2026-03-26 14:24:57.202,15,Safe
25.51,7.55,8.68,244.57,1418.79,2026-03-26 14:27:57.202,15,Safe
25.51,7.52,7.29,243.48,1242.54,2026-03-26 14:30:57.202,15,Safe
25.47,7.49,9.49,244.3,651.05,2026-03-26 14:33:57.202,0,Safe
25.5,7.49,9.8,243.57,1267.46,2026-03-26 14:36:57.202,0,Safe
25.49,7.5,10.91,243.45,963.93,2026-03-26 14:39:57.202,0,Safe
25.56,7.48,9.31,242.68,864.91,2026-03-26 14:42:57.202,0,Safe
25.47,7.47,6.84,243.43,718.69,2026-03-26 14:45:57.202,0,Safe
25.59,7.47,9.0,243.24,1218.7,2026-03-26 14:48:57.202,0,Safe
25.51,7.45,5.93,243.27,1380.17,2026-03-26 14:51:57.202,0,Safe
25.47,7.46,8.0,243.44,857.68,2026-03-26 14:54:57.202,0,Safe
25.43,7.47,7.69,244.15,842.06,2026-03-26 14:57:57.202,0,Safe
25.46,7.49,7.75,244.31,1164.92,2026-03-26 15:00:57.202,0,Safe
25.59,7.48,8.5,244.64,1554.84,2026-03-26 15:03:57.202,0,Safe
25.49,7.48,8.87,245.65,624.82,2026-03-26 15:06:57.202,0,Safe
25.46,7.48,4.72,245.31,1248.9,2026-03-26 15:09:57.202,0,Safe
25.51,7.47,6.01,246.53,848.9,2026-03-26 15:12:57.202,0,Safe
25.49,7.47,7.23,246.36,1094.27,2026-03-26 15:15:57.202,0,Safe
25.53,7.47,5.94,247.47,1502.49,2026-03-26 15:18:57.202,0,Safe
25.44,7.52,7.49,245.87,968.09,2026-03-26 15:21:57.202,15,Safe
25.49,7.53,7.78,245.06,656.63,2026-03-26 15:24:57.202,15,Safe
25.51,7.55,8.14,245.5,684.9,2026-03-26 15:27:57.202,15,Safe
25.56,7.54,7.51,245.07,584.02,2026-03-26 15:30:57.202,15,Safe
25.57,7.52,5.99,246.72,1024.02,2026-03-26 15:33:57.202,15,Safe
25.51,7.55,8.04,246.55,1598.15,2026-03-26 15:36:57.202,15,Safe
25.5,7.53,8.36,246.49,1226.94,2026-03-26 15:39:57.202,15,Safe
25.53,7.52,6.71,247.26,757.55,2026-03-26 15:42:57.202,15,Safe
25.57,7.54,5.63,246.41,1072.07,2026-03-26 15:45:57.202,15,Safe
25.49,7.54,4.7,246.07,1168.61,2026-03-26 15:48:57.202,15,Safe
25.5,7.52,3.78,246.28,1196.18,2026-03-26 15:51:57.202,15,Safe
25.47,7.5,6.3,246.88,528.56,2026-03-26 15:54:57.202,0,Safe
25.5,7.51,5.07,247.23,583.73,2026-03-26 15:57:57.202,15,Safe
25.58,7.5,6.9,247.98,1201.06,2026-03-26 16:00:57.202,0,Safe
25.56,7.47,6.63,247.97,1397.49,2026-03-26 16:03:57.202,0,Safe
25.57,7.44,7.61,248.16,1420.43,2026-03-26 16:06:57.202,0,Safe
25.66,7.41,5.98,248.79,618.31,2026-03-26 16:09:57.202,0,Safe
25.53,7.4,5.37,249.14,1223.1,2026-03-26 16:12:57.202,0,Safe
25.62,7.41,6.26,248.47,660.82,2026-03-26 16:15:57.202,0,Safe
25.49,7.42,5.14,249.07,655.21,2026-03-26 16:18:57.202,0,Safe
25.48,7.43,6.65,249.12,1470.52,2026-03-26 16:21:57.202,0,Safe
25.55,7.42,3.27,249.54,1210.58,2026-03-26 16:24:57.202,0,Safe
25.57,7.44,3.32,250.2,1397.56,2026-03-26 16:27:57.202,0,Safe
25.65,7.44,4.61,249.68,1123.25,2026-03-26 16:30:57.202,0,Safe
25.67,7.44,6.17,250.76,745.03,2026-03-26 16:33:57.202,0,Safe
25.54,7.44,6.12,250.05,604.33,2026-03-26 16:36:57.202,0,Safe
25.54,7.42,6.59,251.79,1060.85,2026-03-26 16:39:57.202,0,Safe
25.54,7.41,6.91,250.23,896.72,2026-03-26 16:42:57.202,0,Safe
25.54,7.4,5.82,250.52,1152.4,2026-03-26 16:45:57.202,0,Safe
25.58,7.39,3.58,251.68,882.02,2026-03-26 16:48:57.202,0,Safe
25.56,7.4,6.99,252.77,733.75,2026-03-26 16:51:57.202,0,Safe
25.51,7.43,7.26,251.62,1273.37,2026-03-26 16:54:57.202,0,Safe
25.5,7.45,7.99,251.12,537.0,2026-03-26 16:57:57.202,0,Safe
25.52,7.44,5.02,250.71,1291.75,2026-03-26 17:00:57.202,0,Safe
25.59,7.46,4.45,251.7,1549.96,2026-03-26 17:03:57.202,0,Safe
25.56,7.46,7.19,251.37,1580.99,2026-03-26 17:06:57.202,0,Safe
25.42,7.45,5.26,251.97,1340.23,2026-03-26 17:09:57.202,0,Safe
25.54,7.45,8.13,252.62,582.06,2026-03-26 17:12:57.202,0,Safe
25.53,7.44,6.29,253.97,1200.39,2026-03-26 17:15:57.202,0,Safe
25.48,7.44,4.65,254.99,919.5,2026-03-26 17:18:57.202,0,Safe
25.53,7.44,8.73,255.35,1394.4,2026-03-26 17:21:57.202,0,Safe
25.53,7.42,6.64,255.43,1451.57,2026-03-26 17:24:57.202,0,Safe
25.59,7.4,5.74,255.1,559.46,2026-03-26 17:27:57.202,0,Safe
25.51,7.38,6.22,255.71,6.51,2026-03-26 17:30:57.202,0,Safe
25.56,7.37,9.56,256.41,12.35,2026-03-26 17:33:57.202,0,Safe
25.56,7.35,5.16,256.92,18.74,2026-03-26 17:36:57.202,0,Safe
25.61,7.34,7.34,256.76,8.34,2026-03-26 17:39:57.202,0,Safe
25.51,7.36,7.31,257.61,1.8,2026-03-26 17:42:57.202,0,Safe
25.54,7.36,5.32,257.71,18.28,2026-03-26 17:45:57.202,0,Safe
25.45,7.37,8.22,258.51,4.48,2026-03-26 17:48:57.202,0,Safe
25.57,7.37,5.12,259.46,16.27,2026-03-26 17:51:57.202,0,Safe
25.54,7.37,4.59,258.18,4.16,2026-03-26 17:54:57.202,0,Safe
25.47,7.38,6.53,258.97,8.37,2026-03-26 17:57:57.202,0,Safe
25.5,7.36,5.83,259.83,11.47,2026-03-26 18:00:57.202,0,Safe
25.41,7.38,10.51,259.58,5.98,2026-03-26 18:03:57.202,0,Safe
25.51,7.37,5.41,259.97,15.26,2026-03-26 18:06:57.202,0,Safe
25.58,7.38,7.05,260.67,18.15,2026-03-26 18:09:57.202,0,Safe
25.44,7.39,6.84,260.34,12.95,2026-03-26 18:12:57.202,0,Safe
25.48,7.39,6.86,260.02,8.06,2026-03-26 18:15:57.202,0,Safe
25.37,7.39,7.54,260.13,15.62,2026-03-26 18:18:57.202,0,Safe
25.4,7.37,5.18,260.06,11.94,2026-03-26 18:21:57.202,0,Safe
25.46,7.37,9.86,261.86,7.47,2026-03-26 18:24:57.202,0,Safe
25.53,7.37,5.41,261.74,18.12,2026-03-26 18:27:57.202,0,Safe
25.62,7.36,5.61,262.02,0.92,2026-03-26 18:30:57.202,0,Safe
25.72,7.33,7.11,262.34,4.93,2026-03-26 18:33:57.202,0,Safe
25.74,7.31,6.62,262.99,1.27,2026-03-26 18:36:57.202,0,Safe
25.81,7.31,7.28,262.84,3.4,2026-03-26 18:39:57.202,0,Safe
25.83,7.3,9.71,262.44,4.24,2026-03-26 18:42:57.202,0,Safe
25.68,7.32,6.43,264.05,4.2,2026-03-26 18:45:57.202,0,Safe
25.69,7.32,6.72,265.28,2.24,2026-03-26 18:48:57.202,0,Safe
25.71,7.32,7.95,266.03,1.54,2026-03-26 18:51:57.202,0,Safe
25.66,7.32,6.32,266.94,1.68,2026-03-26 18:54:57.202,0,Safe
25.7,7.33,9.39,266.62,0.13,2026-03-26 18:57:57.202,0,Safe
25.69,7.35,8.21,266.08,1.95,2026-03-26 19:00:57.202,0,Safe
25.57,7.35,9.9,267.31,0.74,2026-03-26 19:03:57.202,0,Safe
25.66,7.35,7.65,266.62,1.43,2026-03-26 19:06:57.202,0,Safe
25.73,7.34,7.0,266.72,2.26,2026-03-26 19:09:57.202,0,Safe
25.64,7.35,6.2,266.99,4.22,2026-03-26 19:12:57.202,0,Safe
25.71,7.35,6.06,267.55,0.27,2026-03-26 19:15:57.202,0,Safe
25.73,7.34,7.3,267.66,2.3,2026-03-26 19:18:57.202,0,Safe
25.7,7.35,8.04,265.94,4.16,2026-03-26 19:21:57.202,0,Safe
25.69,7.36,8.91,266.1,2.31,2026-03-26 19:24:57.202,0,Safe
25.6,7.35,8.91,267.13,0.82,2026-03-26 19:27:57.202,0,Safe
25.64,7.33,7.35,266.9,1.32,2026-03-26 19:30:57.202,0,Safe
25.7,7.33,6.74,267.54,1.88,2026-03-26 19:33:57.202,0,Safe
25.64,7.35,7.98,267.94,0.32,2026-03-26 19:36:57.202,0,Safe
25.76,7.36,5.92,268.07,0.55,2026-03-26 19:39:57.202,0,Safe
25.66,7.36,2.87,268.86,0.77,2026-03-26 19:42:57.202,0,Safe
25.69,7.36,7.18,268.33,0.2,2026-03-26 19:45:57.202,0,Safe
25.72,7.33,7.2,267.96,2.45,2026-03-26 19:48:57.202,0,Safe
25.76,7.33,6.28,267.72,4.02,2026-03-26 19:51:57.202,0,Safe
25.72,7.33,7.05,267.91,0.76,2026-03-26 19:54:57.202,0,Safe
25.71,7.34,8.77,268.27,4.86,2026-03-26 19:57:57.202,0,Safe
25.76,7.33,7.3,267.46,4.13,2026-03-26 20:00:57.202,0,Safe
25.65,7.31,7.64,267.43,4.52,2026-03-26 20:03:57.202,0,Safe
25.66,7.31,6.6,269.45,4.39,2026-03-26 20:06:57.202,0,Safe
25.68,7.3,7.7,269.64,4.65,2026-03-26 20:09:57.202,0,Safe
25.64,7.3,5.54,269.86,1.91,2026-03-26 20:12:57.202,0,Safe
25.65,7.32,7.43,270.2,3.04,2026-03-26 20:15:57.202,0,Safe
25.56,7.32,10.51,269.55,2.25,2026-03-26 20:18:57.202,0,Safe
25.71,7.32,6.61,269.52,3.0,2026-03-26 20:21:57.202,0,Safe
25.64,7.31,6.95,268.04,2.38,2026-03-26 20:24:57.202,0,Safe
25.65,7.31,7.15,267.97,1.98,2026-03-26 20:27:57.202,0,Safe
25.66,7.31,7.63,267.61,4.88,2026-03-26 20:30:57.202,0,Safe
25.71,7.33,7.38,266.36,4.39,2026-03-26 20:33:57.202,0,Safe
25.66,7.32,7.42,267.65,2.82,2026-03-26 20:36:57.202,0,Safe
25.7,7.32,8.71,267.18,1.12,2026-03-26 20:39:57.202,0,Safe
25.65,7.31,7.72,267.06,0.09,2026-03-26 20:42:57.202,0,Safe
25.62,7.32,6.22,267.57,4.6,2026-03-26 20:45:57.202,0,Safe
25.65,7.31,7.75,268.34,3.39,2026-03-26 20:48:57.202,0,Safe
25.65,7.3,8.28,269.19,1.16,2026-03-26 20:51:57.202,0,Safe
25.7,7.33,9.74,268.9,0.86,2026-03-26 20:54:57.202,0,Safe
25.81,7.32,7.61,268.59,2.78,2026-03-26 20:57:57.202,0,Safe
25.78,7.32,7.87,267.92,1.82,2026-03-26 21:00:57.202,0,Safe
25.64,7.31,6.03,267.66,2.19,2026-03-26 21:03:57.202,0,Safe
25.64,7.29,9.39,269.01,0.17,2026-03-26 21:06:57.202,0,Safe
25.66,7.29,8.35,267.43,2.63,2026-03-26 21:09:57.202,0,Safe
25.63,7.29,7.02,266.97,0.82,2026-03-26 21:12:57.202,0,Safe
25.58,7.3,7.77,267.44,1.94,2026-03-26 21:15:57.202,0,Safe
25.71,7.3,7.53,265.63,2.86,2026-03-26 21:18:57.202,0,Safe
25.62,7.33,6.58,266.97,4.32,2026-03-26 21:21:57.202,0,Safe
25.7,7.34,8.11,267.64,2.01,2026-03-26 21:24:57.202,0,Safe
25.67,7.33,7.16,268.22,1.83,2026-03-26 21:27:57.202,0,Safe
25.67,7.33,7.09,268.78,4.83,2026-03-26 21:30:57.202,0,Safe
25.65,7.34,9.18,268.8,3.0,2026-03-26 21:33:57.202,0,Safe
25.72,7.34,8.52,269.02,1.88,2026-03-26 21:36:57.202,0,Safe
25.75,7.34,7.69,269.67,1.97,2026-03-26 21:39:57.202,0,Safe
25.73,7.34,6.08,268.85,1.05,2026-03-26 21:42:57.202,0,Safe
25.59,7.32,7.9,269.59,3.73,2026-03-26 21:45:57.202,0,Safe
25.57,7.34,8.04,269.42,4.84,2026-03-26 21:48:57.202,0,Safe
25.58,7.34,12.57,270.2,2.31,2026-03-26 21:51:57.202,0,Safe
25.6,7.33,8.5,271.13,2.76,2026-03-26 21:54:57.202,0,Safe
25.59,7.34,8.12,270.85,0.72,2026-03-26 21:57:57.202,0,Safe
25.56,7.34,6.34,270.19,1.94,2026-03-26 22:00:57.202,0,Safe
25.62,7.35,8.44,269.13,0.13,2026-03-26 22:03:57.202,0,Safe
25.65,7.34,8.41,269.01,0.57,2026-03-26 22:06:57.202,0,Safe
25.76,7.35,9.43,268.74,2.0,2026-03-26 22:09:57.202,0,Safe
25.79,7.37,9.07,267.88,1.47,2026-03-26 22:12:57.202,0,Safe
25.8,7.36,10.38,268.1,2.76,2026-03-26 22:15:57.202,0,Safe
25.67,7.36,6.3,267.93,3.73,2026-03-26 22:18:57.202,0,Safe
25.61,7.36,8.29,267.57,1.31,2026-03-26 22:21:57.202,0,Safe
25.64,7.37,6.82,269.13,0.28,2026-03-26 22:24:57.202,0,Safe
25.59,7.35,7.0,270.51,0.91,2026-03-26 22:27:57.202,0,Safe
25.64,7.37,5.13,270.54,4.13,2026-03-26 22:30:57.202,0,Safe
25.66,7.38,9.43,269.84,4.02,2026-03-26 22:33:57.202,0,Safe
25.71,7.37,8.8,270.75,0.98,2026-03-26 22:36:57.202,0,Safe
25.71,7.39,7.88,270.24,1.71,2026-03-26 22:39:57.202,0,Safe
25.75,7.39,9.0,270.18,0.02,2026-03-26 22:42:57.202,0,Safe
25.62,7.41,6.41,270.1,2.36,2026-03-26 22:45:57.202,0,Safe
25.57,7.4,7.06,271.86,4.6,2026-03-26 22:48:57.202,0,Safe
25.65,7.37,7.55,272.42,2.94,2026-03-26 22:51:57.202,0,Safe
25.72,7.35,7.51,272.78,1.86,2026-03-26 22:54:57.202,0,Safe
25.73,7.37,7.73,271.76,1.13,2026-03-26 22:57:57.202,0,Safe
25.63,7.35,9.09,270.97,3.68,2026-03-26 23:00:57.202,0,Safe
25.67,7.37,8.3,272.1,2.34,2026-03-26 23:03:57.202,0,Safe
25.72,7.35,7.66,271.22,2.41,2026-03-26 23:06:57.202,0,Safe
25.67,7.37,7.27,269.4,4.11,2026-03-26 23:09:57.202,0,Safe
25.72,7.38,8.4,270.41,4.21,2026-03-26 23:12:57.202,0,Safe
25.71,7.37,7.4,270.87,3.86,2026-03-26 23:15:57.202,0,Safe
25.61,7.36,10.42,270.11,0.76,2026-03-26 23:18:57.202,0,Safe
25.6,7.38,6.0,270.85,3.86,2026-03-26 23:21:57.202,0,Safe
25.58,7.38,8.56,270.65,2.46,2026-03-26 23:24:57.202,0,Safe
25.66,7.37,10.11,271.86,2.15,2026-03-26 23:27:57.202,0,Safe
25.56,7.35,6.26,271.46,64.21,2026-03-26 23:30:57.202,0,Safe
25.56,7.35,9.88,272.34,45.73,2026-03-26 23:33:57.202,0,Safe
25.66,7.33,9.13,272.11,110.92,2026-03-26 23:36:57.202,0,Safe
25.73,7.3,10.53,272.39,50.24,2026-03-26 23:39:57.202,0,Safe
25.73,7.31,9.59,273.54,109.75,2026-03-26 23:42:57.202,0,Safe
25.69,7.34,6.93,274.55,114.26,2026-03-26 23:45:57.202,0,Safe
25.72,7.33,5.17,275.5,60.05,2026-03-26 23:48:57.202,0,Safe
25.73,7.31,9.55,275.27,29.87,2026-03-26 23:51:57.202,0,Safe
25.69,7.3,6.75,274.97,53.3,2026-03-26 23:54:57.202,0,Safe
25.75,7.3,12.19,275.29,38.59,2026-03-26 23:57:57.202,0,Safe
25.69,7.29,7.53,276.8,17.9,2026-03-27 00:00:57.202,0,Safe
25.72,7.27,9.45,276.22,72.82,2026-03-27 00:03:57.202,0,Safe
25.67,7.29,7.77,275.76,46.71,2026-03-27 00:06:57.202,0,Safe
25.71,7.33,7.2,276.24,53.74,2026-03-27 00:09:57.202,0,Safe
25.76,7.34,8.39,277.58,80.16,2026-03-27 00:12:57.202,0,Safe
25.78,7.34,8.74,277.47,50.67,2026-03-27 00:15:57.202,0,Safe
25.59,7.34,8.28,278.25,91.59,2026-03-27 00:18:57.202,0,Safe
25.75,7.37,10.83,279.9,108.92,2026-03-27 00:21:57.202,0,Safe
25.71,7.36,9.67,280.55,76.5,2026-03-27 00:24:57.202,0,Safe
25.77,7.36,7.98,281.63,34.51,2026-03-27 00:27:57.202,0,Safe
25.8,7.38,8.99,282.15,86.06,2026-03-27 00:30:57.202,0,Safe
25.62,7.36,11.16,282.94,98.11,2026-03-27 00:33:57.202,0,Safe
25.63,7.36,8.01,283.53,20.53,2026-03-27 00:36:57.202,0,Safe
25.64,7.37,10.08,284.28,99.38,2026-03-27 00:39:57.202,0,Safe
25.64,7.39,9.94,285.91,21.36,2026-03-27 00:42:57.202,0,Safe
25.79,7.43,8.65,286.77,66.91,2026-03-27 00:45:57.202,0,Safe
25.73,7.44,7.65,286.53,108.56,2026-03-27 00:48:57.202,0,Safe
25.7,7.46,8.39,286.52,34.62,2026-03-27 00:51:57.202,0,Safe
25.78,7.47,7.39,284.94,71.5,2026-03-27 00:54:57.202,0,Safe
25.7,7.47,9.76,283.65,20.38,2026-03-27 00:57:57.202,0,Safe
25.69,7.46,9.56,282.28,45.71,2026-03-27 01:00:57.202,0,Safe
25.6,7.43,7.18,282.97,111.58,2026-03-27 01:03:57.202,0,Safe
25.75,7.45,10.65,283.21,99.12,2026-03-27 01:06:57.202,0,Safe
25.74,7.46,7.7,284.97,63.58,2026-03-27 01:09:57.202,0,Safe
25.6,7.46,11.29,286.43,29.77,2026-03-27 01:12:57.202,0,Safe
25.57,7.45,9.82,287.22,63.18,2026-03-27 01:15:57.202,0,Safe
25.74,7.45,10.77,287.2,103.42,2026-03-27 01:18:57.202,0,Safe
25.64,7.44,7.31,286.74,80.85,2026-03-27 01:21:57.202,0,Safe
25.64,7.41,7.33,287.39,36.54,2026-03-27 01:24:57.202,0,Safe
25.78,7.42,9.42,287.42,30.98,2026-03-27 01:27:57.202,0,Safe
25.7,7.4,8.17,287.44,662.79,2026-03-27 01:30:57.202,0,Safe
25.51,7.4,9.2,286.69,527.83,2026-03-27 01:33:57.202,0,Safe
25.73,7.39,9.79,286.98,351.3,2026-03-27 01:36:57.202,0,Safe
25.54,7.39,7.43,286.72,820.63,2026-03-27 01:39:57.202,0,Safe
25.67,7.37,10.95,285.67,704.59,2026-03-27 01:42:57.202,0,Safe
25.76,7.34,9.95,286.91,454.16,2026-03-27 01:45:57.202,0,Safe
25.74,7.36,10.75,285.5,347.98,2026-03-27 01:48:57.202,0,Safe
25.73,7.35,8.1,284.37,186.78,2026-03-27 01:51:57.202,0,Safe
25.75,7.33,9.36,285.7,561.16,2026-03-27 01:54:57.202,0,Safe
25.8,7.34,8.68,285.75,864.97,2026-03-27 01:57:57.202,0,Safe
25.69,7.32,9.61,286.27,298.1,2026-03-27 02:00:57.202,0,Safe
25.6,7.32,9.71,285.98,402.21,2026-03-27 02:03:57.202,0,Safe
25.66,7.35,6.88,285.94,368.73,2026-03-27 02:06:57.202,0,Safe
25.71,7.35,9.23,284.98,860.94,2026-03-27 02:09:57.202,0,Safe
25.79,7.36,7.1,286.0,304.05,2026-03-27 02:12:57.202,0,Safe
25.74,7.37,9.62,285.54,655.9,2026-03-27 02:15:57.202,0,Safe
25.69,7.38,10.09,284.71,809.69,2026-03-27 02:18:57.202,0,Safe
25.73,7.36,8.02,284.49,819.51,2026-03-27 02:21:57.202,0,Safe
25.78,7.36,10.51,284.67,935.42,2026-03-27 02:24:57.202,0,Safe
25.73,7.38,10.79,283.82,559.6,2026-03-27 02:27:57.202,0,Safe
25.7,7.37,22.98,287.08,2496.87,2026-03-27 02:30:57.202,15,Safe
25.75,7.38,21.19,291.86,2421.87,2026-03-27 02:33:57.202,15,Safe
25.71,7.38,25.97,294.53,2212.66,2026-03-27 02:36:57.202,15,Safe
25.66,7.37,24.73,297.6,2834.14,2026-03-27 02:39:57.202,15,Safe
25.6,7.35,26.31,301.53,2352.56,2026-03-27 02:42:57.202,15,Safe
25.63,7.36,21.9,303.33,1254.49,2026-03-27 02:45:57.202,15,Safe
25.66,7.37,20.81,306.58,1518.45,2026-03-27 02:48:57.202,15,Safe
25.65,7.35,24.3,310.51,1996.91,2026-03-27 02:51:57.202,15,Safe
25.54,7.36,24.69,312.49,1554.04,2026-03-27 02:54:57.202,15,Safe
25.58,7.36,28.2,315.27,2022.1,2026-03-27 02:57:57.202,15,Safe
25.53,7.36,20.89,316.44,1313.13,2026-03-27 03:00:57.202,15,Safe
25.59,7.35,18.76,316.08,1860.06,2026-03-27 03:03:57.202,0,Safe
25.64,7.34,18.3,316.66,2174.95,2026-03-27 03:06:57.202,0,Safe
25.61,7.33,17.92,317.68,2202.7,2026-03-27 03:09:57.202,0,Safe
25.66,7.32,16.23,317.46,1947.72,2026-03-27 03:12:57.202,0,Safe
25.66,7.34,17.5,317.21,1756.04,2026-03-27 03:15:57.202,0,Safe
25.66,7.33,14.21,317.79,2638.1,2026-03-27 03:18:57.202,0,Safe
25.73,7.33,16.78,316.9,2350.08,2026-03-27 03:21:57.202,0,Safe
25.75,7.33,16.44,318.52,2671.45,2026-03-27 03:24:57.202,0,Safe
25.71,7.32,18.44,318.88,2266.0,2026-03-27 03:27:57.202,0,Safe
25.67,7.32,20.16,320.12,2372.09,2026-03-27 03:30:57.202,15,Safe
25.61,7.29,19.07,319.19,1761.35,2026-03-27 03:33:57.202,0,Safe
25.59,7.28,15.88,319.91,2417.7,2026-03-27 03:36:57.202,0,Safe
25.59,7.29,16.36,319.77,1870.78,2026-03-27 03:39:57.202,0,Safe
25.59,7.31,14.63,321.42,2595.1,2026-03-27 03:42:57.202,0,Safe
25.69,7.3,17.1,322.58,2895.17,2026-03-27 03:45:57.202,0,Safe
25.79,7.29,15.34,321.8,2660.96,2026-03-27 03:48:57.202,0,Safe
25.64,7.27,16.18,322.18,1913.12,2026-03-27 03:51:57.202,0,Safe
25.72,7.26,16.15,321.7,1616.15,2026-03-27 03:54:57.202,0,Safe
25.8,7.29,16.73,322.0,2046.66,2026-03-27 03:57:57.202,0,Safe
25.86,7.3,16.68,321.41,1518.54,2026-03-27 04:00:57.202,0,Safe
25.73,7.31,17.48,322.59,2512.62,2026-03-27 04:03:57.202,0,Safe
25.73,7.31,17.3,321.45,2057.57,2026-03-27 04:06:57.202,0,Safe
25.66,7.33,15.07,323.0,2341.95,2026-03-27 04:09:57.202,0,Safe
25.62,7.33,17.46,323.93,2698.64,2026-03-27 04:12:57.202,0,Safe
25.65,7.35,17.14,323.93,1645.67,2026-03-27 04:15:57.202,0,Safe
25.68,7.35,16.9,324.48,2737.03,2026-03-27 04:18:57.202,0,Safe
25.74,7.35,15.77,324.48,2665.41,2026-03-27 04:21:57.202,0,Safe
25.7,7.36,19.17,325.72,2697.02,2026-03-27 04:24:57.202,0,Safe
25.66,7.36,15.01,324.79,2564.85,2026-03-27 04:27:57.202,0,Safe
25.83,7.34,16.24,324.5,2513.25,2026-03-27 04:30:57.202,0,Safe
25.76,7.32,16.44,325.42,2267.74,2026-03-27 04:33:57.202,0,Safe
25.75,7.33,15.02,325.31,2799.01,2026-03-27 04:36:57.202,0,Safe
25.79,7.31,16.83,326.05,2463.04,2026-03-27 04:39:57.202,0,Safe
25.91,7.29,14.21,326.17,1373.29,2026-03-27 04:42:57.202,0,Safe
25.85,7.32,15.44,327.37,2319.83,2026-03-27 04:45:57.202,0,Safe
25.91,7.32,14.12,328.13,1859.26,2026-03-27 04:48:57.202,0,Safe
25.81,7.32,15.96,327.54,2798.08,2026-03-27 04:51:57.202,0,Safe
25.9,7.31,14.08,328.54,1861.15,2026-03-27 04:54:57.202,0,Safe
25.86,7.3,15.69,329.4,1738.79,2026-03-27 04:57:57.202,0,Safe
25.95,7.3,16.13,329.2,3033.43,2026-03-27 05:00:57.202,0,Safe
26.03,7.32,18.52,330.8,1966.99,2026-03-27 05:03:57.202,0,Safe
25.9,7.33,16.9,331.92,2212.84,2026-03-27 05:06:57.202,0,Safe
26.0,7.35,15.26,332.76,2156.46,2026-03-27 05:09:57.202,0,Safe
25.89,7.37,15.44,332.39,2276.99,2026-03-27 05:12:57.202,0,Safe
25.89,7.39,14.88,332.43,2940.22,2026-03-27 05:15:57.202,0,Safe
25.85,7.37,14.64,333.02,1959.75,2026-03-27 05:18:57.202,0,Safe
25.86,7.36,13.66,333.26,2038.26,2026-03-27 05:21:57.202,0,Safe
25.91,7.35,12.92,332.22,2305.26,2026-03-27 05:24:57.202,0,Safe
26.0,7.33,14.58,331.95,2922.94,2026-03-27 05:27:57.202,0,Safe
26.0,7.32,14.81,333.46,2414.2,2026-03-27 05:30:57.202,0,Safe
25.95,7.3,15.16,334.44,2330.93,2026-03-27 05:33:57.202,0,Safe
25.96,7.3,15.58,335.1,2535.32,2026-03-27 05:36:57.202,0,Safe
25.93,7.3,16.08,335.33,1838.35,2026-03-27 05:39:57.202,0,Safe
25.85,7.29,17.38,335.35,1498.01,2026-03-27 05:42:57.202,0,Safe
25.97,7.29,16.31,336.28,2335.71,2026-03-27 05:45:57.202,0,Safe
25.95,7.27,15.62,336.48,2859.62,2026-03-27 05:48:57.202,0,Safe
25.91,7.28,13.93,337.18,2163.92,2026-03-27 05:51:57.202,0,Safe
25.9,7.29,13.74,338.88,1792.17,2026-03-27 05:54:57.202,0,Safe
25.91,7.28,14.13,338.04,3000.53,2026-03-27 05:57:57.202,0,Safe
25.98,7.29,13.47,339.17,2808.23,2026-03-27 06:00:57.202,0,Safe
25.93,7.29,13.27,339.79,1606.27,2026-03-27 06:03:57.202,0,Safe
25.95,7.29,11.53,340.91,2138.87,2026-03-27 06:06:57.202,0,Safe
26.01,7.28,14.18,340.02,2269.36,2026-03-27 06:09:57.202,0,Safe
26.02,7.26,15.12,340.88,1909.09,2026-03-27 06:12:57.202,0,Safe
25.96,7.29,12.56,340.93,3208.19,2026-03-27 06:15:57.202,0,Safe
25.82,7.26,15.79,340.48,1957.21,2026-03-27 06:18:57.202,0,Safe
26.01,7.23,11.64,341.06,2381.14,2026-03-27 06:21:57.202,0,Safe
25.92,7.24,9.15,342.19,2326.5,2026-03-27 06:24:57.202,0,Safe
25.91,7.25,12.02,341.81,2975.91,2026-03-27 06:27:57.202,0,Safe
25.88,7.25,12.79,340.75,2257.06,2026-03-27 06:30:57.202,0,Safe
25.85,7.22,12.72,341.26,2143.79,2026-03-27 06:33:57.202,0,Safe
25.94,7.21,11.84,341.91,2643.48,2026-03-27 06:36:57.202,0,Safe
25.99,7.22,14.01,341.93,2541.72,2026-03-27 06:39:57.202,0,Safe
26.06,7.2,10.28,341.93,1864.32,2026-03-27 06:42:57.202,0,Safe
26.07,7.21,14.8,343.25,1487.27,2026-03-27 06:45:57.202,0,Safe
26.03,7.21,10.68,343.54,1847.32,2026-03-27 06:48:57.202,0,Safe
25.99,7.19,14.23,343.34,2384.47,2026-03-27 06:51:57.202,0,Safe
26.05,7.22,15.57,343.55,1563.67,2026-03-27 06:54:57.202,0,Safe
25.93,7.22,13.31,342.96,1998.25,2026-03-27 06:57:57.202,0,Safe
26.02,7.21,11.59,344.8,2237.46,2026-03-27 07:00:57.202,0,Safe
25.94,7.21,9.9,346.11,2619.15,2026-03-27 07:03:57.202,0,Safe
25.96,7.22,12.88,347.17,1991.04,2026-03-27 07:06:57.202,0,Safe
25.9,7.23,12.44,347.52,1998.14,2026-03-27 07:09:57.202,0,Safe
25.9,7.25,12.63,347.11,2570.93,2026-03-27 07:12:57.202,0,Safe
26.01,7.29,13.14,346.61,1531.24,2026-03-27 07:15:57.202,0,Safe
25.98,7.28,11.7,347.15,2486.78,2026-03-27 07:18:57.202,0,Safe
26.04,7.29,13.45,346.67,2177.53,2026-03-27 07:21:57.202,0,Safe
26.0,7.28,12.73,346.57,1321.57,2026-03-27 07:24:57.202,0,Safe
25.98,7.29,12.82,348.03,2360.89,2026-03-27 07:27:57.202,0,Safe
25.92,7.29,12.31,347.18,2395.4,2026-03-27 07:30:57.202,0,Safe
25.89,7.29,13.99,346.95,1949.51,2026-03-27 07:33:57.202,0,Safe
25.93,7.31,13.1,346.18,2399.52,2026-03-27 07:36:57.202,0,Safe
25.94,7.31,13.33,347.13,3084.68,2026-03-27 07:39:57.202,0,Safe
25.92,7.31,13.97,346.68,1618.16,2026-03-27 07:42:57.202,0,Safe
25.9,7.3,12.78,348.49,1300.44,2026-03-27 07:45:57.202,0,Safe
25.89,7.32,12.58,348.57,2352.6,2026-03-27 07:48:57.202,0,Safe
25.97,7.3,11.93,347.29,3096.85,2026-03-27 07:51:57.202,0,Safe
26.04,7.3,11.35,347.98,1257.16,2026-03-27 07:54:57.202,0,Safe
25.96,7.29,10.59,347.42,2282.13,2026-03-27 07:57:57.202,0,Safe
25.96,7.29,11.08,347.12,1456.27,2026-03-27 08:00:57.202,0,Safe
25.96,7.27,8.93,346.19,3099.14,2026-03-27 08:03:57.202,0,Safe
25.94,7.27,12.63,344.09,1996.32,2026-03-27 08:06:57.202,0,Safe
25.93,7.29,12.46,343.7,2777.84,2026-03-27 08:09:57.202,0,Safe
25.97,7.31,13.31,344.49,2812.24,2026-03-27 08:12:57.202,0,Safe
25.98,7.28,9.46,343.98,2224.74,2026-03-27 08:15:57.202,0,Safe
25.93,7.27,12.84,343.54,2442.94,2026-03-27 08:18:57.202,0,Safe
26.0,7.29,9.39,344.57,1690.39,2026-03-27 08:21:57.202,0,Safe
25.92,7.3,12.92,344.87,2470.6,2026-03-27 08:24:57.202,0,Safe
25.9,7.31,10.36,345.96,2838.51,2026-03-27 08:27:57.202,0,Safe
25.87,7.31,9.11,345.66,2009.65,2026-03-27 08:30:57.202,0,Safe
25.96,7.33,10.69,346.36,2640.77,2026-03-27 08:33:57.202,0,Safe
26.04,7.33,11.59,346.19,2676.01,2026-03-27 08:36:57.202,0,Safe
25.99,7.33,10.08,347.65,1546.94,2026-03-27 08:39:57.202,0,Safe
25.99,7.31,13.04,346.93,1563.6,2026-03-27 08:42:57.202,0,Safe
25.9,7.32,10.57,346.96,2602.59,2026-03-27 08:45:57.202,0,Safe
25.88,7.35,10.77,346.35,2163.52,2026-03-27 08:48:57.202,0,Safe
25.92,7.36,11.17,346.18,2353.64,2026-03-27 08:51:57.202,0,Safe
25.97,7.37,14.73,347.17,2523.77,2026-03-27 08:54:57.202,0,Safe
25.95,7.36,12.75,347.29,1921.84,2026-03-27 08:57:57.202,0,Safe
25.99,7.38,11.21,348.51,2693.17,2026-03-27 09:00:57.202,0,Safe
25.99,7.39,11.42,347.96,2985.91,2026-03-27 09:03:57.202,0,Safe
25.95,7.39,12.02,346.56,2162.35,2026-03-27 09:06:57.202,0,Safe
25.87,7.4,12.11,346.42,1594.31,2026-03-27 09:09:57.202,0,Safe
25.9,7.41,13.74,345.75,2355.34,2026-03-27 09:12:57.202,0,Safe
25.84,7.41,11.33,345.21,1837.94,2026-03-27 09:15:57.202,0,Safe
25.92,7.41,10.34,345.79,1940.1,2026-03-27 09:18:57.202,0,Safe
25.98,7.37,15.36,346.42,2297.38,2026-03-27 09:21:57.202,0,Safe
26.08,7.36,10.06,346.16,2033.34,2026-03-27 09:24:57.202,0,Safe
26.07,7.39,14.6,346.21,2813.26,2026-03-27 09:27:57.202,0,Safe
26.0,7.37,11.56,346.46,2651.72,2026-03-27 09:30:57.202,0,Safe
25.96,7.37,12.11,346.92,2602.83,2026-03-27 09:33:57.202,0,Safe
25.93,7.39,14.27,347.26,2632.35,2026-03-27 09:36:57.202,0,Safe
25.88,7.4,13.24,347.76,1906.9,2026-03-27 09:39:57.202,0,Safe
25.84,7.39,13.65,348.16,3041.27,2026-03-27 09:42:57.202,0,Safe
25.95,7.39,12.24,348.19,2385.43,2026-03-27 09:45:57.202,0,Safe
25.8,7.37,14.16,349.15,2943.45,2026-03-27 09:48:57.202,0,Safe
25.87,7.34,13.91,348.0,1729.8,2026-03-27 09:51:57.202,0,Safe
25.9,7.33,14.79,348.1,1947.7,2026-03-27 09:54:57.202,0,Safe
25.98,7.33,9.78,350.0,1947.7,2026-03-27 09:57:57.202,0,Safe
26.02,7.31,13.55,351.15,1527.09,2026-03-27 10:00:57.202,0,Safe
26.06,7.3,12.88,351.04,1805.86,2026-03-27 10:03:57.202,0,Safe
26.12,7.29,12.3,350.79,1977.35,2026-03-27 10:06:57.202,0,Safe
26.08,7.3,11.78,351.62,2530.48,2026-03-27 10:09:57.202,0,Safe
25.91,7.29,12.69,352.76,1300.22,2026-03-27 10:12:57.202,0,Safe
25.85,7.28,16.18,354.1,1996.92,2026-03-27 10:15:57.202,0,Safe
25.93,7.25,12.5,355.44,2316.27,2026-03-27 10:18:57.202,0,Safe
25.94,7.23,13.04,356.12,2276.35,2026-03-27 10:21:57.202,0,Safe
25.9,7.23,15.09,356.82,2506.9,2026-03-27 10:24:57.202,0,Safe
25.83,7.22,11.63,357.87,2165.41,2026-03-27 10:27:57.202,0,Safe
25.81,7.26,14.78,357.01,2907.61,2026-03-27 10:30:57.202,0,Safe
25.87,7.25,14.45,357.84,2355.62,2026-03-27 10:33:57.202,0,Safe
26.01,7.25,13.55,358.96,2179.82,2026-03-27 10:36:57.202,0,Safe
26.0,7.22,12.94,359.03,2099.69,2026-03-27 10:39:57.202,0,Safe
25.97,7.23,13.97,360.51,2196.77,2026-03-27 10:42:57.202,0,Safe
25.93,7.23,10.93,359.98,2245.29,2026-03-27 10:45:57.202,0,Safe
25.95,7.22,12.11,360.72,1925.41,2026-03-27 10:48:57.202,0,Safe
26.01,7.23,11.31,360.28,2860.04,2026-03-27 10:51:57.202,0,Safe
25.98,7.21,14.68,360.27,2202.1,2026-03-27 10:54:57.202,0,Safe
26.08,7.21,12.7,360.66,1789.05,2026-03-27 10:57:57.202,0,Safe
25.98,7.21,11.43,360.68,2336.45,2026-03-27 11:00:57.202,0,Safe
25.93,7.21,13.5,361.41,1678.96,2026-03-27 11:03:57.202,0,Safe
25.76,7.21,15.4,360.9,2517.81,2026-03-27 11:06:57.202,0,Safe
25.92,7.22,13.64,360.77,3080.67,2026-03-27 11:09:57.202,0,Safe
25.96,7.2,13.04,359.58,2663.93,2026-03-27 11:12:57.202,0,Safe
26.01,7.2,11.43,359.85,1309.47,2026-03-27 11:15:57.202,0,Safe
26.01,7.19,14.28,359.21,2913.6,2026-03-27 11:18:57.202,0,Safe
25.95,7.18,13.86,360.22,1755.19,2026-03-27 11:21:57.202,0,Safe
25.95,7.17,12.72,360.17,2961.42,2026-03-27 11:24:57.202,0,Safe
26.02,7.14,12.11,360.23,2615.08,2026-03-27 11:27:57.202,0,Safe
26.16,7.14,13.29,360.34,1941.05,2026-03-27 11:30:57.202,0,Safe
25.91,7.14,12.37,360.6,1188.29,2026-03-27 11:33:57.202,0,Safe
25.77,7.16,13.03,360.1,1301.32,2026-03-27 11:36:57.202,0,Safe
25.72,7.14,13.86,360.53,1478.44,2026-03-27 11:39:57.202,0,Safe
25.54,7.13,14.23,361.88,2481.26,2026-03-27 11:42:57.202,0,Safe
25.45,7.13,13.98,363.29,1953.42,2026-03-27 11:45:57.202,0,Safe
25.46,7.12,11.81,363.38,1403.02,2026-03-27 11:48:57.202,0,Safe
25.59,7.12,14.69,363.86,2302.99,2026-03-27 11:51:57.202,0,Safe
25.64,7.13,15.95,364.2,1505.63,2026-03-27 11:54:57.202,0,Safe
25.68,7.11,14.31,364.82,1341.74,2026-03-27 11:57:57.202,0,Safe
25.61,7.1,11.73,365.01,2390.19,2026-03-27 12:00:57.202,0,Safe
25.65,7.09,14.59,364.9,2143.56,2026-03-27 12:03:57.202,0,Safe
25.69,7.07,13.2,365.48,1834.45,2026-03-27 12:06:57.202,0,Safe
25.69,7.04,14.86,366.28,2080.29,2026-03-27 12:09:57.202,0,Safe
25.5,7.02,12.4,365.59,1786.31,2026-03-27 12:12:57.202,0,Safe
25.57,7.01,17.04,366.63,1171.37,2026-03-27 12:15:57.202,0,Safe
25.59,7.0,12.1,365.51,2041.04,2026-03-27 12:18:57.202,0,Safe
25.62,7.01,13.47,364.8,1273.58,2026-03-27 12:21:57.202,0,Safe
25.6,7.02,12.71,364.07,2101.37,2026-03-27 12:24:57.202,0,Safe
25.63,6.99,14.81,364.81,1923.42,2026-03-27 12:27:57.202,0,Safe
25.77,6.99,23.33,368.46,96.12,2026-03-27 12:30:57.202,15,Safe
25.8,6.99,26.61,372.24,93.59,2026-03-27 12:33:57.202,15,Safe
25.67,6.98,27.51,375.5,32.13,2026-03-27 12:36:57.202,15,Safe
25.66,6.97,22.71,379.5,118.09,2026-03-27 12:39:57.202,15,Safe
25.62,6.94,27.63,381.18,89.24,2026-03-27 12:42:57.202,15,Safe
25.69,6.92,28.17,383.14,125.3,2026-03-27 12:45:57.202,15,Safe
25.75,6.91,27.61,386.31,93.57,2026-03-27 12:48:57.202,15,Safe
25.74,6.9,24.51,391.55,60.99,2026-03-27 12:51:57.202,15,Safe
25.7,6.9,26.26,396.88,134.32,2026-03-27 12:54:57.202,15,Safe
25.74,6.89,33.99,401.9,160.53,2026-03-27 12:57:57.202,30,Safe
25.8,6.89,28.01,406.85,92.82,2026-03-27 13:00:57.202,15,Safe
25.63,6.91,20.96,406.92,41.94,2026-03-27 13:03:57.202,15,Safe
25.75,6.88,21.26,407.29,159.93,2026-03-27 13:06:57.202,15,Safe
25.67,6.87,22.49,406.67,141.01,2026-03-27 13:09:57.202,15,Safe
25.6,6.9,20.0,406.37,109.8,2026-03-27 13:12:57.202,0,Safe
25.64,6.88,20.94,406.05,99.13,2026-03-27 13:15:57.202,15,Safe
25.62,6.88,22.11,405.77,133.21,2026-03-27 13:18:57.202,15,Safe
25.68,6.86,20.38,405.16,83.19,2026-03-27 13:21:57.202,15,Safe
25.74,6.86,20.82,406.02,131.7,2026-03-27 13:24:57.202,15,Safe
25.68,6.86,22.18,404.85,114.52,2026-03-27 13:27:57.202,15,Safe
25.78,6.86,21.28,403.75,73.13,2026-03-27 13:30:57.202,15,Safe
25.81,6.84,21.22,404.33,188.46,2026-03-27 13:33:57.202,15,Safe
25.78,6.84,20.17,405.95,201.12,2026-03-27 13:36:57.202,15,Safe
25.67,6.88,19.48,406.28,10.67,2026-03-27 13:39:57.202,0,Safe
25.66,6.86,23.22,405.26,0.26,2026-03-27 13:42:57.202,15,Safe
25.72,6.83,20.74,405.21,7.57,2026-03-27 13:45:57.202,15,Safe
25.77,6.8,19.26,406.37,135.73,2026-03-27 13:48:57.202,0,Safe
25.75,6.78,21.37,406.5,17.89,2026-03-27 13:51:57.202,15,Safe
25.74,6.77,20.31,406.49,9.06,2026-03-27 13:54:57.202,15,Safe
25.59,6.74,20.59,406.94,9.23,2026-03-27 13:57:57.202,15,Safe
25.57,6.75,24.48,407.55,203.75,2026-03-27 14:00:57.202,15,Safe
25.59,6.77,21.79,407.48,15.94,2026-03-27 14:03:57.202,15,Safe
25.51,6.76,20.44,407.43,236.28,2026-03-27 14:06:57.202,15,Safe
25.55,6.75,22.17,407.11,19.97,2026-03-27 14:09:57.202,15,Safe
25.63,6.74,19.83,407.17,0.76,2026-03-27 14:12:57.202,0,Safe
25.68,6.76,21.24,407.2,2.02,2026-03-27 14:15:57.202,15,Safe
25.7,6.73,21.64,406.49,1.97,2026-03-27 14:18:57.202,15,Safe
25.67,6.72,18.43,405.52,110.18,2026-03-27 14:21:57.202,0,Safe
25.74,6.72,20.64,405.78,6.29,2026-03-27 14:24:57.202,15,Safe
25.8,6.73,22.21,405.98,12.35,2026-03-27 14:27:57.202,15,Safe
25.78,6.73,18.04,406.68,9.59,2026-03-27 14:30:57.202,0,Safe
25.81,6.72,22.79,406.01,196.99,2026-03-27 14:33:57.202,15,Safe
25.78,6.72,21.53,406.26,223.44,2026-03-27 14:36:57.202,15,Safe
25.87,6.71,19.21,407.23,1.04,2026-03-27 14:39:57.202,0,Safe
25.78,6.69,20.68,406.51,5.25,2026-03-27 14:42:57.202,15,Safe
25.67,6.68,20.97,406.57,2.9,2026-03-27 14:45:57.202,15,Safe
25.71,6.69,19.45,408.76,7.02,2026-03-27 14:48:57.202,0,Safe
25.7,6.71,21.85,409.86,17.81,2026-03-27 14:51:57.202,15,Safe
25.68,6.69,20.18,410.62,6.19,2026-03-27 14:54:57.202,15,Safe
25.64,6.67,16.78,410.35,16.55,2026-03-27 14:57:57.202,0,Safe
25.67,6.66,18.57,410.29,0.28,2026-03-27 15:00:57.202,0,Safe
25.66,6.67,20.1,409.77,2.6,2026-03-27 15:03:57.202,15,Safe
25.66,6.64,19.0,409.24,248.84,2026-03-27 15:06:57.202,0,Safe
25.64,6.63,25.54,407.9,8.0,2026-03-27 15:09:57.202,15,Safe
25.78,6.62,23.02,408.0,8.35,2026-03-27 15:12:57.202,15,Safe
25.77,6.61,19.99,407.32,12.85,2026-03-27 15:15:57.202,0,Safe
25.72,6.62,22.12,409.75,7.29,2026-03-27 15:18:57.202,15,Safe
25.66,6.61,17.72,409.91,13.37,2026-03-27 15:21:57.202,0,Safe
25.69,6.58,20.29,409.51,5.41,2026-03-27 15:24:57.202,15,Safe
25.73,6.57,21.59,408.72,18.07,2026-03-27 15:27:57.202,15,Safe
25.73,6.55,18.54,409.46,19.01,2026-03-27 15:30:57.202,0,Safe
25.77,6.54,19.56,409.52,0.46,2026-03-27 15:33:57.202,0,Safe
25.81,6.51,20.05,410.31,16.64,2026-03-27 15:36:57.202,15,Safe
25.78,6.51,18.78,410.66,2.4,2026-03-27 15:39:57.202,0,Safe
25.77,6.51,18.78,411.89,16.58,2026-03-27 15:42:57.202,0,Safe
25.77,6.51,20.46,410.34,4.05,2026-03-27 15:45:57.202,15,Safe
25.83,6.48,21.59,412.85,6.59,2026-03-27 15:48:57.202,30,Safe
25.78,6.45,18.38,412.97,2.91,2026-03-27 15:51:57.202,15,Safe
25.77,6.41,18.94,413.12,2.91,2026-03-27 15:54:57.202,15,Safe
25.67,6.42,20.6,411.86,4.25,2026-03-27 15:57:57.202,30,Safe
25.74,6.43,18.18,412.13,4.51,2026-03-27 16:00:57.202,15,Safe
25.73,6.42,21.18,411.78,10.06,2026-03-27 16:03:57.202,30,Safe
25.58,6.4,21.27,413.72,9.99,2026-03-27 16:06:57.202,30,Safe
25.62,6.38,18.04,415.19,15.45,2026-03-27 16:09:57.202,15,Safe
25.72,6.36,18.37,414.56,13.45,2026-03-27 16:12:57.202,15,Safe
25.71,6.35,17.61,412.62,10.23,2026-03-27 16:15:57.202,15,Safe
25.76,6.36,16.81,413.01,6.12,2026-03-27 16:18:57.202,15,Safe
25.75,6.37,19.06,412.0,3.57,2026-03-27 16:21:57.202,15,Safe
25.8,6.37,17.84,411.59,9.14,2026-03-27 16:24:57.202,15,Safe
25.72,6.37,17.65,410.94,18.54,2026-03-27 16:27:57.202,15,Safe
25.69,6.38,22.31,411.98,19.8,2026-03-27 16:30:57.202,30,Safe
25.67,6.4,22.51,412.68,3.92,2026-03-27 16:33:57.202,30,Safe
25.62,6.4,19.63,413.74,8.61,2026-03-27 16:36:57.202,15,Safe
25.61,6.4,18.61,416.46,12.91,2026-03-27 16:39:57.202,15,Safe
25.58,6.38,19.09,415.7,2.32,2026-03-27 16:42:57.202,15,Safe
25.58,6.42,19.9,416.86,1.73,2026-03-27 16:45:57.202,15,Safe
25.63,6.41,18.66,417.71,8.33,2026-03-27 16:48:57.202,15,Safe
25.64,6.42,21.53,418.51,11.11,2026-03-27 16:51:57.202,30,Safe
25.61,6.45,19.58,419.28,19.72,2026-03-27 16:54:57.202,15,Safe
25.63,6.45,18.71,420.95,15.64,2026-03-27 16:57:57.202,15,Safe
25.58,6.42,18.88,421.44,17.39,2026-03-27 17:00:57.202,15,Safe
25.55,6.41,18.18,420.98,4.88,2026-03-27 17:03:57.202,15,Safe
25.72,6.4,17.0,420.6,16.57,2026-03-27 17:06:57.202,15,Safe
25.69,6.37,17.25,420.83,4.04,2026-03-27 17:09:57.202,15,Safe
25.64,6.37,17.32,421.31,10.35,2026-03-27 17:12:57.202,15,Safe
25.66,6.4,19.14,422.02,3.91,2026-03-27 17:15:57.202,15,Safe
25.59,6.38,17.54,422.0,7.04,2026-03-27 17:18:57.202,15,Safe
25.69,6.37,23.11,421.69,13.53,2026-03-27 17:21:57.202,30,Safe
25.63,6.4,19.56,422.62,17.06,2026-03-27 17:24:57.202,15,Safe
25.6,6.38,18.99,421.65,2.58,2026-03-27 17:27:57.202,15,Safe
25.55,6.35,19.83,421.88,8.98,2026-03-27 17:30:57.202,15,Safe
25.71,6.36,18.7,421.26,7.97,2026-03-27 17:33:57.202,15,Safe
25.65,6.34,17.65,420.83,4.56,2026-03-27 17:36:57.202,15,Safe
25.62,6.34,16.94,422.11,2.26,2026-03-27 17:39:57.202,15,Safe
25.65,6.33,19.07,422.89,13.45,2026-03-27 17:42:57.202,15,Safe
25.52,6.33,20.32,424.23,4.58,2026-03-27 17:45:57.202,30,Safe
25.58,6.36,15.62,423.82,8.01,2026-03-27 17:48:57.202,15,Safe
25.61,6.36,15.63,424.21,1.99,2026-03-27 17:51:57.202,15,Safe
25.66,6.35,22.0,425.14,7.55,2026-03-27 17:54:57.202,30,Safe
25.65,6.35,17.63,424.29,8.57,2026-03-27 17:57:57.202,15,Safe
25.69,6.36,16.96,423.87,9.06,2026-03-27 18:00:57.202,15,Safe
25.68,6.35,15.28,423.24,9.02,2026-03-27 18:03:57.202,15,Safe
25.66,6.33,20.78,423.49,12.57,2026-03-27 18:06:57.202,30,Safe
25.66,6.31,17.78,423.61,12.97,2026-03-27 18:09:57.202,15,Safe
25.89,6.29,15.49,423.38,15.43,2026-03-27 18:12:57.202,15,Safe
25.79,6.31,17.75,423.52,9.03,2026-03-27 18:15:57.202,15,Safe
25.72,6.29,14.75,422.11,19.61,2026-03-27 18:18:57.202,15,Safe
25.79,6.28,17.78,422.65,4.32,2026-03-27 18:21:57.202,15,Safe
25.68,6.27,17.61,423.6,1.59,2026-03-27 18:24:57.202,15,Safe
25.65,6.28,18.89,424.12,1.24,2026-03-27 18:27:57.202,15,Safe
25.61,6.26,15.96,424.01,2.24,2026-03-27 18:30:57.202,15,Safe
25.65,6.25,17.0,424.63,2.6,2026-03-27 18:33:57.202,15,Safe
25.61,6.24,17.87,424.61,0.52,2026-03-27 18:36:57.202,15,Safe
25.63,6.26,18.48,425.36,4.4,2026-03-27 18:39:57.202,15,Safe
25.63,6.27,18.34,424.88,3.19,2026-03-27 18:42:57.202,15,Safe
25.72,6.29,18.58,424.85,3.89,2026-03-27 18:45:57.202,15,Safe
25.79,6.3,15.23,425.96,2.41,2026-03-27 18:48:57.202,15,Safe
25.7,6.29,17.69,426.81,2.56,2026-03-27 18:51:57.202,15,Safe
25.68,6.31,17.12,427.05,4.58,2026-03-27 18:54:57.202,15,Safe
25.7,6.3,17.01,427.91,4.97,2026-03-27 18:57:57.202,15,Safe
25.65,6.27,18.39,428.88,3.57,2026-03-27 19:00:57.202,15,Safe
25.72,6.27,17.03,428.74,1.84,2026-03-27 19:03:57.202,15,Safe
25.62,6.29,14.45,427.76,2.62,2026-03-27 19:06:57.202,15,Safe
25.62,6.29,14.51,427.84,0.33,2026-03-27 19:09:57.202,15,Safe
25.66,6.28,19.18,427.01,4.11,2026-03-27 19:12:57.202,15,Safe
25.73,6.27,16.19,427.7,1.87,2026-03-27 19:15:57.202,15,Safe
25.73,6.26,18.52,427.46,3.81,2026-03-27 19:18:57.202,15,Safe
25.92,6.25,15.81,427.18,2.05,2026-03-27 19:21:57.202,15,Safe
25.8,6.24,17.84,428.48,4.31,2026-03-27 19:24:57.202,15,Safe
25.71,6.24,16.6,429.32,3.0,2026-03-27 19:27:57.202,15,Safe
25.21,6.25,17.73,427.82,3.05,2026-03-27 19:30:57.202,15,Safe
24.79,6.27,17.18,427.51,4.13,2026-03-27 19:33:57.202,15,Safe
24.34,6.27,21.8,427.85,0.6,2026-03-27 19:36:57.202,30,Safe
24.1,6.26,18.18,427.56,0.76,2026-03-27 19:39:57.202,15,Safe
23.77,6.25,17.72,427.75,2.09,2026-03-27 19:42:57.202,35,Moderate
23.87,6.24,14.29,429.54,2.2,2026-03-27 19:45:57.202,35,Moderate
23.68,6.24,12.3,429.1,1.17,2026-03-27 19:48:57.202,35,Moderate
23.49,6.22,13.82,429.97,0.51,2026-03-27 19:51:57.202,35,Moderate
23.32,6.24,16.08,429.4,0.31,2026-03-27 19:54:57.202,35,Moderate
23.24,6.24,17.08,429.2,2.95,2026-03-27 19:57:57.202,35,Moderate
23.45,6.24,16.38,429.6,1.82,2026-03-27 20:00:57.202,35,Moderate
23.37,6.24,18.2,429.03,3.53,2026-03-27 20:03:57.202,35,Moderate
23.24,6.26,16.26,431.31,0.97,2026-03-27 20:06:57.202,35,Moderate
23.2,6.26,16.0,431.93,0.41,2026-03-27 20:09:57.202,35,Moderate
23.21,6.28,16.85,432.73,4.51,2026-03-27 20:12:57.202,35,Moderate
23.27,6.29,16.73,433.14,4.52,2026-03-27 20:15:57.202,35,Moderate
23.39,6.29,18.17,433.11,4.96,2026-03-27 20:18:57.202,35,Moderate
23.29,6.27,16.45,432.85,5.0,2026-03-27 20:21:57.202,35,Moderate
23.25,6.25,15.78,432.93,0.96,2026-03-27 20:24:57.202,35,Moderate
23.21,6.24,16.28,431.79,2.65,2026-03-27 20:27:57.202,35,Moderate
23.08,6.26,16.56,432.38,2.46,2026-03-27 20:30:57.202,35,Moderate
23.06,6.26,17.78,434.34,3.88,2026-03-27 20:33:57.202,35,Moderate
23.2,6.26,16.12,435.38,1.76,2026-03-27 20:36:57.202,35,Moderate
23.2,6.25,17.59,436.12,3.2,2026-03-27 20:39:57.202,35,Moderate
23.13,6.22,13.82,437.16,2.1,2026-03-27 20:42:57.202,35,Moderate
23.08,6.23,18.16,437.67,2.49,2026-03-27 20:45:57.202,35,Moderate
23.08,6.25,20.57,439.11,1.73,2026-03-27 20:48:57.202,50,Moderate
23.2,6.25,16.03,439.38,4.68,2026-03-27 20:51:57.202,35,Moderate
23.32,6.23,15.12,438.02,1.73,2026-03-27 20:54:57.202,35,Moderate
23.07,6.23,17.63,438.69,1.18,2026-03-27 20:57:57.202,35,Moderate
23.24,6.23,17.63,438.55,2.87,2026-03-27 21:00:57.202,35,Moderate
23.25,6.21,18.93,437.91,3.6,2026-03-27 21:03:57.202,35,Moderate
23.23,6.2,17.7,437.39,1.64,2026-03-27 21:06:57.202,35,Moderate
23.44,6.2,16.65,437.32,2.1,2026-03-27 21:09:57.202,35,Moderate
23.34,6.19,16.3,438.06,2.43,2026-03-27 21:12:57.202,35,Moderate
23.23,6.17,16.47,438.4,2.79,2026-03-27 21:15:57.202,35,Moderate
23.18,6.17,19.51,438.18,1.61,2026-03-27 21:18:57.202,35,Moderate
23.13,6.15,16.53,438.65,3.95,2026-03-27 21:21:57.202,35,Moderate
23.07,6.12,17.26,436.34,2.76,2026-03-27 21:24:57.202,35,Moderate
22.97,6.12,18.06,435.44,3.17,2026-03-27 21:27:57.202,35,Moderate
23.1,6.11,14.5,435.8,1.58,2026-03-27 21:30:57.202,35,Moderate
23.08,6.14,17.63,436.06,1.46,2026-03-27 21:33:57.202,35,Moderate
22.97,6.13,17.2,435.79,0.41,2026-03-27 21:36:57.202,35,Moderate
23.0,6.13,16.55,435.41,0.88,2026-03-27 21:39:57.202,35,Moderate
23.07,6.13,16.66,434.53,0.81,2026-03-27 21:42:57.202,35,Moderate
23.07,6.14,17.66,434.35,2.34,2026-03-27 21:45:57.202,35,Moderate
22.98,6.14,14.9,434.52,0.24,2026-03-27 21:48:57.202,35,Moderate
23.11,6.16,15.44,435.33,4.12,2026-03-27 21:51:57.202,35,Moderate
23.19,6.17,17.14,434.32,3.96,2026-03-27 21:54:57.202,35,Moderate
23.09,6.16,16.32,433.76,0.24,2026-03-27 21:57:57.202,35,Moderate
23.06,6.16,14.69,434.05,4.02,2026-03-27 22:00:57.202,35,Moderate
23.13,6.16,16.77,432.74,4.13,2026-03-27 22:03:57.202,35,Moderate
23.17,6.15,17.89,432.05,2.61,2026-03-27 22:06:57.202,35,Moderate
23.22,6.15,17.85,432.45,4.77,2026-03-27 22:09:57.202,35,Moderate
23.23,6.14,16.91,431.24,3.97,2026-03-27 22:12:57.202,35,Moderate
23.03,6.13,18.1,431.39,1.7,2026-03-27 22:15:57.202,35,Moderate
23.09,6.11,18.47,431.37,3.09,2026-03-27 22:18:57.202,35,Moderate
23.04,6.1,17.08,432.15,4.07,2026-03-27 22:21:57.202,35,Moderate
23.0,6.11,17.31,432.89,4.93,2026-03-27 22:24:57.202,35,Moderate
22.72,6.13,18.45,434.19,4.91,2026-03-27 22:27:57.202,35,Moderate
22.93,6.13,19.82,432.5,3.55,2026-03-27 22:30:57.202,35,Moderate
22.92,6.13,20.13,433.88,1.95,2026-03-27 22:33:57.202,50,Moderate
23.0,6.14,17.64,433.78,2.81,2026-03-27 22:36:57.202,35,Moderate
23.05,6.13,21.06,433.31,3.73,2026-03-27 22:39:57.202,50,Moderate
23.13,6.13,17.24,432.23,1.99,2026-03-27 22:42:57.202,35,Moderate
23.1,6.11,16.83,433.78,1.17,2026-03-27 22:45:57.202,35,Moderate
23.12,6.08,17.11,432.35,3.09,2026-03-27 22:48:57.202,35,Moderate
23.21,6.07,18.39,433.54,4.05,2026-03-27 22:51:57.202,35,Moderate
23.25,6.06,15.56,433.93,4.0,2026-03-27 22:54:57.202,35,Moderate
23.31,6.05,18.77,434.12,0.29,2026-03-27 22:57:57.202,35,Moderate
23.38,6.05,17.75,434.23,4.72,2026-03-27 23:00:57.202,35,Moderate
23.5,6.02,16.15,434.22,2.08,2026-03-27 23:03:57.202,35,Moderate
23.58,6.02,18.16,434.44,2.28,2026-03-27 23:06:57.202,35,Moderate
23.14,6.02,17.98,433.38,2.05,2026-03-27 23:09:57.202,35,Moderate
23.26,6.01,15.72,432.84,4.23,2026-03-27 23:12:57.202,35,Moderate
23.14,6.02,19.73,433.07,2.14,2026-03-27 23:15:57.202,35,Moderate
22.97,6.03,18.1,432.89,3.86,2026-03-27 23:18:57.202,35,Moderate
23.03,6.04,19.7,433.65,3.68,2026-03-27 23:21:57.202,35,Moderate
23.15,6.04,18.74,434.17,0.17,2026-03-27 23:24:57.202,35,Moderate
23.15,6.05,16.24,435.38,3.89,2026-03-27 23:27:57.202,35,Moderate
23.37,6.07,18.45,433.82,118.82,2026-03-27 23:30:57.202,35,Moderate
23.47,6.06,20.49,433.64,82.55,2026-03-27 23:33:57.202,50,Moderate
23.52,6.07,22.71,432.05,81.45,2026-03-27 23:36:57.202,50,Moderate
23.35,6.07,18.17,431.19,87.71,2026-03-27 23:39:57.202,35,Moderate
23.36,6.09,18.11,433.07,40.19,2026-03-27 23:42:57.202,35,Moderate
23.19,6.08,16.34,431.7,62.33,2026-03-27 23:45:57.202,35,Moderate
23.28,6.09,17.56,433.32,21.12,2026-03-27 23:48:57.202,35,Moderate
23.38,6.1,18.67,433.05,104.34,2026-03-27 23:51:57.202,35,Moderate
23.35,6.1,17.54,432.68,66.43,2026-03-27 23:54:57.202,35,Moderate
23.38,6.13,17.42,434.21,36.41,2026-03-27 23:57:57.202,35,Moderate
23.33,6.12,21.5,435.64,70.13,2026-03-28 00:00:57.202,50,Moderate
23.35,6.12,18.55,434.96,66.92,2026-03-28 00:03:57.202,35,Moderate
23.51,6.13,20.41,434.85,111.41,2026-03-28 00:06:57.202,50,Moderate
23.52,6.14,17.0,434.61,57.26,2026-03-28 00:09:57.202,35,Moderate
23.48,6.14,19.8,433.93,102.27,2026-03-28 00:12:57.202,35,Moderate
23.39,6.15,20.05,432.55,22.74,2026-03-28 00:15:57.202,50,Moderate
23.46,6.15,19.97,433.94,102.05,2026-03-28 00:18:57.202,35,Moderate
23.28,6.13,17.02,434.22,118.12,2026-03-28 00:21:57.202,35,Moderate
23.29,6.15,17.71,436.11,91.11,2026-03-28 00:24:57.202,35,Moderate
23.33,6.14,17.35,435.5,38.89,2026-03-28 00:27:57.202,35,Moderate
23.28,6.13,19.92,435.03,44.31,2026-03-28 00:30:57.202,35,Moderate
23.33,6.16,19.73,435.01,94.83,2026-03-28 00:33:57.202,35,Moderate
23.44,6.17,18.13,435.01,65.21,2026-03-28 00:36:57.202,35,Moderate
23.39,6.19,18.8,435.66,76.17,2026-03-28 00:39:57.202,35,Moderate
23.6,6.19,17.88,436.3,113.66,2026-03-28 00:42:57.202,35,Moderate
23.54,6.18,19.17,435.51,19.47,2026-03-28 00:45:57.202,35,Moderate
23.41,6.18,18.01,433.35,48.59,2026-03-28 00:48:57.202,35,Moderate
23.38,6.19,15.94,433.78,67.72,2026-03-28 00:51:57.202,35,Moderate
23.42,6.2,18.5,432.68,95.92,2026-03-28 00:54:57.202,35,Moderate
23.38,6.21,19.07,432.08,78.21,2026-03-28 00:57:57.202,35,Moderate
23.42,6.22,19.58,431.93,32.65,2026-03-28 01:00:57.202,35,Moderate
23.38,6.21,16.82,432.23,117.18,2026-03-28 01:03:57.202,35,Moderate
23.36,6.23,20.18,433.96,53.44,2026-03-28 01:06:57.202,50,Moderate
23.45,6.24,18.1,434.75,103.13,2026-03-28 01:09:57.202,35,Moderate
23.33,6.23,16.42,433.93,28.05,2026-03-28 01:12:57.202,35,Moderate
23.35,6.22,19.29,433.72,20.81,2026-03-28 01:15:57.202,35,Moderate
23.35,6.21,20.03,433.36,55.37,2026-03-28 01:18:57.202,50,Moderate
23.3,6.22,20.3,433.48,33.08,2026-03-28 01:21:57.202,50,Moderate
23.26,6.21,17.69,433.16,81.44,2026-03-28 01:24:57.202,35,Moderate
23.23,6.2,19.8,433.57,112.03,2026-03-28 01:27:57.202,35,Moderate
23.38,6.19,19.94,434.32,793.59,2026-03-28 01:30:57.202,35,Moderate
23.38,6.2,21.42,434.94,371.82,2026-03-28 01:33:57.202,50,Moderate
23.17,6.19,17.92,434.23,702.16,2026-03-28 01:36:57.202,35,Moderate
23.21,6.18,16.75,434.27,394.26,2026-03-28 01:39:57.202,35,Moderate
23.26,6.19,19.7,434.43,476.53,2026-03-28 01:42:57.202,35,Moderate
23.28,6.19,20.63,435.01,909.81,2026-03-28 01:45:57.202,50,Moderate
23.34,6.17,18.24,434.81,838.13,2026-03-28 01:48:57.202,35,Moderate
23.43,6.16,19.99,433.18,471.82,2026-03-28 01:51:57.202,35,Moderate
23.36,6.16,19.51,432.9,398.85,2026-03-28 01:54:57.202,35,Moderate
23.39,6.14,20.94,432.34,311.15,2026-03-28 01:57:57.202,50,Moderate
23.44,6.15,17.19,433.88,841.37,2026-03-28 02:00:57.202,35,Moderate
23.41,6.14,21.39,433.34,831.7,2026-03-28 02:03:57.202,50,Moderate
23.42,6.13,17.91,434.44,434.67,2026-03-28 02:06:57.202,35,Moderate
23.29,6.16,17.71,434.98,632.45,2026-03-28 02:09:57.202,35,Moderate
23.25,6.15,16.95,435.12,348.92,2026-03-28 02:12:57.202,35,Moderate
23.35,6.16,19.11,435.37,637.93,2026-03-28 02:15:57.202,35,Moderate
23.23,6.12,18.48,435.74,923.75,2026-03-28 02:18:57.202,35,Moderate
23.39,6.14,17.8,436.54,461.18,2026-03-28 02:21:57.202,35,Moderate
23.35,6.15,19.02,436.8,461.18,2026-03-28 02:24:57.202,35,Moderate
23.21,6.14,16.26,436.64,575.9,2026-03-28 02:27:57.202,35,Moderate
23.25,6.13,31.67,441.27,2280.6,2026-03-28 02:30:57.202,65,High
23.3,6.15,31.71,445.55,1920.05,2026-03-28 02:33:57.202,65,High
23.48,6.15,29.45,448.43,1865.35,2026-03-28 02:36:57.202,50,Moderate
23.55,6.14,27.16,451.45,2639.25,2026-03-28 02:39:57.202,50,Moderate
23.5,6.12,26.95,454.67,2175.4,2026-03-28 02:42:57.202,50,Moderate
23.35,6.13,31.45,459.37,1726.28,2026-03-28 02:45:57.202,65,High
23.63,6.12,32.09,464.33,2184.11,2026-03-28 02:48:57.202,65,High
23.48,6.11,32.51,466.93,1806.25,2026-03-28 02:51:57.202,65,High
23.49,6.08,39.18,473.2,1737.57,2026-03-28 02:54:57.202,65,High
23.5,6.07,33.25,477.6,1523.57,2026-03-28 02:57:57.202,65,High
23.55,6.07,35.87,480.31,2878.97,2026-03-28 03:00:57.202,65,High
23.41,6.06,26.55,479.88,2960.77,2026-03-28 03:03:57.202,50,Moderate
23.21,6.05,27.37,479.72,2859.96,2026-03-28 03:06:57.202,50,Moderate
23.27,6.04,24.8,480.6,2517.85,2026-03-28 03:09:57.202,50,Moderate
23.2,6.03,25.02,480.21,2280.71,2026-03-28 03:12:57.202,50,Moderate
23.17,6.03,28.01,479.82,2427.96,2026-03-28 03:15:57.202,50,Moderate
23.19,6.02,30.33,481.28,2007.03,2026-03-28 03:18:57.202,65,High
23.2,6.03,25.79,482.08,2452.47,2026-03-28 03:21:57.202,50,Moderate
23.01,6.03,25.87,483.46,2005.14,2026-03-28 03:24:57.202,50,Moderate
23.04,6.03,24.73,484.17,2368.79,2026-03-28 03:27:57.202,50,Moderate
24.54,6.04,26.12,484.8,2320.42,2026-03-28 03:30:57.202,30,Safe
25.2,6.0,28.38,485.51,1447.39,2026-03-28 03:33:57.202,30,Safe
25.62,6.0,29.5,485.03,2236.16,2026-03-28 03:36:57.202,30,Safe
25.73,6.0,25.0,484.42,1693.6,2026-03-28 03:39:57.202,30,Safe
25.83,6.0,29.6,484.19,2083.41,2026-03-28 03:42:57.202,30,Safe
25.79,6.0,26.75,484.2,1903.57,2026-03-28 03:45:57.202,30,Safe
25.84,6.01,25.41,484.24,1530.36,2026-03-28 03:48:57.202,30,Safe
26.04,6.02,26.12,485.44,2449.73,2026-03-28 03:51:57.202,30,Safe
25.97,6.02,25.93,484.97,2135.44,2026-03-28 03:54:57.202,30,Safe
25.98,6.02,26.47,485.06,2216.31,2026-03-28 03:57:57.202,30,Safe
26.05,6.04,25.27,484.51,2742.88,2026-03-28 04:00:57.202,30,Safe
25.95,6.07,27.81,484.38,2352.86,2026-03-28 04:03:57.202,30,Safe
25.95,6.07,27.8,482.94,1785.79,2026-03-28 04:06:57.202,30,Safe
26.05,6.07,24.6,482.74,3061.84,2026-03-28 04:09:57.202,30,Safe
26.01,6.06,25.9,481.83,1729.8,2026-03-28 04:12:57.202,30,Safe
25.98,6.04,24.14,482.02,2637.04,2026-03-28 04:15:57.202,30,Safe
25.95,6.05,26.83,481.19,2242.95,2026-03-28 04:18:57.202,30,Safe
26.08,6.08,29.21,481.07,2403.03,2026-03-28 04:21:57.202,30,Safe
26.08,6.06,27.34,482.0,2196.48,2026-03-28 04:24:57.202,30,Safe
26.11,6.04,24.05,482.53,2419.17,2026-03-28 04:27:57.202,30,Safe
26.05,6.03,25.68,484.59,1453.75,2026-03-28 04:30:57.202,30,Safe
26.16,6.02,26.05,483.37,2345.35,2026-03-28 04:33:57.202,30,Safe
26.26,6.01,26.75,484.11,3131.32,2026-03-28 04:36:57.202,30,Safe
26.22,6.0,26.76,483.39,1640.96,2026-03-28 04:39:57.202,30,Safe
26.19,6.0,27.31,482.14,1869.37,2026-03-28 04:42:57.202,30,Safe
26.28,6.0,24.06,481.66,1749.85,2026-03-28 04:45:57.202,30,Safe
26.22,6.0,26.56,482.19,1597.42,2026-03-28 04:48:57.202,30,Safe
26.18,6.0,24.02,482.42,2811.27,2026-03-28 04:51:57.202,30,Safe
26.2,6.0,25.1,482.89,2580.62,2026-03-28 04:54:57.202,30,Safe
26.21,6.0,25.62,482.32,1909.55,2026-03-28 04:57:57.202,30,Safe
26.19,6.0,24.17,482.7,2639.88,2026-03-28 05:00:57.202,30,Safe
26.24,6.0,24.57,482.49,2793.83,2026-03-28 05:03:57.202,30,Safe
26.32,6.0,29.19,482.56,1993.98,2026-03-28 05:06:57.202,30,Safe
26.27,6.0,26.06,482.66,2427.14,2026-03-28 05:09:57.202,30,Safe
26.24,6.0,26.12,483.66,1853.85,2026-03-28 05:12:57.202,30,Safe
26.24,6.0,25.03,483.08,1613.87,2026-03-28 05:15:57.202,30,Safe
26.22,6.02,23.23,482.57,2290.33,2026-03-28 05:18:57.202,30,Safe
26.27,6.01,24.92,484.15,2938.84,2026-03-28 05:21:57.202,30,Safe
26.26,6.0,25.23,484.49,1347.52,2026-03-28 05:24:57.202,30,Safe
26.11,6.01,23.26,484.31,2554.15,2026-03-28 05:27:57.202,30,Safe
26.13,6.01,24.9,483.72,2424.77,2026-03-28 05:30:57.202,30,Safe
26.19,6.0,22.67,484.12,2572.66,2026-03-28 05:33:57.202,30,Safe
26.26,6.01,26.38,483.73,2322.13,2026-03-28 05:36:57.202,30,Safe
26.32,6.01,23.99,483.55,1730.08,2026-03-28 05:39:57.202,30,Safe
26.31,6.01,27.14,483.53,1449.1,2026-03-28 05:42:57.202,30,Safe
26.21,6.01,27.06,483.22,2552.49,2026-03-28 05:45:57.202,30,Safe
26.34,6.0,24.32,484.42,2504.19,2026-03-28 05:48:57.202,30,Safe
26.21,6.0,25.41,484.09,2559.48,2026-03-28 05:51:57.202,30,Safe
26.21,6.0,25.61,485.09,1762.37,2026-03-28 05:54:57.202,30,Safe
26.31,6.01,23.08,485.53,1493.88,2026-03-28 05:57:57.202,30,Safe
26.23,6.04,23.25,485.45,2713.7,2026-03-28 06:00:57.202,30,Safe
26.09,6.03,25.05,485.39,1346.58,2026-03-28 06:03:57.202,30,Safe
26.23,6.0,26.62,484.5,2476.32,2026-03-28 06:06:57.202,30,Safe
26.12,6.0,26.59,483.93,1829.38,2026-03-28 06:09:57.202,30,Safe
26.11,6.02,21.27,484.68,1649.74,2026-03-28 06:12:57.202,30,Safe
26.31,6.03,24.44,484.52,1986.67,2026-03-28 06:15:57.202,30,Safe
26.28,6.02,23.47,484.5,2978.18,2026-03-28 06:18:57.202,30,Safe
26.18,6.02,27.15,483.37,1620.61,2026-03-28 06:21:57.202,30,Safe
26.22,6.03,23.47,483.82,1547.37,2026-03-28 06:24:57.202,30,Safe
26.2,6.04,22.42,484.19,2978.05,2026-03-28 06:27:57.202,30,Safe
25.92,6.03,25.87,485.14,2786.32,2026-03-28 06:30:57.202,30,Safe
25.85,6.03,25.71,486.11,1783.1,2026-03-28 06:33:57.202,30,Safe
25.96,6.01,26.51,485.55,2119.22,2026-03-28 06:36:57.202,30,Safe
25.96,6.03,25.44,486.57,2478.06,2026-03-28 06:39:57.202,30,Safe
25.93,6.03,25.63,486.86,2055.85,2026-03-28 06:42:57.202,30,Safe
25.85,6.03,22.27,486.66,1884.91,2026-03-28 06:45:57.202,30,Safe
25.96,6.03,23.88,487.26,2738.98,2026-03-28 06:48:57.202,30,Safe
25.93,6.04,22.22,486.07,2284.66,2026-03-28 06:51:57.202,30,Safe
25.91,6.02,23.83,485.92,2192.26,2026-03-28 06:54:57.202,30,Safe
25.85,6.01,25.0,486.46,2533.67,2026-03-28 06:57:57.202,30,Safe
25.94,6.03,24.25,486.87,2795.96,2026-03-28 07:00:57.202,30,Safe
25.99,6.03,23.1,486.17,2728.38,2026-03-28 07:03:57.202,30,Safe
26.0,6.03,23.75,485.66,1727.39,2026-03-28 07:06:57.202,30,Safe
26.02,6.02,23.75,485.55,1856.29,2026-03-28 07:09:57.202,30,Safe
25.89,6.01,22.49,486.8,1225.32,2026-03-28 07:12:57.202,30,Safe
25.91,6.0,21.71,488.1,1551.9,2026-03-28 07:15:57.202,30,Safe
26.04,6.0,24.89,489.62,2936.15,2026-03-28 07:18:57.202,30,Safe
25.99,6.0,22.05,490.46,2891.0,2026-03-28 07:21:57.202,30,Safe
25.95,6.0,24.42,489.98,1640.97,2026-03-28 07:24:57.202,30,Safe
25.87,6.01,24.15,489.82,2921.96,2026-03-28 07:27:57.202,30,Safe
25.96,6.02,21.67,489.77,2384.08,2026-03-28 07:30:57.202,30,Safe
25.89,6.0,21.76,488.94,2207.11,2026-03-28 07:33:57.202,30,Safe
25.89,6.0,25.88,490.17,2432.34,2026-03-28 07:36:57.202,30,Safe
25.85,6.0,25.35,489.84,1441.45,2026-03-28 07:39:57.202,30,Safe
25.86,6.0,21.77,487.66,2930.82,2026-03-28 07:42:57.202,30,Safe
25.87,6.0,23.5,487.68,1545.52,2026-03-28 07:45:57.202,30,Safe
25.91,6.0,20.99,487.42,2430.55,2026-03-28 07:48:57.202,30,Safe
25.91,6.0,22.49,486.95,1266.06,2026-03-28 07:51:57.202,30,Safe
25.87,6.0,19.74,486.35,1423.94,2026-03-28 07:54:57.202,15,Safe
25.8,6.0,22.43,487.05,2831.22,2026-03-28 07:57:57.202,30,Safe
25.79,6.0,25.13,485.41,1918.69,2026-03-28 08:00:57.202,30,Safe
25.8,6.01,22.92,483.77,1670.69,2026-03-28 08:03:57.202,30,Safe
25.83,6.0,24.03,485.23,1997.28,2026-03-28 08:06:57.202,30,Safe
25.91,6.0,21.31,485.45,3091.27,2026-03-28 08:09:57.202,30,Safe
25.91,6.0,24.89,486.81,2576.79,2026-03-28 08:12:57.202,30,Safe
25.86,6.0,25.22,487.25,3008.98,2026-03-28 08:15:57.202,30,Safe
26.03,6.0,23.66,487.14,2614.69,2026-03-28 08:18:57.202,30,Safe
26.04,6.01,21.5,486.68,1811.13,2026-03-28 08:21:57.202,30,Safe
26.01,6.02,23.49,485.76,2015.1,2026-03-28 08:24:57.202,30,Safe
26.02,6.05,23.63,483.98,1829.47,2026-03-28 08:27:57.202,30,Safe
25.97,6.03,19.98,484.4,2081.39,2026-03-28 08:30:57.202,15,Safe
26.0,6.03,23.01,485.28,1890.41,2026-03-28 08:33:57.202,30,Safe
25.93,6.05,20.45,486.62,2421.02,2026-03-28 08:36:57.202,30,Safe
25.99,6.06,21.98,485.73,2337.9,2026-03-28 08:39:57.202,30,Safe
25.86,6.03,20.11,484.83,1270.49,2026-03-28 08:42:57.202,30,Safe
25.93,6.07,21.25,484.88,2642.6,2026-03-28 08:45:57.202,30,Safe
25.89,6.08,24.02,484.51,1789.01,2026-03-28 08:48:57.202,30,Safe
25.9,6.09,23.94,483.78,2455.33,2026-03-28 08:51:57.202,30,Safe
26.0,6.13,21.61,484.2,2097.72,2026-03-28 08:54:57.202,30,Safe
26.02,6.14,21.82,484.5,1786.98,2026-03-28 08:57:57.202,30,Safe
26.05,6.14,24.66,483.92,1983.93,2026-03-28 09:00:57.202,30,Safe
26.02,6.15,21.79,484.9,1385.32,2026-03-28 09:03:57.202,30,Safe
26.07,6.17,21.42,485.88,1643.15,2026-03-28 09:06:57.202,30,Safe
25.94,6.15,21.44,486.73,2706.25,2026-03-28 09:09:57.202,30,Safe
25.83,6.14,21.9,486.5,2332.21,2026-03-28 09:12:57.202,30,Safe
25.95,6.15,21.63,486.62,2556.58,2026-03-28 09:15:57.202,30,Safe
25.98,6.15,16.75,487.06,1734.59,2026-03-28 09:18:57.202,15,Safe
25.95,6.15,23.24,486.83,1934.61,2026-03-28 09:21:57.202,30,Safe
26.01,6.13,23.44,486.0,1689.47,2026-03-28 09:24:57.202,30,Safe
25.98,6.12,19.46,486.85,3175.61,2026-03-28 09:27:57.202,15,Safe
25.89,6.13,21.02,485.78,2945.4,2026-03-28 09:30:57.202,30,Safe
26.06,6.15,18.64,485.66,1308.75,2026-03-28 09:33:57.202,15,Safe
26.05,6.15,24.31,486.3,1775.78,2026-03-28 09:36:57.202,30,Safe
26.0,6.15,23.81,485.22,2327.67,2026-03-28 09:39:57.202,30,Safe
25.92,6.13,22.02,484.44,1506.62,2026-03-28 09:42:57.202,30,Safe
25.91,6.14,21.07,483.97,1519.02,2026-03-28 09:45:57.202,30,Safe
25.87,6.15,20.27,484.26,2346.79,2026-03-28 09:48:57.202,30,Safe
25.92,6.16,23.69,485.47,1844.34,2026-03-28 09:51:57.202,30,Safe
25.96,6.15,22.12,485.68,3018.37,2026-03-28 09:54:57.202,30,Safe
25.96,6.15,20.01,486.0,2540.58,2026-03-28 09:57:57.202,30,Safe
25.98,6.15,21.21,486.38,1876.53,2026-03-28 10:00:57.202,30,Safe
26.0,6.15,20.69,487.86,2515.7,2026-03-28 10:03:57.202,30,Safe
25.99,6.12,21.31,486.6,3075.01,2026-03-28 10:06:57.202,30,Safe
25.97,6.1,19.51,486.32,3174.36,2026-03-28 10:09:57.202,15,Safe
25.91,6.11,22.68,485.66,1634.2,2026-03-28 10:12:57.202,30,Safe
25.95,6.11,22.05,486.9,2251.26,2026-03-28 10:15:57.202,30,Safe
25.95,6.12,21.62,486.87,2448.4,2026-03-28 10:18:57.202,30,Safe
25.85,6.11,19.18,487.67,1421.49,2026-03-28 10:21:57.202,15,Safe
25.8,6.1,21.51,488.78,2893.81,2026-03-28 10:24:57.202,30,Safe
25.85,6.08,21.04,489.8,2917.91,2026-03-28 10:27:57.202,30,Safe
25.96,6.1,21.04,490.39,1842.03,2026-03-28 10:30:57.202,30,Safe
25.97,6.11,21.76,490.57,3065.57,2026-03-28 10:33:57.202,30,Safe
25.92,6.13,20.73,489.71,2812.27,2026-03-28 10:36:57.202,30,Safe
25.93,6.15,21.28,489.56,2872.9,2026-03-28 10:39:57.202,30,Safe
25.91,6.18,18.99,490.47,2348.26,2026-03-28 10:42:57.202,15,Safe
25.9,6.15,19.35,490.38,2474.58,2026-03-28 10:45:57.202,15,Safe
25.94,6.14,20.38,491.18,3228.56,2026-03-28 10:48:57.202,30,Safe
25.93,6.16,19.25,491.54,2041.52,2026-03-28 10:51:57.202,15,Safe
25.85,6.16,17.98,491.72,1963.61,2026-03-28 10:54:57.202,15,Safe
25.88,6.14,20.73,491.33,2272.45,2026-03-28 10:57:57.202,30,Safe
25.87,6.17,21.03,491.36,2560.4,2026-03-28 11:00:57.202,30,Safe
25.97,6.18,20.36,492.21,1731.46,2026-03-28 11:03:57.202,30,Safe
25.9,6.17,19.48,491.62,2417.41,2026-03-28 11:06:57.202,15,Safe
25.84,6.16,22.79,492.51,2503.03,2026-03-28 11:09:57.202,30,Safe
25.91,6.17,19.38,493.72,1491.99,2026-03-28 11:12:57.202,15,Safe
25.83,6.17,23.11,494.52,1723.68,2026-03-28 11:15:57.202,30,Safe
25.91,6.18,22.6,495.01,2857.18,2026-03-28 11:18:57.202,30,Safe
25.95,6.17,19.11,495.0,2492.52,2026-03-28 11:21:57.202,15,Safe
25.88,6.19,17.92,495.62,2745.0,2026-03-28 11:24:57.202,15,Safe
25.88,6.19,18.98,496.09,2727.87,2026-03-28 11:27:57.202,15,Safe
25.91,6.2,19.82,495.43,2538.35,2026-03-28 11:30:57.202,15,Safe
25.78,6.22,21.68,496.29,1780.1,2026-03-28 11:33:57.202,30,Safe
25.7,6.23,16.53,495.85,1264.48,2026-03-28 11:36:57.202,15,Safe
25.65,6.26,22.24,496.58,1451.04,2026-03-28 11:39:57.202,30,Safe
25.65,6.26,21.45,497.91,2556.25,2026-03-28 11:42:57.202,30,Safe
25.64,6.26,21.51,496.9,1554.53,2026-03-28 11:45:57.202,30,Safe
25.67,6.22,22.51,496.54,2266.13,2026-03-28 11:48:57.202,30,Safe
25.66,6.24,19.48,497.04,1414.49,2026-03-28 11:51:57.202,15,Safe
25.71,6.22,21.4,498.22,1658.42,2026-03-28 11:54:57.202,30,Safe
25.64,6.25,23.27,500.7,1160.95,2026-03-28 11:57:57.202,30,Safe
25.65,6.22,19.44,500.64,1877.02,2026-03-28 12:00:57.202,15,Safe
25.62,6.24,19.41,500.86,1762.03,2026-03-28 12:03:57.202,15,Safe
25.48,6.24,21.43,500.59,1737.3,2026-03-28 12:06:57.202,30,Safe
25.53,6.23,20.68,499.55,1454.13,2026-03-28 12:09:57.202,30,Safe
25.62,6.22,20.57,498.94,1985.14,2026-03-28 12:12:57.202,30,Safe
25.65,6.2,17.86,498.19,2178.4,2026-03-28 12:15:57.202,15,Safe
25.7,6.18,21.35,499.1,1466.31,2026-03-28 12:18:57.202,30,Safe
25.69,6.17,17.77,499.45,2255.35,2026-03-28 12:21:57.202,15,Safe
25.67,6.16,20.33,500.6,1449.29,2026-03-28 12:24:57.202,30,Safe
25.72,6.13,18.61,500.12,2422.53,2026-03-28 12:27:57.202,15,Safe
25.77,6.14,24.79,503.85,89.37,2026-03-28 12:30:57.202,30,Safe
25.7,6.15,28.54,509.29,53.5,2026-03-28 12:33:57.202,30,Safe
25.74,6.14,30.97,512.06,137.18,2026-03-28 12:36:57.202,45,Moderate
25.68,6.13,30.49,516.09,41.56,2026-03-28 12:39:57.202,45,Moderate
25.72,6.11,34.31,520.06,41.56,2026-03-28 12:42:57.202,45,Moderate
25.65,6.08,32.55,521.91,39.72,2026-03-28 12:45:57.202,45,Moderate
25.78,6.07,32.45,525.18,129.69,2026-03-28 12:48:57.202,45,Moderate
25.69,6.06,34.61,529.67,149.73,2026-03-28 12:51:57.202,45,Moderate
25.68,6.06,34.79,534.76,128.02,2026-03-28 12:54:57.202,45,Moderate
25.6,6.03,35.08,536.86,103.02,2026-03-28 12:57:57.202,45,Moderate
25.62,6.02,35.6,538.23,58.64,2026-03-28 13:00:57.202,45,Moderate
25.53,6.02,24.9,538.42,109.47,2026-03-28 13:03:57.202,30,Safe
25.62,6.04,27.11,539.5,64.97,2026-03-28 13:06:57.202,30,Safe
25.65,6.03,24.83,540.59,84.58,2026-03-28 13:09:57.202,30,Safe
25.57,6.02,27.46,540.66,175.04,2026-03-28 13:12:57.202,30,Safe
25.53,6.01,26.8,540.13,175.04,2026-03-28 13:15:57.202,30,Safe
25.56,6.0,27.83,541.15,171.71,2026-03-28 13:18:57.202,30,Safe
25.6,6.0,28.95,541.71,92.26,2026-03-28 13:21:57.202,30,Safe
25.66,6.0,27.63,541.2,169.04,2026-03-28 13:24:57.202,30,Safe
25.66,6.0,27.63,541.06,98.3,2026-03-28 13:27:57.202,30,Safe
25.76,6.0,29.03,540.46,19.8,2026-03-28 13:30:57.202,30,Safe
25.75,6.0,27.27,542.55,17.9,2026-03-28 13:33:57.202,30,Safe
25.67,6.0,26.49,543.12,18.13,2026-03-28 13:36:57.202,30,Safe
25.75,6.0,24.57,543.26,12.32,2026-03-28 13:39:57.202,30,Safe
25.7,6.01,23.11,542.55,130.28,2026-03-28 13:42:57.202,30,Safe
25.63,6.01,28.78,542.2,10.17,2026-03-28 13:45:57.202,30,Safe
25.64,6.0,26.27,542.09,17.95,2026-03-28 13:48:57.202,30,Safe
25.72,6.01,27.02,541.08,7.08,2026-03-28 13:51:57.202,30,Safe
25.68,6.0,24.71,542.2,16.91,2026-03-28 13:54:57.202,30,Safe
25.56,6.0,27.01,542.8,9.62,2026-03-28 13:57:57.202,30,Safe
25.68,6.0,30.66,542.76,278.91,2026-03-28 14:00:57.202,45,Moderate
25.59,6.0,27.2,542.72,204.33,2026-03-28 14:03:57.202,30,Safe
25.59,6.0,25.52,542.8,4.0,2026-03-28 14:06:57.202,30,Safe
25.66,6.0,28.02,543.09,9.75,2026-03-28 14:09:57.202,30,Safe
25.6,6.0,23.98,542.35,140.72,2026-03-28 14:12:57.202,30,Safe
25.7,6.0,29.06,542.74,3.13,2026-03-28 14:15:57.202,30,Safe
25.66,6.0,26.84,542.29,5.92,2026-03-28 14:18:57.202,30,Safe
25.7,6.0,25.47,541.92,10.56,2026-03-28 14:21:57.202,30,Safe
25.7,6.0,26.14,541.01,71.42,2026-03-28 14:24:57.202,30,Safe
25.62,6.0,26.06,541.03,2.28,2026-03-28 14:27:57.202,30,Safe
25.69,6.0,26.34,540.85,3.84,2026-03-28 14:30:57.202,30,Safe
25.8,6.0,26.09,541.54,238.84,2026-03-28 14:33:57.202,30,Safe
25.73,6.0,26.21,542.64,8.57,2026-03-28 14:36:57.202,30,Safe
25.68,6.02,27.52,542.01,18.76,2026-03-28 14:39:57.202,30,Safe
25.65,6.03,26.08,542.36,10.81,2026-03-28 14:42:57.202,30,Safe
25.64,6.01,24.5,542.6,96.9,2026-03-28 14:45:57.202,30,Safe
25.79,6.01,23.33,541.21,215.7,2026-03-28 14:48:57.202,30,Safe
25.71,6.0,26.89,540.62,16.45,2026-03-28 14:51:57.202,30,Safe
25.77,6.02,24.64,541.1,235.53,2026-03-28 14:54:57.202,30,Safe
25.79,6.01,27.73,541.18,123.06,2026-03-28 14:57:57.202,30,Safe
25.74,6.02,27.91,541.93,4.7,2026-03-28 15:00:57.202,30,Safe
25.79,6.03,26.17,540.8,15.91,2026-03-28 15:03:57.202,30,Safe
25.65,6.01,24.63,540.57,5.74,2026-03-28 15:06:57.202,30,Safe
25.66,6.04,24.85,539.46,198.96,2026-03-28 15:09:57.202,30,Safe
25.65,6.02,23.34,538.85,17.17,2026-03-28 15:12:57.202,30,Safe
25.54,6.02,26.83,539.21,245.42,2026-03-28 15:15:57.202,30,Safe
25.62,6.01,23.46,539.5,9.49,2026-03-28 15:18:57.202,30,Safe
25.64,6.0,26.13,538.86,232.7,2026-03-28 15:21:57.202,30,Safe
25.57,6.0,22.17,537.74,215.25,2026-03-28 15:24:57.202,30,Safe
25.61,6.0,24.99,538.12,1.51,2026-03-28 15:27:57.202,30,Safe
25.62,6.01,27.11,538.36,0.23,2026-03-28 15:30:57.202,30,Safe
25.65,6.01,25.16,538.02,9.67,2026-03-28 15:33:57.202,30,Safe
25.69,6.02,27.52,536.68,4.69,2026-03-28 15:36:57.202,30,Safe
25.71,6.01,23.43,536.0,16.93,2026-03-28 15:39:57.202,30,Safe
25.64,6.0,25.82,536.63,19.02,2026-03-28 15:42:57.202,30,Safe
25.64,6.0,23.23,537.27,9.84,2026-03-28 15:45:57.202,30,Safe
25.69,6.0,24.27,537.51,15.35,2026-03-28 15:48:57.202,30,Safe
25.75,6.0,24.02,536.62,19.92,2026-03-28 15:51:57.202,30,Safe
25.71,6.0,23.56,537.66,11.03,2026-03-28 15:54:57.202,30,Safe
25.62,6.0,25.42,538.42,14.9,2026-03-28 15:57:57.202,30,Safe
25.71,6.0,23.51,538.7,9.53,2026-03-28 16:00:57.202,30,Safe
25.62,6.02,25.46,538.42,9.75,2026-03-28 16:03:57.202,30,Safe
25.67,6.03,26.24,537.66,17.14,2026-03-28 16:06:57.202,30,Safe
25.75,6.03,21.67,536.46,8.55,2026-03-28 16:09:57.202,30,Safe
25.64,6.02,27.04,537.64,19.39,2026-03-28 16:12:57.202,30,Safe
25.69,6.04,25.76,536.95,14.99,2026-03-28 16:15:57.202,30,Safe
25.69,6.04,25.53,538.34,2.82,2026-03-28 16:18:57.202,30,Safe
25.59,6.02,23.4,537.77,12.17,2026-03-28 16:21:57.202,30,Safe
25.62,6.04,24.04,538.12,3.14,2026-03-28 16:24:57.202,30,Safe
25.74,6.03,26.0,538.36,12.11,2026-03-28 16:27:57.202,30,Safe
25.67,6.02,24.34,539.48,9.87,2026-03-28 16:30:57.202,30,Safe
25.66,6.02,22.57,539.48,8.31,2026-03-28 16:33:57.202,30,Safe
25.68,6.0,23.97,538.73,10.39,2026-03-28 16:36:57.202,30,Safe
25.51,6.01,27.83,539.11,7.56,2026-03-28 16:39:57.202,30,Safe
25.57,6.01,25.86,540.06,0.91,2026-03-28 16:42:57.202,30,Safe
25.61,6.0,25.66,540.33,4.93,2026-03-28 16:45:57.202,30,Safe
25.61,6.03,25.06,539.63,11.04,2026-03-28 16:48:57.202,30,Safe
25.62,6.02,27.23,539.92,12.36,2026-03-28 16:51:57.202,30,Safe
25.75,6.02,24.15,540.92,10.95,2026-03-28 16:54:57.202,30,Safe
25.69,6.02,24.39,541.09,19.88,2026-03-28 16:57:57.202,30,Safe
25.69,6.04,24.1,540.46,13.49,2026-03-28 17:00:57.202,30,Safe
25.81,6.03,26.05,539.12,15.73,2026-03-28 17:03:57.202,30,Safe
25.69,6.02,25.59,539.05,8.77,2026-03-28 17:06:57.202,30,Safe
25.64,6.02,25.56,538.94,9.62,2026-03-28 17:09:57.202,30,Safe
25.66,6.03,25.87,539.48,1.65,2026-03-28 17:12:57.202,30,Safe
25.55,6.05,22.65,539.95,7.32,2026-03-28 17:15:57.202,30,Safe
25.66,6.03,23.45,539.64,7.66,2026-03-28 17:18:57.202,30,Safe
25.63,6.03,22.9,540.53,7.62,2026-03-28 17:21:57.202,30,Safe
25.73,6.02,22.88,540.78,17.49,2026-03-28 17:24:57.202,30,Safe
25.71,6.04,23.35,540.23,6.09,2026-03-28 17:27:57.202,30,Safe
25.66,6.03,24.94,540.89,11.06,2026-03-28 17:30:57.202,30,Safe
25.58,6.07,24.6,542.66,3.6,2026-03-28 17:33:57.202,30,Safe
25.74,6.06,20.77,543.67,13.4,2026-03-28 17:36:57.202,30,Safe
25.65,6.07,24.99,543.94,6.52,2026-03-28 17:39:57.202,30,Safe
25.65,6.02,27.27,544.01,18.45,2026-03-28 17:42:57.202,30,Safe
25.7,6.04,24.83,542.52,1.8,2026-03-28 17:45:57.202,30,Safe
25.76,6.08,23.47,542.77,12.53,2026-03-28 17:48:57.202,30,Safe
25.69,6.1,25.38,543.75,14.24,2026-03-28 17:51:57.202,30,Safe
25.67,6.08,19.28,544.38,3.04,2026-03-28 17:54:57.202,15,Safe
25.58,6.1,23.35,545.42,2.63,2026-03-28 17:57:57.202,30,Safe
25.67,6.1,21.33,547.02,4.45,2026-03-28 18:00:57.202,30,Safe
25.67,6.11,26.28,547.69,3.91,2026-03-28 18:03:57.202,30,Safe
25.61,6.11,20.45,547.67,11.82,2026-03-28 18:06:57.202,30,Safe
25.58,6.1,22.6,549.1,3.16,2026-03-28 18:09:57.202,30,Safe
25.65,6.09,25.87,550.26,4.49,2026-03-28 18:12:57.202,30,Safe
25.66,6.08,23.32,550.06,6.18,2026-03-28 18:15:57.202,30,Safe
25.72,6.08,24.73,550.21,4.49,2026-03-28 18:18:57.202,30,Safe
25.7,6.07,24.5,550.5,10.11,2026-03-28 18:21:57.202,30,Safe
25.76,6.06,22.28,550.94,15.3,2026-03-28 18:24:57.202,30,Safe
25.69,6.06,23.47,550.39,7.63,2026-03-28 18:27:57.202,30,Safe
25.66,6.03,21.2,551.79,0.19,2026-03-28 18:30:57.202,30,Safe
25.73,6.08,23.43,551.12,1.95,2026-03-28 18:33:57.202,30,Safe
25.72,6.07,22.36,550.95,0.08,2026-03-28 18:36:57.202,30,Safe
25.69,6.08,21.68,551.85,3.6,2026-03-28 18:39:57.202,30,Safe
25.61,6.09,24.95,551.63,2.51,2026-03-28 18:42:57.202,30,Safe
25.69,6.08,24.95,553.05,4.71,2026-03-28 18:45:57.202,30,Safe
25.67,6.1,22.46,554.67,0.08,2026-03-28 18:48:57.202,30,Safe
25.7,6.11,20.26,554.63,3.11,2026-03-28 18:51:57.202,30,Safe
25.65,6.08,23.46,554.58,2.28,2026-03-28 18:54:57.202,30,Safe
25.62,6.08,22.59,555.19,4.21,2026-03-28 18:57:57.202,30,Safe
25.7,6.08,21.42,555.63,3.12,2026-03-28 19:00:57.202,30,Safe
25.73,6.09,23.44,556.19,4.12,2026-03-28 19:03:57.202,30,Safe
25.56,6.06,21.1,555.67,1.29,2026-03-28 19:06:57.202,30,Safe
25.7,6.05,24.9,555.53,3.46,2026-03-28 19:09:57.202,30,Safe
25.74,6.03,22.06,554.8,4.96,2026-03-28 19:12:57.202,30,Safe
25.62,6.03,23.49,554.37,2.58,2026-03-28 19:15:57.202,30,Safe
25.56,6.01,23.03,553.73,2.48,2026-03-28 19:18:57.202,30,Safe
25.68,6.0,21.38,552.93,0.59,2026-03-28 19:21:57.202,30,Safe
25.62,6.02,21.07,554.13,3.23,2026-03-28 19:24:57.202,30,Safe
25.61,6.03,26.04,555.1,4.6,2026-03-28 19:27:57.202,30,Safe
25.68,6.03,20.01,555.15,2.97,2026-03-28 19:30:57.202,30,Safe
25.73,6.03,21.43,555.06,3.51,2026-03-28 19:33:57.202,30,Safe
25.74,6.02,21.46,554.97,4.35,2026-03-28 19:36:57.202,30,Safe
25.63,6.02,24.18,555.88,0.2,2026-03-28 19:39:57.202,30,Safe
25.52,6.01,23.65,556.27,1.9,2026-03-28 19:42:57.202,30,Safe
25.74,6.01,19.99,556.25,4.99,2026-03-28 19:45:57.202,15,Safe
25.63,6.0,20.0,556.19,0.86,2026-03-28 19:48:57.202,15,Safe
25.62,6.0,21.3,556.25,2.16,2026-03-28 19:51:57.202,30,Safe
25.76,6.0,24.22,556.97,2.48,2026-03-28 19:54:57.202,30,Safe
25.79,6.0,21.42,556.23,1.28,2026-03-28 19:57:57.202,30,Safe
25.65,6.0,20.06,556.03,3.83,2026-03-28 20:00:57.202,30,Safe
25.63,6.0,20.27,556.51,2.6,2026-03-28 20:03:57.202,30,Safe
25.72,6.01,23.0,555.66,2.12,2026-03-28 20:06:57.202,30,Safe
25.7,6.0,20.79,555.36,4.68,2026-03-28 20:09:57.202,30,Safe
25.67,6.01,23.49,555.61,4.56,2026-03-28 20:12:57.202,30,Safe
25.69,6.01,21.6,555.02,3.09,2026-03-28 20:15:57.202,30,Safe
25.56,6.0,19.88,553.17,3.43,2026-03-28 20:18:57.202,15,Safe
25.57,6.03,21.78,553.04,0.19,2026-03-28 20:21:57.202,30,Safe
25.65,6.02,21.18,553.4,4.11,2026-03-28 20:24:57.202,30,Safe
25.67,6.04,20.4,553.25,2.43,2026-03-28 20:27:57.202,30,Safe
25.82,6.03,23.23,552.28,3.29,2026-03-28 20:30:57.202,30,Safe
25.76,6.04,19.5,552.09,0.81,2026-03-28 20:33:57.202,15,Safe
25.65,6.02,20.58,551.95,4.3,2026-03-28 20:36:57.202,30,Safe
25.63,6.04,20.3,551.97,0.65,2026-03-28 20:39:57.202,30,Safe
25.6,6.06,19.02,552.69,2.72,2026-03-28 20:42:57.202,15,Safe
25.6,6.07,21.33,552.6,0.1,2026-03-28 20:45:57.202,30,Safe
25.72,6.08,17.88,551.94,4.66,2026-03-28 20:48:57.202,15,Safe
25.65,6.07,21.26,552.11,0.82,2026-03-28 20:51:57.202,30,Safe
25.63,6.05,20.05,551.84,0.84,2026-03-28 20:54:57.202,30,Safe
25.57,6.04,22.83,550.55,2.51,2026-03-28 20:57:57.202,30,Safe
25.7,6.03,21.48,549.71,1.07,2026-03-28 21:00:57.202,30,Safe
25.65,6.04,20.08,549.61,3.51,2026-03-28 21:03:57.202,30,Safe
25.78,6.04,22.08,549.89,1.18,2026-03-28 21:06:57.202,30,Safe
25.73,6.05,21.85,547.77,4.17,2026-03-28 21:09:57.202,30,Safe
25.71,6.07,22.47,547.36,1.24,2026-03-28 21:12:57.202,30,Safe
25.63,6.06,17.81,547.37,3.17,2026-03-28 21:15:57.202,15,Safe
25.61,6.06,21.34,545.89,2.04,2026-03-28 21:18:57.202,30,Safe
25.72,6.07,19.05,546.5,1.89,2026-03-28 21:21:57.202,15,Safe
25.65,6.08,20.82,546.43,4.42,2026-03-28 21:24:57.202,30,Safe
25.7,6.09,21.71,547.61,0.3,2026-03-28 21:27:57.202,30,Safe
25.8,6.09,22.28,547.47,1.94,2026-03-28 21:30:57.202,30,Safe
25.82,6.08,25.15,547.37,4.29,2026-03-28 21:33:57.202,30,Safe
25.74,6.09,22.31,546.32,0.6,2026-03-28 21:36:57.202,30,Safe
25.74,6.1,20.63,546.56,2.66,2026-03-28 21:39:57.202,30,Safe
25.65,6.09,19.62,547.04,3.34,2026-03-28 21:42:57.202,15,Safe
25.65,6.09,18.22,548.3,4.06,2026-03-28 21:45:57.202,15,Safe
25.73,6.08,21.6,548.92,0.73,2026-03-28 21:48:57.202,30,Safe
25.7,6.08,21.6,547.68,1.73,2026-03-28 21:51:57.202,30,Safe
25.72,6.07,21.5,547.1,3.01,2026-03-28 21:54:57.202,30,Safe
25.71,6.07,18.42,547.18,0.93,2026-03-28 21:57:57.202,15,Safe
25.68,6.08,17.95,546.22,1.49,2026-03-28 22:00:57.202,15,Safe
25.64,6.09,22.55,545.68,0.5,2026-03-28 22:03:57.202,30,Safe
25.69,6.09,19.75,546.07,0.96,2026-03-28 22:06:57.202,15,Safe
25.68,6.07,18.54,545.61,1.91,2026-03-28 22:09:57.202,15,Safe
25.72,6.06,17.46,545.37,4.86,2026-03-28 22:12:57.202,15,Safe
25.63,6.06,21.22,545.65,3.58,2026-03-28 22:15:57.202,30,Safe
25.67,6.06,19.19,545.7,3.46,2026-03-28 22:18:57.202,15,Safe
25.68,6.07,19.73,544.85,1.52,2026-03-28 22:21:57.202,15,Safe
25.77,6.07,17.28,546.84,2.15,2026-03-28 22:24:57.202,15,Safe
25.82,6.08,17.8,546.67,2.93,2026-03-28 22:27:57.202,15,Safe
25.82,6.07,18.43,547.29,2.76,2026-03-28 22:30:57.202,15,Safe
25.64,6.08,19.91,546.56,2.55,2026-03-28 22:33:57.202,15,Safe
25.68,6.09,20.06,548.3,4.39,2026-03-28 22:36:57.202,30,Safe
25.76,6.09,18.15,549.65,0.76,2026-03-28 22:39:57.202,15,Safe
25.8,6.08,20.85,549.76,4.03,2026-03-28 22:42:57.202,30,Safe
25.71,6.11,19.78,550.23,1.22,2026-03-28 22:45:57.202,15,Safe
25.71,6.11,20.85,550.9,1.21,2026-03-28 22:48:57.202,30,Safe
25.7,6.14,19.56,551.6,2.21,2026-03-28 22:51:57.202,15,Safe
25.72,6.16,18.23,553.45,0.18,2026-03-28 22:54:57.202,15,Safe
25.73,6.18,20.01,553.33,2.78,2026-03-28 22:57:57.202,30,Safe
25.64,6.18,21.3,554.72,1.53,2026-03-28 23:00:57.202,30,Safe
25.62,6.15,21.27,554.43,2.68,2026-03-28 23:03:57.202,30,Safe
25.68,6.16,18.36,556.55,1.52,2026-03-28 23:06:57.202,15,Safe
25.63,6.18,18.74,557.97,2.32,2026-03-28 23:09:57.202,15,Safe
25.52,6.19,18.66,559.44,1.6,2026-03-28 23:12:57.202,15,Safe
25.6,6.19,20.6,560.34,4.01,2026-03-28 23:15:57.202,30,Safe
25.61,6.18,20.46,560.21,4.02,2026-03-28 23:18:57.202,30,Safe
25.59,6.17,18.54,560.18,1.73,2026-03-28 23:21:57.202,15,Safe
25.71,6.16,23.1,560.55,4.86,2026-03-28 23:24:57.202,30,Safe
25.68,6.18,19.55,561.97,3.37,2026-03-28 23:27:57.202,15,Safe
25.6,6.19,22.45,561.38,113.14,2026-03-28 23:30:57.202,30,Safe
25.69,6.2,20.2,560.36,20.87,2026-03-28 23:33:57.202,30,Safe
25.66,6.17,19.89,560.35,98.72,2026-03-28 23:36:57.202,15,Safe
25.57,6.2,17.71,561.72,109.96,2026-03-28 23:39:57.202,15,Safe
25.61,6.23,17.98,562.64,114.81,2026-03-28 23:42:57.202,15,Safe
25.62,6.23,19.25,562.53,35.78,2026-03-28 23:45:57.202,15,Safe
25.64,6.23,19.46,560.97,25.68,2026-03-28 23:48:57.202,15,Safe
25.79,6.22,18.38,560.85,34.55,2026-03-28 23:51:57.202,15,Safe
25.71,6.23,20.58,560.93,75.79,2026-03-28 23:54:57.202,30,Safe
25.62,6.22,18.27,560.8,107.37,2026-03-28 23:57:57.202,15,Safe
25.62,6.24,18.96,561.16,98.51,2026-03-29 00:00:57.202,15,Safe
25.73,6.24,17.95,560.14,66.59,2026-03-29 00:03:57.202,15,Safe
25.67,6.21,19.66,560.11,66.59,2026-03-29 00:06:57.202,15,Safe
25.61,6.21,20.97,560.73,91.45,2026-03-29 00:09:57.202,30,Safe
25.62,6.19,21.3,560.47,40.45,2026-03-29 00:12:57.202,30,Safe
25.66,6.2,20.72,560.23,35.77,2026-03-29 00:15:57.202,30,Safe
25.76,6.18,18.77,560.73,115.5,2026-03-29 00:18:57.202,15,Safe
25.69,6.2,18.23,559.53,109.33,2026-03-29 00:21:57.202,15,Safe
25.72,6.2,17.26,559.03,16.35,2026-03-29 00:24:57.202,15,Safe
25.74,6.21,21.08,559.36,79.78,2026-03-29 00:27:57.202,30,Safe
25.74,6.19,19.74,558.59,66.37,2026-03-29 00:30:57.202,15,Safe
25.75,6.18,18.2,558.33,98.01,2026-03-29 00:33:57.202,15,Safe
25.72,6.18,19.24,558.95,85.8,2026-03-29 00:36:57.202,15,Safe
25.71,6.2,20.93,559.98,45.64,2026-03-29 00:39:57.202,30,Safe
25.68,6.2,18.82,560.27,18.92,2026-03-29 00:42:57.202,15,Safe
25.67,6.2,19.45,559.88,15.18,2026-03-29 00:45:57.202,15,Safe
25.61,6.22,19.61,560.76,49.19,2026-03-29 00:48:57.202,15,Safe
25.64,6.23,19.58,560.34,70.31,2026-03-29 00:51:57.202,15,Safe
25.55,6.22,19.88,560.04,16.5,2026-03-29 00:54:57.202,15,Safe
25.61,6.21,21.61,559.56,61.19,2026-03-29 00:57:57.202,30,Safe
25.6,6.21,22.2,559.74,67.39,2026-03-29 01:00:57.202,30,Safe
25.6,6.19,19.0,559.73,64.53,2026-03-29 01:03:57.202,15,Safe
25.61,6.18,22.33,558.52,108.21,2026-03-29 01:06:57.202,30,Safe
25.59,6.17,19.34,558.59,85.68,2026-03-29 01:09:57.202,15,Safe
25.61,6.19,20.23,557.82,43.03,2026-03-29 01:12:57.202,30,Safe
25.71,6.17,18.96,556.9,101.88,2026-03-29 01:15:57.202,15,Safe
25.71,6.18,17.56,556.96,106.08,2026-03-29 01:18:57.202,15,Safe
25.74,6.14,20.3,556.21,71.77,2026-03-29 01:21:57.202,30,Safe
25.65,6.12,20.34,555.68,86.93,2026-03-29 01:24:57.202,30,Safe
25.69,6.11,19.6,555.51,39.05,2026-03-29 01:27:57.202,15,Safe
25.71,6.12,18.87,555.67,534.8,2026-03-29 01:30:57.202,15,Safe
25.68,6.1,18.01,555.65,346.72,2026-03-29 01:33:57.202,15,Safe
25.76,6.11,18.4,555.11,571.21,2026-03-29 01:36:57.202,15,Safe
25.65,6.11,20.98,555.1,704.77,2026-03-29 01:39:57.202,30,Safe
25.61,6.11,18.82,555.12,749.06,2026-03-29 01:42:57.202,15,Safe
25.73,6.1,20.65,555.3,754.6,2026-03-29 01:45:57.202,30,Safe
25.75,6.09,20.44,555.73,268.51,2026-03-29 01:48:57.202,30,Safe
25.63,6.11,18.56,556.02,509.17,2026-03-29 01:51:57.202,15,Safe
25.66,6.1,19.15,557.16,415.04,2026-03-29 01:54:57.202,15,Safe
25.68,6.12,21.79,557.26,229.79,2026-03-29 01:57:57.202,30,Safe
25.72,6.1,20.71,556.75,460.16,2026-03-29 02:00:57.202,30,Safe
25.73,6.1,21.72,556.91,640.18,2026-03-29 02:03:57.202,30,Safe
25.71,6.09,19.18,557.12,889.93,2026-03-29 02:06:57.202,15,Safe
25.67,6.1,18.63,556.91,677.71,2026-03-29 02:09:57.202,15,Safe
25.68,6.1,20.75,556.93,778.08,2026-03-29 02:12:57.202,30,Safe
25.66,6.09,20.15,557.14,709.92,2026-03-29 02:15:57.202,30,Safe
25.69,6.12,21.55,557.24,771.81,2026-03-29 02:18:57.202,30,Safe
25.65,6.12,18.75,557.05,476.48,2026-03-29 02:21:57.202,15,Safe
25.68,6.13,20.4,557.93,551.86,2026-03-29 02:24:57.202,30,Safe
25.7,6.14,19.54,557.55,730.36,2026-03-29 02:27:57.202,15,Safe
25.61,6.12,31.05,561.29,2637.11,2026-03-29 02:30:57.202,45,Moderate
25.57,6.11,29.43,567.26,2359.47,2026-03-29 02:33:57.202,30,Safe
25.59,6.07,28.14,569.37,2028.54,2026-03-29 02:36:57.202,30,Safe
25.53,6.08,30.47,574.16,2345.52,2026-03-29 02:39:57.202,45,Moderate
25.67,6.07,34.59,576.31,2741.72,2026-03-29 02:42:57.202,45,Moderate
25.65,6.06,35.21,579.02,2846.06,2026-03-29 02:45:57.202,45,Moderate
25.72,6.06,32.28,583.02,1956.97,2026-03-29 02:48:57.202,45,Moderate
25.74,6.08,34.87,587.78,2999.51,2026-03-29 02:51:57.202,45,Moderate
25.81,6.06,32.2,592.19,1624.64,2026-03-29 02:54:57.202,45,Moderate
25.68,6.03,31.16,594.36,1378.81,2026-03-29 02:57:57.202,45,Moderate
25.64,6.04,38.05,598.89,2027.89,2026-03-29 03:00:57.202,45,Moderate
25.64,6.05,27.35,599.83,2132.23,2026-03-29 03:03:57.202,30,Safe
25.77,6.03,27.19,599.12,2915.48,2026-03-29 03:06:57.202,30,Safe
25.69,6.03,27.91,600.91,2736.92,2026-03-29 03:09:57.202,30,Safe
25.7,6.04,28.84,600.59,2889.19,2026-03-29 03:12:57.202,30,Safe
25.56,6.03,26.57,600.52,2264.8,2026-03-29 03:15:57.202,30,Safe
25.67,6.03,26.21,600.16,2474.62,2026-03-29 03:18:57.202,30,Safe
25.62,6.04,28.37,599.74,2625.54,2026-03-29 03:21:57.202,30,Safe
25.55,6.04,29.07,599.61,2562.44,2026-03-29 03:24:57.202,30,Safe
25.6,6.03,27.78,599.63,2096.03,2026-03-29 03:27:57.202,30,Safe
25.61,6.05,27.96,599.04,1454.75,2026-03-29 03:30:57.202,30,Safe
25.57,6.04,27.87,600.5,2645.85,2026-03-29 03:33:57.202,30,Safe
25.59,6.02,27.12,599.63,1850.48,2026-03-29 03:36:57.202,30,Safe
25.63,6.0,25.55,599.56,2422.02,2026-03-29 03:39:57.202,30,Safe
25.74,6.0,25.82,598.82,2736.74,2026-03-29 03:42:57.202,30,Safe
25.64,6.0,28.86,598.78,1766.4,2026-03-29 03:45:57.202,30,Safe
25.66,6.0,25.96,599.82,1805.81,2026-03-29 03:48:57.202,30,Safe
25.75,6.0,27.59,599.64,2253.73,2026-03-29 03:51:57.202,30,Safe
25.77,6.01,24.83,600.56,1469.85,2026-03-29 03:54:57.202,30,Safe
25.78,6.0,24.04,601.26,2553.21,2026-03-29 03:57:57.202,30,Safe
25.78,6.0,29.21,601.08,1948.15,2026-03-29 04:00:57.202,30,Safe
25.82,6.0,25.93,601.66,1948.15,2026-03-29 04:03:57.202,30,Safe
25.71,6.02,26.17,602.01,1858.15,2026-03-29 04:06:57.202,30,Safe
25.7,6.03,26.09,601.98,2663.29,2026-03-29 04:09:57.202,30,Safe
25.83,6.04,28.12,601.66,2422.83,2026-03-29 04:12:57.202,30,Safe
25.8,6.0,23.14,602.64,2917.95,2026-03-29 04:15:57.202,30,Safe
25.89,6.0,26.6,604.25,2051.61,2026-03-29 04:18:57.202,30,Safe
25.77,6.0,25.58,603.58,2382.35,2026-03-29 04:21:57.202,30,Safe
25.7,6.01,27.81,604.85,2645.2,2026-03-29 04:24:57.202,30,Safe
25.72,6.01,26.86,606.0,1853.9,2026-03-29 04:27:57.202,30,Safe
25.74,6.01,26.93,606.56,2686.61,2026-03-29 04:30:57.202,30,Safe
25.8,6.01,23.91,607.75,2317.55,2026-03-29 04:33:57.202,30,Safe
25.8,6.0,26.51,607.32,2954.41,2026-03-29 04:36:57.202,30,Safe
25.9,6.0,23.43,607.73,1841.33,2026-03-29 04:39:57.202,30,Safe
25.81,6.0,25.67,608.96,2783.24,2026-03-29 04:42:57.202,30,Safe
25.86,6.0,29.01,608.33,1766.19,2026-03-29 04:45:57.202,30,Safe
25.9,6.0,27.29,609.59,2541.11,2026-03-29 04:48:57.202,30,Safe
26.0,6.0,26.89,609.67,1792.1,2026-03-29 04:51:57.202,30,Safe
25.93,6.0,25.53,609.52,1945.35,2026-03-29 04:54:57.202,30,Safe
25.96,6.0,24.36,609.82,2583.84,2026-03-29 04:57:57.202,30,Safe
25.97,6.0,25.53,610.46,2704.12,2026-03-29 05:00:57.202,30,Safe
25.87,6.0,28.09,611.5,1869.33,2026-03-29 05:03:57.202,30,Safe
25.88,6.0,27.92,611.81,2050.18,2026-03-29 05:06:57.202,30,Safe
25.94,6.0,24.68,611.33,1375.27,2026-03-29 05:09:57.202,30,Safe
25.93,6.02,27.81,610.93,2659.29,2026-03-29 05:12:57.202,30,Safe
25.91,6.02,26.07,611.86,2512.6,2026-03-29 05:15:57.202,30,Safe
25.98,6.02,25.9,612.1,2652.77,2026-03-29 05:18:57.202,30,Safe
25.98,6.0,25.05,613.23,2676.19,2026-03-29 05:21:57.202,30,Safe
25.76,6.0,27.03,613.92,1842.49,2026-03-29 05:24:57.202,30,Safe
25.79,6.0,23.07,614.83,2875.52,2026-03-29 05:27:57.202,30,Safe
25.86,6.0,22.94,615.44,2336.09,2026-03-29 05:30:57.202,30,Safe
25.89,6.0,26.26,615.43,2301.87,2026-03-29 05:33:57.202,30,Safe
26.01,6.0,25.91,615.46,2485.02,2026-03-29 05:36:57.202,30,Safe
26.0,6.0,23.3,615.61,2145.94,2026-03-29 05:39:57.202,30,Safe
25.99,6.0,26.44,615.5,2409.63,2026-03-29 05:42:57.202,30,Safe
25.97,6.0,24.39,614.42,1312.05,2026-03-29 05:45:57.202,30,Safe
26.05,6.0,26.63,614.14,2292.7,2026-03-29 05:48:57.202,30,Safe
26.0,6.0,25.21,614.69,2862.49,2026-03-29 05:51:57.202,30,Safe
25.9,6.01,23.18,614.32,2118.62,2026-03-29 05:54:57.202,30,Safe
25.89,6.01,22.83,614.48,1642.89,2026-03-29 05:57:57.202,30,Safe
25.83,6.04,28.59,615.38,2566.88,2026-03-29 06:00:57.202,30,Safe
25.92,6.05,27.22,615.38,2308.87,2026-03-29 06:03:57.202,30,Safe
25.9,6.05,27.09,615.58,2375.82,2026-03-29 06:06:57.202,30,Safe
25.87,6.05,27.46,615.76,2598.05,2026-03-29 06:09:57.202,30,Safe
25.97,6.05,26.91,616.98,2184.2,2026-03-29 06:12:57.202,30,Safe
26.05,6.06,26.34,617.85,2172.64,2026-03-29 06:15:57.202,30,Safe
25.87,6.05,24.15,618.41,2083.11,2026-03-29 06:18:57.202,30,Safe
25.89,6.03,25.16,619.35,2259.84,2026-03-29 06:21:57.202,30,Safe
25.84,6.01,26.08,618.9,2919.4,2026-03-29 06:24:57.202,30,Safe
25.83,6.0,23.93,619.51,2483.47,2026-03-29 06:27:57.202,30,Safe
25.89,6.01,22.5,618.79,1952.86,2026-03-29 06:30:57.202,30,Safe
25.93,6.02,25.24,620.35,2424.55,2026-03-29 06:33:57.202,30,Safe
25.94,6.02,23.64,620.85,2609.96,2026-03-29 06:36:57.202,30,Safe
26.02,6.03,23.97,621.01,2407.49,2026-03-29 06:39:57.202,30,Safe
25.87,6.0,26.63,622.44,3106.91,2026-03-29 06:42:57.202,30,Safe
25.86,6.0,22.3,621.76,2224.29,2026-03-29 06:45:57.202,30,Safe
25.85,6.0,24.42,620.83,2494.88,2026-03-29 06:48:57.202,30,Safe
25.95,6.0,23.95,621.7,2450.88,2026-03-29 06:51:57.202,30,Safe
25.99,6.01,25.12,622.46,1957.44,2026-03-29 06:54:57.202,30,Safe
25.96,6.01,22.38,623.24,2776.86,2026-03-29 06:57:57.202,30,Safe
25.91,6.01,26.95,622.99,2729.14,2026-03-29 07:00:57.202,30,Safe
25.98,6.04,27.36,622.25,1318.83,2026-03-29 07:03:57.202,30,Safe
25.95,6.05,22.58,623.18,1228.18,2026-03-29 07:06:57.202,30,Safe
25.91,6.05,23.38,623.5,1803.87,2026-03-29 07:09:57.202,30,Safe
25.85,6.07,22.7,623.3,2309.05,2026-03-29 07:12:57.202,30,Safe
25.85,6.08,23.99,622.08,2847.09,2026-03-29 07:15:57.202,30,Safe
25.89,6.09,22.01,621.95,2162.26,2026-03-29 07:18:57.202,30,Safe
25.94,6.1,23.63,621.92,2598.96,2026-03-29 07:21:57.202,30,Safe
25.95,6.09,22.67,622.88,2656.47,2026-03-29 07:24:57.202,30,Safe
25.94,6.08,22.77,623.88,2661.46,2026-03-29 07:27:57.202,30,Safe
25.88,6.05,28.31,623.48,1855.88,2026-03-29 07:30:57.202,30,Safe
25.98,6.06,23.6,623.24,2866.41,2026-03-29 07:33:57.202,30,Safe
26.01,6.03,24.99,623.58,2378.78,2026-03-29 07:36:57.202,30,Safe
25.95,6.05,23.19,622.63,1779.24,2026-03-29 07:39:57.202,30,Safe
25.91,6.03,23.56,624.27,2593.1,2026-03-29 07:42:57.202,30,Safe
25.98,6.02,22.79,623.93,1925.99,2026-03-29 07:45:57.202,30,Safe
26.02,6.03,22.33,624.22,2615.48,2026-03-29 07:48:57.202,30,Safe
26.05,6.05,24.13,625.79,2073.51,2026-03-29 07:51:57.202,30,Safe
25.93,6.08,21.31,625.88,2029.62,2026-03-29 07:54:57.202,30,Safe
25.95,6.08,21.99,625.52,1871.49,2026-03-29 07:57:57.202,30,Safe
25.86,6.08,23.46,625.53,1871.49,2026-03-29 08:00:57.202,30,Safe
25.81,6.07,23.49,624.9,2156.33,2026-03-29 08:03:57.202,30,Safe
25.9,6.1,22.88,624.62,1778.99,2026-03-29 08:06:57.202,30,Safe
25.88,6.11,24.38,625.85,1863.63,2026-03-29 08:09:57.202,30,Safe
25.93,6.1,23.07,625.56,1776.1,2026-03-29 08:12:57.202,30,Safe
25.92,6.11,23.99,625.83,1736.47,2026-03-29 08:15:57.202,30,Safe
25.9,6.11,23.98,627.1,1976.66,2026-03-29 08:18:57.202,30,Safe
25.91,6.11,25.76,627.19,1694.59,2026-03-29 08:21:57.202,30,Safe
25.96,6.12,23.97,626.87,1976.57,2026-03-29 08:24:57.202,30,Safe
25.86,6.14,23.29,626.48,1295.78,2026-03-29 08:27:57.202,30,Safe
25.9,6.18,25.38,626.09,1742.26,2026-03-29 08:30:57.202,30,Safe
25.95,6.17,21.69,627.31,2580.54,2026-03-29 08:33:57.202,30,Safe
25.92,6.18,23.76,627.67,2752.81,2026-03-29 08:36:57.202,30,Safe
25.86,6.16,21.79,627.73,1900.15,2026-03-29 08:39:57.202,30,Safe
25.89,6.15,21.85,628.87,1530.47,2026-03-29 08:42:57.202,30,Safe
25.96,6.17,20.59,627.54,1545.5,2026-03-29 08:45:57.202,30,Safe
25.95,6.14,23.3,627.36,1745.92,2026-03-29 08:48:57.202,30,Safe
25.82,6.13,22.65,626.59,2898.6,2026-03-29 08:51:57.202,30,Safe
25.85,6.1,25.1,625.96,3019.62,2026-03-29 08:54:57.202,30,Safe
25.99,6.11,24.29,625.06,1455.6,2026-03-29 08:57:57.202,30,Safe
25.92,6.11,22.49,626.28,2957.27,2026-03-29 09:00:57.202,30,Safe
25.93,6.11,22.17,625.86,2738.27,2026-03-29 09:03:57.202,30,Safe
26.04,6.12,22.68,624.72,3223.54,2026-03-29 09:06:57.202,30,Safe
26.09,6.11,24.63,624.28,2999.92,2026-03-29 09:09:57.202,30,Safe
26.02,6.1,21.63,624.61,1905.69,2026-03-29 09:12:57.202,30,Safe
26.0,6.1,22.35,625.86,2942.09,2026-03-29 09:15:57.202,30,Safe
25.98,6.08,23.73,624.78,2995.33,2026-03-29 09:18:57.202,30,Safe
25.92,6.07,19.55,625.57,2151.47,2026-03-29 09:21:57.202,15,Safe
25.92,6.06,20.35,626.05,2662.15,2026-03-29 09:24:57.202,30,Safe
25.87,6.08,19.52,625.82,1781.18,2026-03-29 09:27:57.202,15,Safe
25.87,6.06,19.1,625.14,2434.5,2026-03-29 09:30:57.202,15,Safe
25.89,6.06,23.16,625.8,1595.92,2026-03-29 09:33:57.202,30,Safe
25.91,6.05,20.71,626.31,1822.82,2026-03-29 09:36:57.202,30,Safe
25.8,6.05,24.63,626.25,2502.7,2026-03-29 09:39:57.202,30,Safe
25.87,6.04,20.87,627.91,1602.15,2026-03-29 09:42:57.202,30,Safe
25.9,6.04,22.49,627.56,1544.08,2026-03-29 09:45:57.202,30,Safe
25.93,6.03,21.95,627.35,2072.53,2026-03-29 09:48:57.202,30,Safe
25.91,6.03,26.53,629.89,2755.83,2026-03-29 09:51:57.202,30,Safe
25.88,6.04,22.36,629.57,2424.43,2026-03-29 09:54:57.202,30,Safe
25.93,6.04,19.63,628.22,2743.95,2026-03-29 09:57:57.202,15,Safe
25.95,6.02,23.12,628.69,3111.65,2026-03-29 10:00:57.202,30,Safe
25.94,6.01,22.32,626.24,1814.12,2026-03-29 10:03:57.202,30,Safe
25.94,6.04,23.98,626.21,1461.27,2026-03-29 10:06:57.202,30,Safe
25.92,6.01,21.31,626.62,1373.45,2026-03-29 10:09:57.202,30,Safe
25.91,6.0,22.03,627.05,2853.51,2026-03-29 10:12:57.202,30,Safe
26.03,6.02,23.34,625.55,1595.77,2026-03-29 10:15:57.202,30,Safe
26.02,6.01,22.14,624.52,3121.05,2026-03-29 10:18:57.202,30,Safe
25.97,6.01,20.73,624.46,2377.68,2026-03-29 10:21:57.202,30,Safe
26.0,6.0,22.21,623.75,2074.17,2026-03-29 10:24:57.202,30,Safe
25.96,6.0,24.72,624.75,1478.46,2026-03-29 10:27:57.202,30,Safe
25.95,6.0,19.98,624.01,1855.89,2026-03-29 10:30:57.202,15,Safe
26.07,6.01,20.21,624.81,2660.91,2026-03-29 10:33:57.202,30,Safe
26.05,6.0,21.54,624.59,2207.03,2026-03-29 10:36:57.202,30,Safe
25.96,6.0,20.72,626.07,1869.28,2026-03-29 10:39:57.202,30,Safe
25.85,6.0,19.4,624.9,2184.95,2026-03-29 10:42:57.202,15,Safe
25.89,6.0,20.88,625.01,3014.05,2026-03-29 10:45:57.202,30,Safe
25.93,6.01,23.39,625.12,2159.93,2026-03-29 10:48:57.202,30,Safe
25.95,6.01,20.61,625.69,2016.18,2026-03-29 10:51:57.202,30,Safe
26.0,6.03,22.86,625.73,3159.02,2026-03-29 10:54:57.202,30,Safe
26.01,6.03,23.81,626.49,1713.31,2026-03-29 10:57:57.202,30,Safe
26.0,6.05,19.7,625.95,2936.12,2026-03-29 11:00:57.202,15,Safe
25.96,6.06,20.05,625.59,2490.8,2026-03-29 11:03:57.202,30,Safe
25.88,6.05,17.42,625.89,1854.84,2026-03-29 11:06:57.202,15,Safe
25.98,6.03,19.61,625.68,2781.76,2026-03-29 11:09:57.202,15,Safe
25.91,6.04,19.23,626.8,2092.41,2026-03-29 11:12:57.202,15,Safe
25.95,6.05,20.27,626.83,1711.49,2026-03-29 11:15:57.202,30,Safe
25.97,6.05,22.0,627.3,1471.59,2026-03-29 11:18:57.202,30,Safe
25.92,6.06,18.91,627.61,2695.95,2026-03-29 11:21:57.202,15,Safe
25.93,6.09,20.62,627.1,2379.58,2026-03-29 11:24:57.202,30,Safe
25.95,6.09,19.74,628.09,1832.38,2026-03-29 11:27:57.202,15,Safe
25.91,6.1,22.93,627.49,1832.38,2026-03-29 11:30:57.202,30,Safe
25.79,6.11,21.85,628.3,1334.95,2026-03-29 11:33:57.202,30,Safe
25.78,6.12,21.1,627.58,2013.65,2026-03-29 11:36:57.202,30,Safe
25.72,6.13,20.72,627.57,2321.0,2026-03-29 11:39:57.202,30,Safe
25.74,6.12,21.72,628.0,2291.94,2026-03-29 11:42:57.202,30,Safe
25.72,6.12,21.07,628.89,2254.48,2026-03-29 11:45:57.202,30,Safe
25.69,6.13,19.52,627.91,2371.56,2026-03-29 11:48:57.202,15,Safe
25.67,6.13,20.53,628.54,1380.3,2026-03-29 11:51:57.202,30,Safe
25.67,6.15,21.94,628.85,1840.21,2026-03-29 11:54:57.202,30,Safe
25.67,6.16,23.51,629.23,1576.27,2026-03-29 11:57:57.202,30,Safe
25.62,6.18,19.97,629.51,1664.32,2026-03-29 12:00:57.202,15,Safe
25.75,6.16,20.21,629.63,2008.77,2026-03-29 12:03:57.202,30,Safe
25.59,6.17,22.25,629.54,2138.73,2026-03-29 12:06:57.202,30,Safe
25.73,6.17,19.44,629.68,1333.79,2026-03-29 12:09:57.202,15,Safe
25.62,6.21,17.97,630.13,1655.75,2026-03-29 12:12:57.202,15,Safe
25.68,6.21,21.12,630.22,1260.64,2026-03-29 12:15:57.202,30,Safe
25.66,6.22,17.7,630.05,1626.3,2026-03-29 12:18:57.202,15,Safe
25.71,6.2,19.12,630.34,1187.47,2026-03-29 12:21:57.202,15,Safe
25.75,6.2,21.63,629.83,1855.35,2026-03-29 12:24:57.202,30,Safe
25.75,6.21,21.18,629.15,1999.39,2026-03-29 12:27:57.202,30,Safe
25.66,6.22,28.46,633.0,118.62,2026-03-29 12:30:57.202,30,Safe
25.58,6.18,29.18,638.95,157.73,2026-03-29 12:33:57.202,30,Safe
25.65,6.13,33.47,642.44,162.71,2026-03-29 12:36:57.202,45,Moderate
25.61,6.14,30.52,644.98,83.15,2026-03-29 12:39:57.202,45,Moderate
25.71,6.14,34.96,648.14,99.89,2026-03-29 12:42:57.202,45,Moderate
25.76,6.15,32.54,651.73,153.43,2026-03-29 12:45:57.202,45,Moderate
25.84,6.13,34.58,654.86,136.76,2026-03-29 12:48:57.202,45,Moderate
25.75,6.12,32.73,658.67,130.22,2026-03-29 12:51:57.202,45,Moderate
25.64,6.09,31.32,663.32,82.13,2026-03-29 12:54:57.202,45,Moderate
25.76,6.09,35.89,668.36,103.2,2026-03-29 12:57:57.202,45,Moderate
25.71,6.08,34.93,671.39,84.56,2026-03-29 13:00:57.202,45,Moderate
25.69,6.08,27.43,671.04,137.74,2026-03-29 13:03:57.202,30,Safe
25.75,6.07,26.89,672.18,71.44,2026-03-29 13:06:57.202,30,Safe
25.87,6.07,28.4,672.03,108.85,2026-03-29 13:09:57.202,30,Safe
25.91,6.05,25.21,672.74,175.63,2026-03-29 13:12:57.202,30,Safe
25.76,6.07,25.92,671.7,87.89,2026-03-29 13:15:57.202,30,Safe
25.77,6.06,24.75,673.14,105.31,2026-03-29 13:18:57.202,30,Safe
25.61,6.06,26.12,675.18,52.4,2026-03-29 13:21:57.202,30,Safe
25.56,6.07,25.35,675.91,47.34,2026-03-29 13:24:57.202,30,Safe
25.64,6.1,26.86,676.62,173.58,2026-03-29 13:27:57.202,30,Safe
25.59,6.07,27.78,676.58,1.34,2026-03-29 13:30:57.202,30,Safe
25.74,6.05,26.12,677.94,15.41,2026-03-29 13:33:57.202,30,Safe
25.68,6.07,27.07,678.53,200.1,2026-03-29 13:36:57.202,30,Safe
25.65,6.07,28.38,678.51,9.61,2026-03-29 13:39:57.202,30,Safe
25.68,6.06,27.48,678.63,19.86,2026-03-29 13:42:57.202,30,Safe
25.68,6.04,25.73,679.42,11.65,2026-03-29 13:45:57.202,30,Safe
25.7,6.03,25.76,679.37,13.13,2026-03-29 13:48:57.202,30,Safe
25.69,6.01,26.77,680.45,7.45,2026-03-29 13:51:57.202,30,Safe
25.67,6.0,27.16,679.49,16.44,2026-03-29 13:54:57.202,30,Safe
25.68,6.0,27.16,679.79,137.13,2026-03-29 13:57:57.202,30,Safe
25.55,6.0,28.6,679.62,7.68,2026-03-29 14:00:57.202,30,Safe
25.54,6.03,26.82,678.58,1.96,2026-03-29 14:03:57.202,30,Safe
25.57,6.04,28.65,678.41,18.69,2026-03-29 14:06:57.202,30,Safe
25.71,6.04,27.88,679.46,250.69,2026-03-29 14:09:57.202,30,Safe
25.62,6.04,27.84,679.55,139.78,2026-03-29 14:12:57.202,30,Safe
25.64,6.04,23.28,680.1,275.4,2026-03-29 14:15:57.202,30,Safe
25.67,6.03,26.57,680.02,11.82,2026-03-29 14:18:57.202,30,Safe
25.7,6.01,23.96,679.37,17.8,2026-03-29 14:21:57.202,30,Safe
25.74,6.02,23.7,679.68,15.62,2026-03-29 14:24:57.202,30,Safe
25.76,6.01,26.64,679.59,16.63,2026-03-29 14:27:57.202,30,Safe
25.71,6.0,25.61,678.93,4.74,2026-03-29 14:30:57.202,30,Safe
25.66,6.0,27.89,678.18,216.25,2026-03-29 14:33:57.202,30,Safe
25.68,6.0,25.68,677.82,13.45,2026-03-29 14:36:57.202,30,Safe
25.64,6.01,23.92,676.78,14.75,2026-03-29 14:39:57.202,30,Safe
25.67,6.0,26.05,676.29,1.32,2026-03-29 14:42:57.202,30,Safe
25.64,6.01,23.36,677.0,9.12,2026-03-29 14:45:57.202,30,Safe
25.74,6.01,26.07,676.73,95.36,2026-03-29 14:48:57.202,30,Safe
25.68,6.02,26.81,677.31,183.69,2026-03-29 14:51:57.202,30,Safe
25.61,6.02,27.39,678.45,1.86,2026-03-29 14:54:57.202,30,Safe
25.58,6.0,27.83,676.81,16.68,2026-03-29 14:57:57.202,30,Safe
25.72,6.0,26.67,677.99,12.36,2026-03-29 15:00:57.202,30,Safe
25.59,6.02,24.75,678.72,13.61,2026-03-29 15:03:57.202,30,Safe
25.63,6.04,24.45,677.82,13.85,2026-03-29 15:06:57.202,30,Safe
25.69,6.01,26.06,677.01,6.4,2026-03-29 15:09:57.202,30,Safe
25.74,6.0,25.91,676.25,5.52,2026-03-29 15:12:57.202,30,Safe
25.69,6.0,27.68,676.27,16.77,2026-03-29 15:15:57.202,30,Safe
25.61,6.01,26.97,676.49,4.88,2026-03-29 15:18:57.202,30,Safe
25.68,6.0,25.71,677.15,150.62,2026-03-29 15:21:57.202,30,Safe
25.65,6.03,25.2,677.48,164.12,2026-03-29 15:24:57.202,30,Safe
25.61,6.03,23.52,677.28,0.71,2026-03-29 15:27:57.202,30,Safe
25.59,6.01,26.56,679.09,18.81,2026-03-29 15:30:57.202,30,Safe
25.61,6.01,22.94,678.54,10.03,2026-03-29 15:33:57.202,30,Safe
25.59,6.02,27.82,678.75,15.62,2026-03-29 15:36:57.202,30,Safe
25.59,6.03,24.13,678.3,15.07,2026-03-29 15:39:57.202,30,Safe
25.65,6.02,24.84,676.93,1.67,2026-03-29 15:42:57.202,30,Safe
25.59,6.04,26.73,676.26,6.87,2026-03-29 15:45:57.202,30,Safe
25.56,6.02,27.35,676.73,0.49,2026-03-29 15:48:57.202,30,Safe
25.6,6.0,24.77,675.8,16.14,2026-03-29 15:51:57.202,30,Safe
25.57,6.0,24.25,675.26,18.66,2026-03-29 15:54:57.202,30,Safe
25.61,6.02,24.55,674.37,5.78,2026-03-29 15:57:57.202,30,Safe
25.76,6.0,27.21,674.33,8.35,2026-03-29 16:00:57.202,30,Safe
25.59,6.0,25.26,673.91,4.45,2026-03-29 16:03:57.202,30,Safe
25.63,6.0,25.37,673.58,1.26,2026-03-29 16:06:57.202,30,Safe
25.75,6.0,26.67,672.51,18.59,2026-03-29 16:09:57.202,30,Safe
25.72,6.0,24.31,672.0,14.9,2026-03-29 16:12:57.202,30,Safe
25.75,6.0,25.09,671.52,14.76,2026-03-29 16:15:57.202,30,Safe
25.62,6.0,24.05,671.31,7.44,2026-03-29 16:18:57.202,30,Safe
25.67,6.0,23.82,672.29,1.87,2026-03-29 16:21:57.202,30,Safe
25.62,6.0,26.41,670.83,10.65,2026-03-29 16:24:57.202,30,Safe
25.6,6.0,23.82,671.01,10.64,2026-03-29 16:27:57.202,30,Safe
25.72,6.01,20.75,670.57,2.52,2026-03-29 16:30:57.202,30,Safe
25.55,6.0,20.4,670.27,19.04,2026-03-29 16:33:57.202,30,Safe
25.61,6.0,22.13,669.81,10.01,2026-03-29 16:36:57.202,30,Safe
25.71,6.02,25.15,670.72,3.3,2026-03-29 16:39:57.202,30,Safe
25.63,6.02,22.67,671.13,9.56,2026-03-29 16:42:57.202,30,Safe
25.6,6.02,22.77,671.05,19.93,2026-03-29 16:45:57.202,30,Safe
25.58,6.03,23.34,671.54,10.22,2026-03-29 16:48:57.202,30,Safe
25.59,6.03,24.08,671.18,18.57,2026-03-29 16:51:57.202,30,Safe
25.6,6.03,25.08,670.55,7.19,2026-03-29 16:54:57.202,30,Safe
25.59,6.02,23.09,669.05,5.37,2026-03-29 16:57:57.202,30,Safe
25.6,6.0,25.42,669.3,19.92,2026-03-29 17:00:57.202,30,Safe
25.66,6.0,24.24,669.17,13.37,2026-03-29 17:03:57.202,30,Safe
25.6,6.0,21.05,669.89,9.33,2026-03-29 17:06:57.202,30,Safe
25.58,6.0,24.09,670.57,6.0,2026-03-29 17:09:57.202,30,Safe
25.58,6.0,21.96,670.97,11.27,2026-03-29 17:12:57.202,30,Safe
25.63,6.0,23.22,669.63,16.9,2026-03-29 17:15:57.202,30,Safe
25.62,6.01,23.48,669.37,4.77,2026-03-29 17:18:57.202,30,Safe
25.64,6.03,25.05,669.56,3.86,2026-03-29 17:21:57.202,30,Safe
25.67,6.02,25.69,669.75,9.5,2026-03-29 17:24:57.202,30,Safe
25.73,6.01,23.87,669.74,18.22,2026-03-29 17:27:57.202,30,Safe
25.84,6.0,23.89,670.41,5.47,2026-03-29 17:30:57.202,30,Safe
25.82,6.0,23.8,671.62,1.22,2026-03-29 17:33:57.202,30,Safe
25.78,6.0,21.68,671.78,2.43,2026-03-29 17:36:57.202,30,Safe
25.68,6.01,22.12,671.52,3.26,2026-03-29 17:39:57.202,30,Safe
25.66,6.0,24.08,671.28,15.49,2026-03-29 17:42:57.202,30,Safe
25.77,6.0,23.68,673.0,12.5,2026-03-29 17:45:57.202,30,Safe
25.6,6.0,23.01,673.18,7.31,2026-03-29 17:48:57.202,30,Safe
25.52,6.01,24.62,673.09,16.25,2026-03-29 17:51:57.202,30,Safe
25.65,6.0,22.08,672.42,13.1,2026-03-29 17:54:57.202,30,Safe
25.62,6.02,22.77,671.33,14.57,2026-03-29 17:57:57.202,30,Safe
25.67,6.02,23.16,671.51,13.38,2026-03-29 18:00:57.202,30,Safe
25.59,6.0,23.53,670.93,1.88,2026-03-29 18:03:57.202,30,Safe
25.59,6.0,22.11,670.67,2.39,2026-03-29 18:06:57.202,30,Safe
25.62,6.0,23.81,670.61,14.89,2026-03-29 18:09:57.202,30,Safe
25.58,6.0,24.24,671.68,12.26,2026-03-29 18:12:57.202,30,Safe
25.59,6.0,24.7,670.35,10.98,2026-03-29 18:15:57.202,30,Safe
25.61,6.0,21.33,669.43,17.15,2026-03-29 18:18:57.202,30,Safe
25.57,6.0,22.3,670.53,2.73,2026-03-29 18:21:57.202,30,Safe
25.56,6.01,24.03,670.54,19.68,2026-03-29 18:24:57.202,30,Safe
25.59,6.0,23.97,670.96,12.93,2026-03-29 18:27:57.202,30,Safe
25.65,6.01,35.39,672.5,3.87,2026-03-29 18:30:57.202,45,Moderate
25.67,6.01,32.49,673.69,4.96,2026-03-29 18:33:57.202,45,Moderate
25.53,6.03,30.57,674.53,4.15,2026-03-29 18:36:57.202,45,Moderate
25.54,6.04,35.68,674.25,3.54,2026-03-29 18:39:57.202,45,Moderate
25.51,6.04,30.01,675.7,2.73,2026-03-29 18:42:57.202,45,Moderate
25.59,6.03,33.8,677.25,3.27,2026-03-29 18:45:57.202,45,Moderate
25.66,6.01,35.81,677.91,3.12,2026-03-29 18:48:57.202,45,Moderate
25.58,6.0,37.2,678.02,1.51,2026-03-29 18:51:57.202,45,Moderate
25.51,6.0,37.31,678.47,0.16,2026-03-29 18:54:57.202,45,Moderate
25.56,6.03,31.87,679.54,2.69,2026-03-29 18:57:57.202,45,Moderate
25.61,6.03,31.78,679.91,4.9,2026-03-29 19:00:57.202,45,Moderate
25.6,6.02,35.16,680.41,3.72,2026-03-29 19:03:57.202,45,Moderate
25.65,6.0,29.67,681.48,1.77,2026-03-29 19:06:57.202,30,Safe
25.7,6.0,32.98,683.44,4.55,2026-03-29 19:09:57.202,45,Moderate
25.62,6.01,29.1,685.11,4.43,2026-03-29 19:12:57.202,30,Safe
25.63,6.0,35.99,687.46,1.08,2026-03-29 19:15:57.202,45,Moderate
25.55,6.01,36.48,687.82,0.01,2026-03-29 19:18:57.202,45,Moderate
25.53,6.0,32.92,687.27,2.45,2026-03-29 19:21:57.202,45,Moderate
25.55,6.0,29.94,688.31,3.67,2026-03-29 19:24:57.202,30,Safe
25.51,6.0,31.22,688.29,4.46,2026-03-29 19:27:57.202,45,Moderate
25.45,6.0,36.65,688.2,0.7,2026-03-29 19:30:57.202,45,Moderate
25.58,6.0,30.11,688.95,4.48,2026-03-29 19:33:57.202,45,Moderate
25.53,6.0,34.9,689.94,0.77,2026-03-29 19:36:57.202,45,Moderate
25.56,6.0,28.15,690.78,2.25,2026-03-29 19:39:57.202,30,Safe
25.43,6.0,31.55,692.48,4.86,2026-03-29 19:42:57.202,45,Moderate
25.41,6.0,35.44,692.61,0.38,2026-03-29 19:45:57.202,45,Moderate
25.54,6.0,29.32,693.96,1.18,2026-03-29 19:48:57.202,30,Safe
25.53,6.0,32.27,694.57,4.71,2026-03-29 19:51:57.202,45,Moderate
25.59,6.0,34.42,695.83,2.18,2026-03-29 19:54:57.202,45,Moderate
25.62,6.0,34.81,697.64,4.41,2026-03-29 19:57:57.202,45,Moderate
25.59,6.0,29.67,699.54,1.38,2026-03-29 20:00:57.202,30,Safe
25.59,6.0,31.98,700.51,1.37,2026-03-29 20:03:57.202,45,Moderate
25.56,6.0,31.44,700.9,4.48,2026-03-29 20:06:57.202,45,Moderate
25.61,6.0,31.46,700.69,4.46,2026-03-29 20:09:57.202,45,Moderate
25.64,6.0,38.39,699.39,4.19,2026-03-29 20:12:57.202,45,Moderate
25.61,6.02,36.37,700.28,0.09,2026-03-29 20:15:57.202,45,Moderate
25.58,6.0,33.02,701.37,1.99,2026-03-29 20:18:57.202,45,Moderate
25.64,6.0,30.42,701.8,2.78,2026-03-29 20:21:57.202,45,Moderate
25.72,6.0,36.34,702.45,3.6,2026-03-29 20:24:57.202,45,Moderate
25.65,6.0,35.42,703.51,1.13,2026-03-29 20:27:57.202,45,Moderate
25.58,6.0,36.7,705.15,2.53,2026-03-29 20:30:57.202,45,Moderate
25.6,6.0,36.31,705.49,2.53,2026-03-29 20:33:57.202,45,Moderate
25.6,6.03,37.02,706.77,2.63,2026-03-29 20:36:57.202,45,Moderate
25.56,6.02,30.03,708.3,1.16,2026-03-29 20:39:57.202,45,Moderate
25.48,6.03,36.41,709.2,4.52,2026-03-29 20:42:57.202,45,Moderate
25.52,6.02,33.39,709.45,1.96,2026-03-29 20:45:57.202,45,Moderate
25.56,6.02,29.88,710.03,2.21,2026-03-29 20:48:57.202,30,Safe
25.6,6.0,34.28,710.3,2.43,2026-03-29 20:51:57.202,45,Moderate
25.59,6.0,25.13,710.52,3.28,2026-03-29 20:54:57.202,30,Safe
25.58,6.0,31.01,711.23,2.05,2026-03-29 20:57:57.202,45,Moderate
25.62,6.0,31.96,712.45,4.35,2026-03-29 21:00:57.202,45,Moderate
25.58,6.01,31.68,713.09,2.72,2026-03-29 21:03:57.202,45,Moderate
25.64,6.0,35.72,713.7,2.1,2026-03-29 21:06:57.202,45,Moderate
25.65,6.0,34.99,715.38,2.89,2026-03-29 21:09:57.202,45,Moderate
25.7,6.0,37.23,715.86,4.83,2026-03-29 21:12:57.202,45,Moderate
25.68,6.0,28.18,716.68,0.14,2026-03-29 21:15:57.202,30,Safe
25.71,6.0,30.92,715.7,3.41,2026-03-29 21:18:57.202,45,Moderate
25.73,6.0,29.69,717.51,2.69,2026-03-29 21:21:57.202,30,Safe
25.7,6.0,32.13,718.66,2.68,2026-03-29 21:24:57.202,45,Moderate
25.69,6.0,26.23,719.18,4.85,2026-03-29 21:27:57.202,30,Safe
25.6,6.0,35.47,718.87,4.96,2026-03-29 21:30:57.202,45,Moderate
25.65,6.0,34.44,720.71,3.99,2026-03-29 21:33:57.202,45,Moderate
25.51,6.0,35.93,719.93,3.12,2026-03-29 21:36:57.202,45,Moderate
25.57,6.0,31.99,720.26,2.07,2026-03-29 21:39:57.202,45,Moderate
25.58,6.0,28.83,721.03,1.28,2026-03-29 21:42:57.202,30,Safe
25.5,6.0,33.12,721.3,2.34,2026-03-29 21:45:57.202,45,Moderate
25.54,6.0,30.78,721.97,3.27,2026-03-29 21:48:57.202,45,Moderate
25.61,6.0,32.99,722.69,0.17,2026-03-29 21:51:57.202,45,Moderate
25.54,6.01,34.8,722.98,4.98,2026-03-29 21:54:57.202,45,Moderate
25.64,6.0,32.9,725.47,2.31,2026-03-29 21:57:57.202,45,Moderate
25.71,6.0,36.01,727.24,0.86,2026-03-29 22:00:57.202,45,Moderate
25.77,6.0,35.93,729.63,0.37,2026-03-29 22:03:57.202,45,Moderate
25.64,6.0,32.68,731.58,3.12,2026-03-29 22:06:57.202,45,Moderate
25.67,6.01,28.34,731.86,3.48,2026-03-29 22:09:57.202,30,Safe
25.63,6.0,34.78,731.43,2.96,2026-03-29 22:12:57.202,45,Moderate
25.62,6.0,35.44,733.39,2.91,2026-03-29 22:15:57.202,45,Moderate
25.58,6.03,32.97,734.69,0.66,2026-03-29 22:18:57.202,45,Moderate
25.58,6.03,34.89,735.18,0.38,2026-03-29 22:21:57.202,45,Moderate
25.66,6.01,33.63,737.14,3.11,2026-03-29 22:24:57.202,45,Moderate
25.62,6.02,31.76,738.48,4.2,2026-03-29 22:27:57.202,45,Moderate
25.61,6.0,25.24,738.96,1.84,2026-03-29 22:30:57.202,30,Safe
25.58,6.01,29.52,740.0,3.86,2026-03-29 22:33:57.202,30,Safe
25.53,6.0,29.7,740.15,3.84,2026-03-29 22:36:57.202,30,Safe
25.61,6.0,32.69,741.35,4.5,2026-03-29 22:39:57.202,45,Moderate
25.62,6.0,27.78,743.27,0.01,2026-03-29 22:42:57.202,30,Safe
25.59,6.01,35.14,745.7,2.94,2026-03-29 22:45:57.202,45,Moderate
25.63,6.03,31.74,744.7,4.61,2026-03-29 22:48:57.202,45,Moderate
25.55,6.03,31.78,746.27,0.88,2026-03-29 22:51:57.202,45,Moderate
25.61,6.03,31.54,747.12,4.86,2026-03-29 22:54:57.202,45,Moderate
25.65,6.03,38.27,748.62,1.56,2026-03-29 22:57:57.202,45,Moderate
25.66,6.03,34.46,750.0,4.48,2026-03-29 23:00:57.202,45,Moderate
25.67,6.03,35.23,750.94,2.3,2026-03-29 23:03:57.202,45,Moderate
25.62,6.02,36.57,752.29,0.87,2026-03-29 23:06:57.202,45,Moderate
25.59,6.02,31.11,752.59,3.19,2026-03-29 23:09:57.202,45,Moderate
25.6,6.0,32.2,753.6,0.53,2026-03-29 23:12:57.202,45,Moderate
25.56,6.0,32.92,752.22,1.94,2026-03-29 23:15:57.202,45,Moderate
25.54,6.0,35.36,752.88,2.82,2026-03-29 23:18:57.202,45,Moderate
25.48,6.0,35.96,752.58,0.1,2026-03-29 23:21:57.202,45,Moderate
25.6,6.0,31.29,752.49,1.5,2026-03-29 23:24:57.202,45,Moderate
25.49,6.01,30.7,752.42,1.46,2026-03-29 23:27:57.202,45,Moderate
25.56,6.0,36.15,753.94,21.14,2026-03-29 23:30:57.202,45,Moderate
25.62,6.0,28.16,753.4,99.29,2026-03-29 23:33:57.202,30,Safe
25.66,6.0,26.32,753.79,114.4,2026-03-29 23:36:57.202,30,Safe
25.57,6.0,24.28,755.77,53.58,2026-03-29 23:39:57.202,30,Safe
25.49,6.0,34.66,754.69,59.49,2026-03-29 23:42:57.202,45,Moderate
25.49,6.0,26.85,755.37,114.76,2026-03-29 23:45:57.202,30,Safe
25.51,6.01,36.61,757.08,51.41,2026-03-29 23:48:57.202,45,Moderate
25.57,6.0,30.26,758.48,29.04,2026-03-29 23:51:57.202,45,Moderate
25.56,6.01,32.38,758.42,70.0,2026-03-29 23:54:57.202,45,Moderate
25.58,6.01,29.28,759.56,77.15,2026-03-29 23:57:57.202,30,Safe
25.6,6.0,27.09,760.48,86.43,2026-03-30 00:00:57.202,30,Safe
25.6,6.0,33.74,761.11,106.03,2026-03-30 00:03:57.202,45,Moderate
25.52,6.0,30.9,762.94,24.18,2026-03-30 00:06:57.202,45,Moderate
25.57,6.0,31.54,763.51,65.71,2026-03-30 00:09:57.202,45,Moderate
25.56,6.0,28.34,764.37,108.6,2026-03-30 00:12:57.202,30,Safe
25.74,6.02,28.07,765.83,27.08,2026-03-30 00:15:57.202,30,Safe
25.68,6.0,27.63,767.05,66.44,2026-03-30 00:18:57.202,30,Safe
25.71,6.01,30.38,768.45,47.15,2026-03-30 00:21:57.202,45,Moderate
25.66,6.0,31.74,767.9,105.26,2026-03-30 00:24:57.202,45,Moderate
25.65,6.0,29.14,769.06,107.93,2026-03-30 00:27:57.202,30,Safe
25.68,6.0,32.5,770.33,99.48,2026-03-30 00:30:57.202,45,Moderate
25.66,6.0,32.52,770.8,70.44,2026-03-30 00:33:57.202,45,Moderate
25.44,6.0,32.04,772.3,70.44,2026-03-30 00:36:57.202,45,Moderate
25.54,6.0,31.63,773.85,104.93,2026-03-30 00:39:57.202,45,Moderate
25.61,6.0,31.88,775.01,115.07,2026-03-30 00:42:57.202,45,Moderate
25.63,6.02,29.96,774.26,52.08,2026-03-30 00:45:57.202,30,Safe
25.65,6.02,33.65,774.92,107.51,2026-03-30 00:48:57.202,45,Moderate
25.71,6.01,26.98,775.84,35.61,2026-03-30 00:51:57.202,30,Safe
25.57,6.0,25.28,776.19,100.97,2026-03-30 00:54:57.202,30,Safe
25.65,6.0,26.9,775.84,106.17,2026-03-30 00:57:57.202,30,Safe
25.65,6.0,24.03,776.96,20.92,2026-03-30 01:00:57.202,30,Safe
25.64,6.01,29.72,777.59,52.84,2026-03-30 01:03:57.202,30,Safe
25.54,6.0,33.54,778.99,17.58,2026-03-30 01:06:57.202,45,Moderate
25.54,6.0,34.53,779.11,41.8,2026-03-30 01:09:57.202,45,Moderate
25.36,6.0,30.88,780.63,65.07,2026-03-30 01:12:57.202,45,Moderate
25.48,6.0,26.6,779.82,18.38,2026-03-30 01:15:57.202,30,Safe
25.69,6.0,29.16,780.67,72.61,2026-03-30 01:18:57.202,30,Safe
25.53,6.0,25.13,781.35,61.68,2026-03-30 01:21:57.202,30,Safe
25.62,6.0,32.6,781.41,76.92,2026-03-30 01:24:57.202,45,Moderate
25.55,6.0,30.98,783.44,40.97,2026-03-30 01:27:57.202,45,Moderate
25.55,6.0,27.96,785.26,171.25,2026-03-30 01:30:57.202,30,Safe
25.47,6.0,28.29,785.56,531.51,2026-03-30 01:33:57.202,30,Safe
25.45,6.01,33.55,786.58,252.74,2026-03-30 01:36:57.202,45,Moderate
25.56,6.05,35.34,786.6,555.49,2026-03-30 01:39:57.202,45,Moderate
25.51,6.06,34.0,786.99,551.01,2026-03-30 01:42:57.202,45,Moderate
25.52,6.03,29.1,788.9,571.3,2026-03-30 01:45:57.202,30,Safe
25.47,6.01,27.31,788.46,300.88,2026-03-30 01:48:57.202,30,Safe
25.52,6.0,27.94,788.31,501.29,2026-03-30 01:51:57.202,30,Safe
25.49,6.0,28.16,788.35,494.37,2026-03-30 01:54:57.202,30,Safe
25.51,6.0,33.51,790.02,322.02,2026-03-30 01:57:57.202,45,Moderate
25.6,6.0,31.61,790.34,735.44,2026-03-30 02:00:57.202,45,Moderate
25.77,6.0,31.35,791.95,408.16,2026-03-30 02:03:57.202,45,Moderate
25.73,6.0,31.59,792.19,635.61,2026-03-30 02:06:57.202,45,Moderate
25.58,6.0,29.76,792.54,756.32,2026-03-30 02:09:57.202,30,Safe
25.58,6.0,28.9,793.83,605.85,2026-03-30 02:12:57.202,30,Safe
25.58,6.0,29.47,794.65,208.75,2026-03-30 02:15:57.202,30,Safe
25.51,6.0,33.07,795.72,368.68,2026-03-30 02:18:57.202,45,Moderate
25.56,6.0,32.42,797.74,258.16,2026-03-30 02:21:57.202,45,Moderate
25.62,6.0,26.19,795.82,356.27,2026-03-30 02:24:57.202,30,Safe
25.54,6.0,29.16,797.71,543.09,2026-03-30 02:27:57.202,30,Safe
25.54,6.0,40.51,800.0,2077.85,2026-03-30 02:30:57.202,45,Moderate
25.6,6.0,40.39,800.0,1764.78,2026-03-30 02:33:57.202,45,Moderate
25.65,6.0,41.31,800.0,1842.49,2026-03-30 02:36:57.202,45,Moderate
25.61,6.0,37.39,800.0,1526.32,2026-03-30 02:39:57.202,45,Moderate
25.62,6.0,39.5,800.0,2747.01,2026-03-30 02:42:57.202,45,Moderate
25.58,6.0,40.47,800.0,2660.58,2026-03-30 02:45:57.202,45,Moderate
25.66,6.0,45.06,800.0,3030.41,2026-03-30 02:48:57.202,45,Moderate
25.68,6.0,50.88,800.0,2447.06,2026-03-30 02:51:57.202,45,Moderate
25.71,6.0,47.71,800.0,2087.4,2026-03-30 02:54:57.202,45,Moderate
25.6,6.0,47.01,800.0,1891.08,2026-03-30 02:57:57.202,45,Moderate
25.57,6.0,44.39,800.0,1991.01,2026-03-30 03:00:57.202,45,Moderate
25.52,6.0,34.3,800.0,2242.79,2026-03-30 03:03:57.202,45,Moderate
25.54,6.0,41.72,799.12,1976.67,2026-03-30 03:06:57.202,45,Moderate
25.58,6.0,39.9,799.78,2475.9,2026-03-30 03:09:57.202,45,Moderate
25.6,6.0,33.36,800.0,2056.4,2026-03-30 03:12:57.202,45,Moderate
25.54,6.0,36.8,800.0,2161.61,2026-03-30 03:15:57.202,45,Moderate
25.52,6.0,39.81,800.0,2490.93,2026-03-30 03:18:57.202,45,Moderate
25.56,6.0,41.3,800.0,1906.4,2026-03-30 03:21:57.202,45,Moderate
25.51,6.0,38.5,798.58,2073.26,2026-03-30 03:24:57.202,45,Moderate
25.57,6.0,33.49,798.96,2951.45,2026-03-30 03:27:57.202,45,Moderate
25.57,6.01,42.17,799.27,2783.08,2026-03-30 03:30:57.202,45,Moderate
25.59,6.02,43.2,800.0,2810.05,2026-03-30 03:33:57.202,45,Moderate
25.6,6.05,37.84,799.48,2151.99,2026-03-30 03:36:57.202,45,Moderate
25.56,6.03,40.91,800.0,2322.73,2026-03-30 03:39:57.202,45,Moderate
25.5,6.03,42.35,799.95,2198.84,2026-03-30 03:42:57.202,45,Moderate
25.53,6.01,43.67,800.0,3027.6,2026-03-30 03:45:57.202,45,Moderate
25.57,6.0,40.76,800.0,2529.61,2026-03-30 03:48:57.202,45,Moderate
25.6,6.0,36.09,800.0,1511.73,2026-03-30 03:51:57.202,45,Moderate
25.58,6.0,42.54,800.0,2072.23,2026-03-30 03:54:57.202,45,Moderate
25.53,6.0,41.78,800.0,2011.39,2026-03-30 03:57:57.202,45,Moderate
25.62,6.0,43.16,800.0,2111.78,2026-03-30 04:00:57.202,45,Moderate
25.52,6.0,38.08,800.0,1530.61,2026-03-30 04:03:57.202,45,Moderate
25.43,6.0,42.49,800.0,2842.84,2026-03-30 04:06:57.202,45,Moderate
25.54,6.0,35.71,799.71,2468.63,2026-03-30 04:09:57.202,45,Moderate
25.58,6.0,36.22,800.0,1680.62,2026-03-30 04:12:57.202,45,Moderate
25.52,6.0,41.35,800.0,2015.14,2026-03-30 04:15:57.202,45,Moderate
25.55,6.0,38.57,798.52,2307.73,2026-03-30 04:18:57.202,45,Moderate
25.54,6.0,42.51,799.94,1986.08,2026-03-30 04:21:57.202,45,Moderate
25.53,6.0,35.34,800.0,2112.48,2026-03-30 04:24:57.202,45,Moderate
25.67,6.0,35.89,800.0,2485.08,2026-03-30 04:27:57.202,45,Moderate
25.77,6.0,33.11,799.88,2728.04,2026-03-30 04:30:57.202,45,Moderate
25.8,6.0,41.46,800.0,1836.92,2026-03-30 04:33:57.202,45,Moderate
25.83,6.0,33.57,800.0,2172.05,2026-03-30 04:36:57.202,45,Moderate
25.8,6.0,31.91,800.0,1843.61,2026-03-30 04:39:57.202,45,Moderate
25.85,6.0,32.06,800.0,2557.55,2026-03-30 04:42:57.202,45,Moderate
25.91,6.0,32.69,800.0,2925.53,2026-03-30 04:45:57.202,45,Moderate
25.86,6.0,36.92,800.0,1861.52,2026-03-30 04:48:57.202,45,Moderate
25.86,6.0,42.13,800.0,1827.64,2026-03-30 04:51:57.202,45,Moderate
25.85,6.0,39.1,800.0,2176.05,2026-03-30 04:54:57.202,45,Moderate
25.87,6.0,35.63,800.0,1903.17,2026-03-30 04:57:57.202,45,Moderate
25.76,6.0,34.06,800.0,1967.44,2026-03-30 05:00:57.202,45,Moderate
25.86,6.0,34.86,800.0,2605.59,2026-03-30 05:03:57.202,45,Moderate
25.91,6.0,39.98,799.68,1472.87,2026-03-30 05:06:57.202,45,Moderate
25.83,6.0,32.89,799.69,1418.09,2026-03-30 05:09:57.202,45,Moderate
25.76,6.0,41.41,799.63,2643.56,2026-03-30 05:12:57.202,45,Moderate
25.85,6.0,38.24,800.0,2147.56,2026-03-30 05:15:57.202,45,Moderate
25.8,6.01,43.35,800.0,1544.21,2026-03-30 05:18:57.202,45,Moderate
25.92,6.0,39.78,800.0,2236.75,2026-03-30 05:21:57.202,45,Moderate
25.93,6.0,37.94,800.0,2455.31,2026-03-30 05:24:57.202,45,Moderate
25.83,6.0,43.21,800.0,2828.09,2026-03-30 05:27:57.202,45,Moderate
25.94,6.0,41.12,800.0,2565.63,2026-03-30 05:30:57.202,45,Moderate
25.91,6.0,38.95,800.0,1786.93,2026-03-30 05:33:57.202,45,Moderate
25.87,6.0,38.96,800.0,2356.26,2026-03-30 05:36:57.202,45,Moderate
25.83,6.0,33.8,799.91,2686.9,2026-03-30 05:39:57.202,45,Moderate
25.73,6.0,42.33,800.0,1472.24,2026-03-30 05:42:57.202,45,Moderate
25.78,6.0,43.26,800.0,1609.54,2026-03-30 05:45:57.202,45,Moderate
25.72,6.0,40.49,799.87,1994.96,2026-03-30 05:48:57.202,45,Moderate
25.79,6.0,39.89,800.0,2493.48,2026-03-30 05:51:57.202,45,Moderate
25.82,6.0,32.49,800.0,1455.9,2026-03-30 05:54:57.202,45,Moderate
25.75,6.0,35.26,800.0,2444.99,2026-03-30 05:57:57.202,45,Moderate
25.84,6.0,33.02,799.28,2331.15,2026-03-30 06:00:57.202,45,Moderate
25.8,6.0,35.04,799.21,2746.44,2026-03-30 06:03:57.202,45,Moderate
25.77,6.0,33.92,800.0,2345.28,2026-03-30 06:06:57.202,45,Moderate
25.79,6.0,35.32,800.0,2435.04,2026-03-30 06:09:57.202,45,Moderate
25.82,6.01,39.98,800.0,2698.18,2026-03-30 06:12:57.202,45,Moderate
25.89,6.0,40.77,800.0,1488.76,2026-03-30 06:15:57.202,45,Moderate
25.89,6.0,34.05,800.0,2691.56,2026-03-30 06:18:57.202,45,Moderate
25.93,6.0,40.03,800.0,2918.54,2026-03-30 06:21:57.202,45,Moderate
25.93,6.0,42.98,800.0,2063.64,2026-03-30 06:24:57.202,45,Moderate
25.99,6.02,39.09,799.48,2652.16,2026-03-30 06:27:57.202,45,Moderate
25.95,6.04,34.49,800.0,1876.37,2026-03-30 06:30:57.202,45,Moderate
25.88,6.05,37.71,800.0,2234.1,2026-03-30 06:33:57.202,45,Moderate
25.88,6.04,40.14,799.35,2333.63,2026-03-30 06:36:57.202,45,Moderate
25.94,6.01,33.73,799.3,2450.61,2026-03-30 06:39:57.202,45,Moderate
25.96,6.0,35.54,800.0,1616.4,2026-03-30 06:42:57.202,45,Moderate
25.99,6.0,36.87,798.46,2046.94,2026-03-30 06:45:57.202,45,Moderate
26.04,6.0,30.94,798.13,1573.41,2026-03-30 06:48:57.202,45,Moderate
25.91,6.0,38.79,799.57,2039.3,2026-03-30 06:51:57.202,45,Moderate
25.8,6.0,39.79,800.0,2026.74,2026-03-30 06:54:57.202,45,Moderate
25.8,6.01,41.56,799.88,1980.05,2026-03-30 06:57:57.202,45,Moderate
25.87,6.0,33.89,799.73,1658.57,2026-03-30 07:00:57.202,45,Moderate
25.85,6.0,41.57,800.0,1737.15,2026-03-30 07:03:57.202,45,Moderate
25.84,6.0,34.31,800.0,2421.67,2026-03-30 07:06:57.202,45,Moderate
25.76,6.0,32.89,800.0,2189.86,2026-03-30 07:09:57.202,45,Moderate
25.75,6.0,37.16,800.0,2163.34,2026-03-30 07:12:57.202,45,Moderate
25.81,6.0,34.59,800.0,1252.12,2026-03-30 07:15:57.202,45,Moderate
25.79,6.0,31.99,800.0,2344.2,2026-03-30 07:18:57.202,45,Moderate
25.78,6.0,37.68,800.0,1741.99,2026-03-30 07:21:57.202,45,Moderate
25.85,6.0,41.91,800.0,1321.19,2026-03-30 07:24:57.202,45,Moderate
25.82,6.0,35.88,800.0,2368.73,2026-03-30 07:27:57.202,45,Moderate
25.86,6.0,37.55,799.77,1534.72,2026-03-30 07:30:57.202,45,Moderate
25.78,6.0,34.02,798.91,2900.99,2026-03-30 07:33:57.202,45,Moderate
25.69,6.0,40.91,800.0,1380.21,2026-03-30 07:36:57.202,45,Moderate
25.78,6.0,30.97,800.0,2373.74,2026-03-30 07:39:57.202,45,Moderate
25.78,6.0,32.89,800.0,1674.34,2026-03-30 07:42:57.202,45,Moderate
25.77,6.0,39.83,800.0,2894.94,2026-03-30 07:45:57.202,45,Moderate
25.8,6.0,34.91,799.35,1732.49,2026-03-30 07:48:57.202,45,Moderate
25.86,6.0,31.35,798.78,1576.0,2026-03-30 07:51:57.202,45,Moderate
25.81,6.0,34.61,798.7,1566.71,2026-03-30 07:54:57.202,45,Moderate
25.82,6.0,37.38,800.0,1774.12,2026-03-30 07:57:57.202,45,Moderate
25.9,6.0,34.31,800.0,1686.95,2026-03-30 08:00:57.202,45,Moderate
25.88,6.0,40.51,800.0,1177.02,2026-03-30 08:03:57.202,45,Moderate
25.85,6.0,33.13,800.0,1593.24,2026-03-30 08:06:57.202,45,Moderate
25.84,6.0,41.21,800.0,2564.47,2026-03-30 08:09:57.202,45,Moderate
25.83,6.0,35.01,800.0,2196.37,2026-03-30 08:12:57.202,45,Moderate
25.73,6.0,39.73,800.0,2325.82,2026-03-30 08:15:57.202,45,Moderate
25.73,6.0,41.16,800.0,2517.53,2026-03-30 08:18:57.202,45,Moderate
25.8,6.0,40.21,800.0,1691.98,2026-03-30 08:21:57.202,45,Moderate
25.74,6.0,36.3,800.0,2390.67,2026-03-30 08:24:57.202,45,Moderate
25.86,6.0,30.07,800.0,1761.61,2026-03-30 08:27:57.202,45,Moderate
25.74,6.0,32.22,800.0,1338.16,2026-03-30 08:30:57.202,45,Moderate
25.9,6.0,32.69,799.52,2129.17,2026-03-30 08:33:57.202,45,Moderate
25.9,6.0,39.07,800.0,1810.33,2026-03-30 08:36:57.202,45,Moderate
25.92,6.0,36.82,798.88,1377.96,2026-03-30 08:39:57.202,45,Moderate
25.79,6.0,38.68,800.0,3114.56,2026-03-30 08:42:57.202,45,Moderate
25.86,6.0,32.24,799.53,1495.98,2026-03-30 08:45:57.202,45,Moderate
25.88,6.0,35.9,798.74,1656.83,2026-03-30 08:48:57.202,45,Moderate
25.87,6.0,36.5,798.2,1607.5,2026-03-30 08:51:57.202,45,Moderate
25.86,6.0,36.0,799.77,1275.24,2026-03-30 08:54:57.202,45,Moderate
25.91,6.0,30.72,800.0,1815.29,2026-03-30 08:57:57.202,45,Moderate
26.01,6.0,38.12,799.75,2450.08,2026-03-30 09:00:57.202,45,Moderate
25.91,6.0,36.94,800.0,1984.45,2026-03-30 09:03:57.202,45,Moderate
25.99,6.0,34.57,800.0,1786.79,2026-03-30 09:06:57.202,45,Moderate
25.92,6.01,38.53,800.0,3127.86,2026-03-30 09:09:57.202,45,Moderate
25.9,6.0,33.6,800.0,1778.36,2026-03-30 09:12:57.202,45,Moderate
25.9,6.0,34.59,800.0,1969.93,2026-03-30 09:15:57.202,45,Moderate
25.81,6.0,39.09,799.47,1697.68,2026-03-30 09:18:57.202,45,Moderate
25.93,6.01,40.15,800.0,1841.66,2026-03-30 09:21:57.202,45,Moderate
25.84,6.0,42.56,799.92,2870.67,2026-03-30 09:24:57.202,45,Moderate
25.82,6.0,35.05,800.0,2392.85,2026-03-30 09:27:57.202,45,Moderate
25.89,6.01,37.41,799.31,1826.9,2026-03-30 09:30:57.202,45,Moderate
25.89,6.03,38.81,800.0,2146.99,2026-03-30 09:33:57.202,45,Moderate
25.85,6.01,39.59,800.0,1531.63,2026-03-30 09:36:57.202,45,Moderate
25.78,6.02,38.97,800.0,1990.74,2026-03-30 09:39:57.202,45,Moderate
25.82,6.04,36.24,799.89,1903.72,2026-03-30 09:42:57.202,45,Moderate
25.84,6.02,32.61,799.44,2596.01,2026-03-30 09:45:57.202,45,Moderate
25.8,6.0,32.56,800.0,2438.7,2026-03-30 09:48:57.202,45,Moderate
25.92,6.0,33.12,799.92,1771.53,2026-03-30 09:51:57.202,45,Moderate
25.98,6.0,37.86,800.0,2530.88,2026-03-30 09:54:57.202,45,Moderate
25.89,6.01,32.24,800.0,2300.63,2026-03-30 09:57:57.202,45,Moderate
25.9,6.0,40.95,800.0,1483.44,2026-03-30 10:00:57.202,45,Moderate
25.89,6.0,39.28,799.68,2389.32,2026-03-30 10:03:57.202,45,Moderate
25.92,6.0,39.32,799.41,2357.71,2026-03-30 10:06:57.202,45,Moderate
26.03,6.0,30.38,800.0,1299.11,2026-03-30 10:09:57.202,45,Moderate
26.07,6.0,34.66,800.0,2582.39,2026-03-30 10:12:57.202,45,Moderate
25.99,6.0,34.62,800.0,1913.59,2026-03-30 10:15:57.202,45,Moderate
25.95,6.0,36.12,800.0,2442.94,2026-03-30 10:18:57.202,45,Moderate
25.88,6.0,40.5,800.0,2456.86,2026-03-30 10:21:57.202,45,Moderate
26.01,6.0,37.77,800.0,2365.93,2026-03-30 10:24:57.202,45,Moderate
26.01,6.0,38.19,800.0,1506.78,2026-03-30 10:27:57.202,45,Moderate
25.95,6.0,37.47,799.49,1800.04,2026-03-30 10:30:57.202,45,Moderate
25.84,6.0,34.94,798.78,1717.19,2026-03-30 10:33:57.202,45,Moderate
25.74,6.0,28.92,799.76,2612.74,2026-03-30 10:36:57.202,30,Safe
25.7,6.0,38.96,800.0,2376.05,2026-03-30 10:39:57.202,45,Moderate
25.82,6.0,37.5,799.37,1178.67,2026-03-30 10:42:57.202,45,Moderate
25.92,6.0,30.99,799.52,2785.9,2026-03-30 10:45:57.202,45,Moderate
25.78,6.0,30.31,800.0,2039.53,2026-03-30 10:48:57.202,45,Moderate
25.9,6.0,38.95,800.0,2117.0,2026-03-30 10:51:57.202,45,Moderate
25.86,6.0,34.53,800.0,2031.84,2026-03-30 10:54:57.202,45,Moderate
25.97,6.0,38.05,800.0,1367.07,2026-03-30 10:57:57.202,45,Moderate
25.94,6.0,33.0,800.0,1393.74,2026-03-30 11:00:57.202,45,Moderate
25.94,6.0,35.66,800.0,2528.31,2026-03-30 11:03:57.202,45,Moderate
25.83,6.0,32.71,800.0,2122.84,2026-03-30 11:06:57.202,45,Moderate
25.86,6.0,33.56,800.0,1771.41,2026-03-30 11:09:57.202,45,Moderate
25.85,6.0,30.67,800.0,1625.06,2026-03-30 11:12:57.202,45,Moderate
25.81,6.0,35.75,800.0,2267.04,2026-03-30 11:15:57.202,45,Moderate
25.87,6.0,34.7,800.0,2583.47,2026-03-30 11:18:57.202,45,Moderate
25.87,6.0,31.34,799.78,1605.38,2026-03-30 11:21:57.202,45,Moderate
25.89,6.0,36.46,800.0,1527.5,2026-03-30 11:24:57.202,45,Moderate
25.94,6.0,38.99,799.05,2612.9,2026-03-30 11:27:57.202,45,Moderate
25.85,6.0,28.35,800.0,1350.14,2026-03-30 11:30:57.202,30,Safe
25.64,6.0,34.48,800.0,1242.52,2026-03-30 11:33:57.202,45,Moderate
25.67,6.0,39.33,800.0,1491.06,2026-03-30 11:36:57.202,45,Moderate
25.55,6.0,36.75,800.0,2309.93,2026-03-30 11:39:57.202,45,Moderate
25.62,6.0,41.05,800.0,1531.18,2026-03-30 11:42:57.202,45,Moderate
25.49,6.0,31.34,800.0,1400.56,2026-03-30 11:45:57.202,45,Moderate
25.51,6.0,34.23,800.0,1524.46,2026-03-30 11:48:57.202,45,Moderate
25.57,6.0,35.36,800.0,1891.53,2026-03-30 11:51:57.202,45,Moderate
25.62,6.0,35.49,800.0,1476.62,2026-03-30 11:54:57.202,45,Moderate
25.55,6.0,40.57,800.0,1344.52,2026-03-30 11:57:57.202,45,Moderate
25.68,6.0,37.82,800.0,1551.78,2026-03-30 12:00:57.202,45,Moderate
25.68,6.0,31.63,800.0,1247.53,2026-03-30 12:03:57.202,45,Moderate
25.53,6.02,33.04,800.0,1153.18,2026-03-30 12:06:57.202,45,Moderate
25.64,6.02,33.97,800.0,2329.13,2026-03-30 12:09:57.202,45,Moderate
25.71,6.02,36.54,800.0,1999.06,2026-03-30 12:12:57.202,45,Moderate
25.61,6.03,39.27,800.0,1653.84,2026-03-30 12:15:57.202,45,Moderate
25.69,6.0,34.08,800.0,1803.74,2026-03-30 12:18:57.202,45,Moderate
25.62,6.0,33.0,799.69,1573.09,2026-03-30 12:21:57.202,45,Moderate
25.55,6.0,27.96,798.12,1244.89,2026-03-30 12:24:57.202,30,Safe
25.55,6.0,33.88,796.8,1636.15,2026-03-30 12:27:57.202,45,Moderate
25.61,6.0,50.18,800.0,87.78,2026-03-30 12:30:57.202,45,Moderate
25.61,6.0,42.07,800.0,159.48,2026-03-30 12:33:57.202,45,Moderate
25.65,6.0,47.34,800.0,80.87,2026-03-30 12:36:57.202,45,Moderate
25.74,6.0,49.28,800.0,140.76,2026-03-30 12:39:57.202,45,Moderate
25.66,6.0,43.26,800.0,72.71,2026-03-30 12:42:57.202,45,Moderate
25.67,6.0,49.42,800.0,36.81,2026-03-30 12:45:57.202,45,Moderate
25.51,6.0,46.69,800.0,51.05,2026-03-30 12:48:57.202,45,Moderate
25.49,6.02,53.65,800.0,72.99,2026-03-30 12:51:57.202,45,Moderate
25.55,6.01,47.83,800.0,55.14,2026-03-30 12:54:57.202,45,Moderate
25.54,6.03,56.1,800.0,63.83,2026-03-30 12:57:57.202,45,Moderate
25.49,6.02,45.31,800.0,86.5,2026-03-30 13:00:57.202,45,Moderate
25.4,6.0,40.57,800.0,78.08,2026-03-30 13:03:57.202,45,Moderate
25.51,6.0,39.2,800.0,92.7,2026-03-30 13:06:57.202,45,Moderate
25.66,6.0,37.94,800.0,179.43,2026-03-30 13:09:57.202,45,Moderate
25.7,6.0,38.14,800.0,104.91,2026-03-30 13:12:57.202,45,Moderate
25.71,6.0,42.26,799.58,179.05,2026-03-30 13:15:57.202,45,Moderate
25.76,6.0,41.19,800.0,111.55,2026-03-30 13:18:57.202,45,Moderate
25.68,6.0,41.83,800.0,64.46,2026-03-30 13:21:57.202,45,Moderate
25.56,6.0,41.75,800.0,58.49,2026-03-30 13:24:57.202,45,Moderate
25.61,6.02,43.78,800.0,110.62,2026-03-30 13:27:57.202,45,Moderate
25.5,6.02,38.87,800.0,11.45,2026-03-30 13:30:57.202,45,Moderate
25.58,6.02,40.24,799.71,3.5,2026-03-30 13:33:57.202,45,Moderate
25.57,6.0,38.76,800.0,208.73,2026-03-30 13:36:57.202,45,Moderate
25.54,6.0,45.14,800.0,3.39,2026-03-30 13:39:57.202,45,Moderate
25.65,6.0,44.92,800.0,184.57,2026-03-30 13:42:57.202,45,Moderate
25.53,6.01,36.7,800.0,7.32,2026-03-30 13:45:57.202,45,Moderate
25.63,6.0,39.83,800.0,2.99,2026-03-30 13:48:57.202,45,Moderate
25.62,6.0,37.85,800.0,10.98,2026-03-30 13:51:57.202,45,Moderate
25.54,6.0,43.0,800.0,12.75,2026-03-30 13:54:57.202,45,Moderate
25.63,6.0,36.75,800.0,149.53,2026-03-30 13:57:57.202,45,Moderate
25.63,6.0,36.22,800.0,15.44,2026-03-30 14:00:57.202,45,Moderate
25.61,6.0,44.22,800.0,2.23,2026-03-30 14:03:57.202,45,Moderate
25.56,6.0,42.83,799.1,102.49,2026-03-30 14:06:57.202,45,Moderate
25.52,6.0,40.25,800.0,9.08,2026-03-30 14:09:57.202,45,Moderate
25.51,6.0,40.44,800.0,251.0,2026-03-30 14:12:57.202,45,Moderate
25.62,6.0,41.82,800.0,123.71,2026-03-30 14:15:57.202,45,Moderate
25.56,6.0,41.53,800.0,3.03,2026-03-30 14:18:57.202,45,Moderate
25.58,6.0,38.23,800.0,5.52,2026-03-30 14:21:57.202,45,Moderate
25.55,6.01,43.37,800.0,14.87,2026-03-30 14:24:57.202,45,Moderate
25.72,6.0,36.52,800.0,8.75,2026-03-30 14:27:57.202,45,Moderate
25.58,6.01,42.21,800.0,15.53,2026-03-30 14:30:57.202,45,Moderate
25.6,6.0,38.33,800.0,194.98,2026-03-30 14:33:57.202,45,Moderate
25.61,6.0,37.03,800.0,258.63,2026-03-30 14:36:57.202,45,Moderate
25.68,6.0,37.59,800.0,8.0,2026-03-30 14:39:57.202,45,Moderate
25.55,6.0,39.92,798.95,7.86,2026-03-30 14:42:57.202,45,Moderate
25.57,6.0,37.06,798.26,14.06,2026-03-30 14:45:57.202,45,Moderate
25.45,6.0,41.11,799.24,1.74,2026-03-30 14:48:57.202,45,Moderate
25.49,6.0,39.59,800.0,9.34,2026-03-30 14:51:57.202,45,Moderate
25.46,6.0,41.78,799.61,3.47,2026-03-30 14:54:57.202,45,Moderate
25.42,6.0,41.05,799.58,14.1,2026-03-30 14:57:57.202,45,Moderate
25.42,6.0,41.94,798.98,6.86,2026-03-30 15:00:57.202,45,Moderate
25.44,6.0,42.14,800.0,97.67,2026-03-30 15:03:57.202,45,Moderate
25.47,6.0,40.24,800.0,11.93,2026-03-30 15:06:57.202,45,Moderate
25.62,6.0,44.19,799.97,137.88,2026-03-30 15:09:57.202,45,Moderate
25.68,6.0,42.23,800.0,127.5,2026-03-30 15:12:57.202,45,Moderate
25.62,6.0,44.9,800.0,86.22,2026-03-30 15:15:57.202,45,Moderate
25.61,6.02,46.41,799.29,5.85,2026-03-30 15:18:57.202,45,Moderate
25.57,6.0,38.46,800.0,19.93,2026-03-30 15:21:57.202,45,Moderate
25.55,6.0,39.54,800.0,18.19,2026-03-30 15:24:57.202,45,Moderate
25.67,6.0,39.44,799.74,229.03,2026-03-30 15:27:57.202,45,Moderate
25.74,6.0,42.05,800.0,17.87,2026-03-30 15:30:57.202,45,Moderate
25.75,6.0,37.76,800.0,11.46,2026-03-30 15:33:57.202,45,Moderate
25.64,6.0,45.65,800.0,0.94,2026-03-30 15:36:57.202,45,Moderate
25.61,6.0,33.88,800.0,0.19,2026-03-30 15:39:57.202,45,Moderate
25.52,6.0,43.39,800.0,3.22,2026-03-30 15:42:57.202,45,Moderate
25.6,6.0,45.48,800.0,11.84,2026-03-30 15:45:57.202,45,Moderate
25.67,6.0,38.61,800.0,6.41,2026-03-30 15:48:57.202,45,Moderate
25.7,6.01,43.99,798.53,2.14,2026-03-30 15:51:57.202,45,Moderate
25.69,6.0,38.58,800.0,10.54,2026-03-30 15:54:57.202,45,Moderate
25.69,6.0,36.93,800.0,8.45,2026-03-30 15:57:57.202,45,Moderate
25.67,6.0,41.1,800.0,8.6,2026-03-30 16:00:57.202,45,Moderate
25.63,6.0,44.07,800.0,16.97,2026-03-30 16:03:57.202,45,Moderate
25.69,6.0,36.28,799.94,3.89,2026-03-30 16:06:57.202,45,Moderate
25.63,6.0,39.98,799.75,9.65,2026-03-30 16:09:57.202,45,Moderate
25.63,6.0,40.14,800.0,16.76,2026-03-30 16:12:57.202,45,Moderate
25.49,6.0,43.51,800.0,16.38,2026-03-30 16:15:57.202,45,Moderate
25.54,6.02,41.45,800.0,17.91,2026-03-30 16:18:57.202,45,Moderate
25.64,6.03,43.23,800.0,12.22,2026-03-30 16:21:57.202,45,Moderate
25.68,6.04,41.3,800.0,7.79,2026-03-30 16:24:57.202,45,Moderate
25.68,6.04,41.02,800.0,17.78,2026-03-30 16:27:57.202,45,Moderate
25.62,6.03,45.3,799.71,4.03,2026-03-30 16:30:57.202,45,Moderate
25.62,6.01,45.66,800.0,9.6,2026-03-30 16:33:57.202,45,Moderate
25.55,6.0,44.77,800.0,17.01,2026-03-30 16:36:57.202,45,Moderate
25.54,6.0,38.62,800.0,14.53,2026-03-30 16:39:57.202,45,Moderate
25.47,6.02,39.4,798.2,11.66,2026-03-30 16:42:57.202,45,Moderate
25.55,6.01,40.21,800.0,17.48,2026-03-30 16:45:57.202,45,Moderate
25.59,6.02,41.5,800.0,8.7,2026-03-30 16:48:57.202,45,Moderate
25.63,6.02,42.12,800.0,7.6,2026-03-30 16:51:57.202,45,Moderate
25.59,6.0,37.08,800.0,8.66,2026-03-30 16:54:57.202,45,Moderate
25.52,6.0,33.49,799.81,18.88,2026-03-30 16:57:57.202,45,Moderate
25.58,6.0,36.9,800.0,13.86,2026-03-30 17:00:57.202,45,Moderate
25.55,6.0,40.42,800.0,16.34,2026-03-30 17:03:57.202,45,Moderate
25.66,6.0,38.28,800.0,3.07,2026-03-30 17:06:57.202,45,Moderate
25.68,6.02,41.63,800.0,12.09,2026-03-30 17:09:57.202,45,Moderate
25.67,6.02,38.19,800.0,17.0,2026-03-30 17:12:57.202,45,Moderate
25.65,6.0,38.19,800.0,11.3,2026-03-30 17:15:57.202,45,Moderate
25.62,6.0,45.12,800.0,16.63,2026-03-30 17:18:57.202,45,Moderate
25.67,6.0,35.06,800.0,5.5,2026-03-30 17:21:57.202,45,Moderate
25.58,6.01,43.01,800.0,12.59,2026-03-30 17:24:57.202,45,Moderate
25.6,6.0,38.8,800.0,8.32,2026-03-30 17:27:57.202,45,Moderate
25.61,6.0,46.04,799.77,10.24,2026-03-30 17:30:57.202,45,Moderate
25.76,6.0,35.49,799.31,7.14,2026-03-30 17:33:57.202,45,Moderate
25.69,6.0,42.53,799.54,18.38,2026-03-30 17:36:57.202,45,Moderate
25.71,6.0,37.45,799.59,19.98,2026-03-30 17:39:57.202,45,Moderate
25.49,6.0,44.17,800.0,12.05,2026-03-30 17:42:57.202,45,Moderate
25.47,6.0,35.5,800.0,16.26,2026-03-30 17:45:57.202,45,Moderate
25.51,6.0,41.18,800.0,4.53,2026-03-30 17:48:57.202,45,Moderate
25.54,6.0,38.24,800.0,17.72,2026-03-30 17:51:57.202,45,Moderate
25.62,6.0,39.62,800.0,9.0,2026-03-30 17:54:57.202,45,Moderate
25.56,6.0,36.54,799.66,17.63,2026-03-30 17:57:57.202,45,Moderate
25.59,6.01,40.1,799.74,4.93,2026-03-30 18:00:57.202,45,Moderate
25.55,6.0,41.12,800.0,14.82,2026-03-30 18:03:57.202,45,Moderate
25.57,6.0,41.1,800.0,3.49,2026-03-30 18:06:57.202,45,Moderate
25.47,6.0,37.83,800.0,15.76,2026-03-30 18:09:57.202,45,Moderate
25.48,6.0,36.04,800.0,16.66,2026-03-30 18:12:57.202,45,Moderate
25.57,6.0,33.93,800.0,1.93,2026-03-30 18:15:57.202,45,Moderate
25.59,6.0,39.33,800.0,2.05,2026-03-30 18:18:57.202,45,Moderate
25.57,6.0,38.69,799.79,14.63,2026-03-30 18:21:57.202,45,Moderate
25.58,6.0,37.33,799.46,12.16,2026-03-30 18:24:57.202,45,Moderate
25.59,6.0,42.82,798.89,11.53,2026-03-30 18:27:57.202,45,Moderate
25.66,6.0,40.38,798.5,1.03,2026-03-30 18:30:57.202,45,Moderate
25.58,6.0,39.93,797.87,2.43,2026-03-30 18:33:57.202,45,Moderate
25.53,6.0,44.62,798.3,2.42,2026-03-30 18:36:57.202,45,Moderate
25.6,6.0,36.8,799.51,3.7,2026-03-30 18:39:57.202,45,Moderate
25.6,6.0,41.18,800.0,3.48,2026-03-30 18:42:57.202,45,Moderate
25.49,6.0,44.43,800.0,4.58,2026-03-30 18:45:57.202,45,Moderate
25.55,6.0,42.19,799.16,0.33,2026-03-30 18:48:57.202,45,Moderate
25.58,6.0,38.31,799.66,2.56,2026-03-30 18:51:57.202,45,Moderate
25.59,6.0,36.64,799.81,3.66,2026-03-30 18:54:57.202,45,Moderate
25.6,6.0,37.68,799.78,2.09,2026-03-30 18:57:57.202,45,Moderate
25.61,6.01,38.28,799.67,4.42,2026-03-30 19:00:57.202,45,Moderate
25.63,6.0,34.97,800.0,2.56,2026-03-30 19:03:57.202,45,Moderate
25.69,6.01,34.74,800.0,0.84,2026-03-30 19:06:57.202,45,Moderate
25.64,6.0,39.48,799.6,4.19,2026-03-30 19:09:57.202,45,Moderate
25.58,6.0,36.77,800.0,2.43,2026-03-30 19:12:57.202,45,Moderate
25.61,6.0,37.56,799.61,2.71,2026-03-30 19:15:57.202,45,Moderate
25.59,6.0,34.37,800.0,1.0,2026-03-30 19:18:57.202,45,Moderate
25.55,6.0,39.99,800.0,2.75,2026-03-30 19:21:57.202,45,Moderate
25.59,6.0,41.04,800.0,3.64,2026-03-30 19:24:57.202,45,Moderate
25.58,6.02,41.54,799.35,1.88,2026-03-30 19:27:57.202,45,Moderate
25.59,6.01,40.7,800.0,1.44,2026-03-30 19:30:57.202,45,Moderate
25.51,6.01,44.74,799.52,0.54,2026-03-30 19:33:57.202,45,Moderate
25.53,6.0,37.39,799.97,1.7,2026-03-30 19:36:57.202,45,Moderate
25.55,6.0,40.37,800.0,2.87,2026-03-30 19:39:57.202,45,Moderate
25.57,6.01,40.08,800.0,1.41,2026-03-30 19:42:57.202,45,Moderate
25.44,6.0,31.74,799.94,3.26,2026-03-30 19:45:57.202,45,Moderate
25.45,6.0,36.53,800.0,0.88,2026-03-30 19:48:57.202,45,Moderate
25.52,6.0,39.37,800.0,1.25,2026-03-30 19:51:57.202,45,Moderate
25.44,6.0,38.86,800.0,0.8,2026-03-30 19:54:57.202,45,Moderate
25.5,6.0,37.66,800.0,0.72,2026-03-30 19:57:57.202,45,Moderate
25.47,6.02,41.38,799.64,0.56,2026-03-30 20:00:57.202,45,Moderate
25.56,6.0,42.64,800.0,0.47,2026-03-30 20:03:57.202,45,Moderate
25.49,6.0,41.57,798.8,3.69,2026-03-30 20:06:57.202,45,Moderate
25.58,6.0,39.05,798.41,0.7,2026-03-30 20:09:57.202,45,Moderate
25.57,6.0,34.67,799.79,1.92,2026-03-30 20:12:57.202,45,Moderate
25.55,6.0,40.08,799.15,2.61,2026-03-30 20:15:57.202,45,Moderate
25.71,6.01,40.41,798.9,1.4,2026-03-30 20:18:57.202,45,Moderate
25.64,6.0,43.82,799.08,3.88,2026-03-30 20:21:57.202,45,Moderate
25.58,6.0,33.56,800.0,4.6,2026-03-30 20:24:57.202,45,Moderate
25.51,6.0,37.35,800.0,3.19,2026-03-30 20:27:57.202,45,Moderate
25.5,6.0,32.93,800.0,1.73,2026-03-30 20:30:57.202,45,Moderate
25.58,6.0,43.53,800.0,4.93,2026-03-30 20:33:57.202,45,Moderate
25.63,6.0,37.23,799.71,1.88,2026-03-30 20:36:57.202,45,Moderate
25.56,6.01,39.75,800.0,0.32,2026-03-30 20:39:57.202,45,Moderate
25.49,6.02,39.23,799.57,3.61,2026-03-30 20:42:57.202,45,Moderate
25.57,6.01,35.9,799.71,3.26,2026-03-30 20:45:57.202,45,Moderate
25.66,6.03,36.94,800.0,4.32,2026-03-30 20:48:57.202,45,Moderate
25.62,6.01,36.58,799.74,1.58,2026-03-30 20:51:57.202,45,Moderate
25.56,6.0,42.73,798.75,3.05,2026-03-30 20:54:57.202,45,Moderate
25.57,6.0,39.6,799.56,4.59,2026-03-30 20:57:57.202,45,Moderate
25.51,6.0,37.89,800.0,2.31,2026-03-30 21:00:57.202,45,Moderate
25.52,6.0,38.2,800.0,4.53,2026-03-30 21:03:57.202,45,Moderate
25.53,6.0,38.78,799.42,4.43,2026-03-30 21:06:57.202,45,Moderate
25.66,6.0,40.48,800.0,4.43,2026-03-30 21:09:57.202,45,Moderate
25.55,6.0,39.09,800.0,1.01,2026-03-30 21:12:57.202,45,Moderate
25.49,6.0,43.87,800.0,2.48,2026-03-30 21:15:57.202,45,Moderate
25.5,6.01,39.69,800.0,0.71,2026-03-30 21:18:57.202,45,Moderate
25.51,6.0,34.16,800.0,1.45,2026-03-30 21:21:57.202,45,Moderate
25.58,6.0,38.23,799.95,0.49,2026-03-30 21:24:57.202,45,Moderate
25.6,6.0,42.26,800.0,3.0,2026-03-30 21:27:57.202,45,Moderate
25.61,6.0,36.48,800.0,0.44,2026-03-30 21:30:57.202,45,Moderate
25.65,6.0,40.37,800.0,3.21,2026-03-30 21:33:57.202,45,Moderate
25.59,6.01,37.91,800.0,1.01,2026-03-30 21:36:57.202,45,Moderate
25.56,6.0,38.02,800.0,1.37,2026-03-30 21:39:57.202,45,Moderate
25.53,6.01,39.65,800.0,4.96,2026-03-30 21:42:57.202,45,Moderate
25.59,6.02,40.84,799.35,2.33,2026-03-30 21:45:57.202,45,Moderate
25.57,6.0,35.62,800.0,3.32,2026-03-30 21:48:57.202,45,Moderate
25.58,6.0,40.33,800.0,4.68,2026-03-30 21:51:57.202,45,Moderate
25.62,6.0,33.27,800.0,0.1,2026-03-30 21:54:57.202,45,Moderate
25.64,6.0,34.11,800.0,0.83,2026-03-30 21:57:57.202,45,Moderate
25.66,6.0,35.44,800.0,4.25,2026-03-30 22:00:57.202,45,Moderate
25.62,6.01,40.17,799.6,0.55,2026-03-30 22:03:57.202,45,Moderate
25.63,6.0,37.4,798.54,1.34,2026-03-30 22:06:57.202,45,Moderate
25.47,6.0,43.76,800.0,1.53,2026-03-30 22:09:57.202,45,Moderate
25.45,6.0,37.85,800.0,1.05,2026-03-30 22:12:57.202,45,Moderate
25.51,6.0,40.54,800.0,0.77,2026-03-30 22:15:57.202,45,Moderate
25.58,6.01,38.58,800.0,0.95,2026-03-30 22:18:57.202,45,Moderate
25.64,6.0,38.42,799.86,2.9,2026-03-30 22:21:57.202,45,Moderate
25.59,6.0,37.95,800.0,0.56,2026-03-30 22:24:57.202,45,Moderate
25.51,6.0,34.82,800.0,3.56,2026-03-30 22:27:57.202,45,Moderate
25.55,6.0,41.32,800.0,2.85,2026-03-30 22:30:57.202,45,Moderate
25.62,6.0,38.07,800.0,2.22,2026-03-30 22:33:57.202,45,Moderate
25.59,6.0,35.86,800.0,1.6,2026-03-30 22:36:57.202,45,Moderate
25.57,6.0,34.0,800.0,4.05,2026-03-30 22:39:57.202,45,Moderate
25.49,6.0,31.86,799.93,1.03,2026-03-30 22:42:57.202,45,Moderate
25.52,6.0,36.81,800.0,0.48,2026-03-30 22:45:57.202,45,Moderate
25.51,6.0,39.85,800.0,3.27,2026-03-30 22:48:57.202,45,Moderate
25.53,6.01,37.4,800.0,1.21,2026-03-30 22:51:57.202,45,Moderate
25.56,6.01,43.28,800.0,1.77,2026-03-30 22:54:57.202,45,Moderate
25.56,6.0,36.9,800.0,1.94,2026-03-30 22:57:57.202,45,Moderate
25.53,6.0,39.53,798.87,4.11,2026-03-30 23:00:57.202,45,Moderate
25.57,6.0,33.59,799.99,0.31,2026-03-30 23:03:57.202,45,Moderate
25.69,6.0,35.28,800.0,3.25,2026-03-30 23:06:57.202,45,Moderate
25.68,6.0,34.23,800.0,1.67,2026-03-30 23:09:57.202,45,Moderate
25.76,6.0,37.66,800.0,1.63,2026-03-30 23:12:57.202,45,Moderate
25.66,6.0,29.62,800.0,0.86,2026-03-30 23:15:57.202,30,Safe
25.61,6.02,36.19,800.0,4.17,2026-03-30 23:18:57.202,45,Moderate
25.65,6.02,39.28,800.0,3.37,2026-03-30 23:21:57.202,45,Moderate
25.64,6.0,35.16,799.75,2.47,2026-03-30 23:24:57.202,45,Moderate
25.59,6.0,39.76,800.0,0.14,2026-03-30 23:27:57.202,45,Moderate
25.56,6.01,42.23,800.0,68.58,2026-03-30 23:30:57.202,45,Moderate
25.55,6.0,40.03,800.0,23.51,2026-03-30 23:33:57.202,45,Moderate
25.54,6.0,42.58,800.0,26.96,2026-03-30 23:36:57.202,45,Moderate
25.6,6.0,38.05,800.0,31.28,2026-03-30 23:39:57.202,45,Moderate
25.6,6.03,37.09,800.0,102.98,2026-03-30 23:42:57.202,45,Moderate
25.56,6.02,41.83,800.0,33.79,2026-03-30 23:45:57.202,45,Moderate
25.55,6.02,38.95,799.28,73.77,2026-03-30 23:48:57.202,45,Moderate
25.61,6.01,37.72,800.0,119.22,2026-03-30 23:51:57.202,45,Moderate
25.6,6.0,36.39,800.0,29.63,2026-03-30 23:54:57.202,45,Moderate
25.62,6.0,38.92,800.0,23.74,2026-03-30 23:57:57.202,45,Moderate
25.72,6.0,39.44,800.0,58.06,2026-03-31 00:00:57.202,45,Moderate
25.57,6.01,37.15,799.64,91.52,2026-03-31 00:03:57.202,45,Moderate
25.72,6.0,37.68,800.0,98.45,2026-03-31 00:06:57.202,45,Moderate
25.69,6.0,34.9,800.0,28.79,2026-03-31 00:09:57.202,45,Moderate
25.65,6.01,35.44,800.0,48.91,2026-03-31 00:12:57.202,45,Moderate
25.61,6.0,33.77,800.0,36.84,2026-03-31 00:15:57.202,45,Moderate
25.54,6.0,41.94,800.0,92.55,2026-03-31 00:18:57.202,45,Moderate
25.49,6.0,39.63,800.0,69.11,2026-03-31 00:21:57.202,45,Moderate
25.54,6.01,33.6,800.0,106.89,2026-03-31 00:24:57.202,45,Moderate
25.6,6.0,42.36,800.0,105.24,2026-03-31 00:27:57.202,45,Moderate
25.52,6.0,37.6,800.0,111.21,2026-03-31 00:30:57.202,45,Moderate
25.47,6.01,29.99,800.0,70.75,2026-03-31 00:33:57.202,30,Safe
25.54,6.01,40.63,800.0,75.14,2026-03-31 00:36:57.202,45,Moderate
25.47,6.0,36.23,799.85,15.94,2026-03-31 00:39:57.202,45,Moderate
25.6,6.01,39.68,800.0,52.11,2026-03-31 00:42:57.202,45,Moderate
25.62,6.0,40.39,799.99,46.29,2026-03-31 00:45:57.202,45,Moderate
25.7,6.0,42.85,800.0,67.61,2026-03-31 00:48:57.202,45,Moderate
25.63,6.0,42.1,800.0,100.8,2026-03-31 00:51:57.202,45,Moderate
25.59,6.0,38.65,800.0,97.0,2026-03-31 00:54:57.202,45,Moderate
25.66,6.0,37.83,799.84,44.31,2026-03-31 00:57:57.202,45,Moderate
25.59,6.0,38.99,800.0,19.27,2026-03-31 01:00:57.202,45,Moderate
25.66,6.02,38.44,799.99,74.58,2026-03-31 01:03:57.202,45,Moderate
25.7,6.02,39.72,799.73,61.62,2026-03-31 01:06:57.202,45,Moderate
25.57,6.0,33.07,800.0,114.84,2026-03-31 01:09:57.202,45,Moderate
25.62,6.01,35.29,799.18,56.81,2026-03-31 01:12:57.202,45,Moderate
25.72,6.01,41.4,800.0,78.78,2026-03-31 01:15:57.202,45,Moderate
25.65,6.01,33.26,800.0,85.7,2026-03-31 01:18:57.202,45,Moderate
25.65,6.01,30.83,800.0,74.07,2026-03-31 01:21:57.202,45,Moderate
25.64,6.0,39.34,800.0,41.02,2026-03-31 01:24:57.202,45,Moderate
25.61,6.0,39.45,799.93,109.39,2026-03-31 01:27:57.202,45,Moderate
25.53,6.0,36.77,799.9,706.9,2026-03-31 01:30:57.202,45,Moderate
25.58,6.01,35.45,800.0,628.98,2026-03-31 01:33:57.202,45,Moderate
25.44,6.0,41.49,800.0,611.87,2026-03-31 01:36:57.202,45,Moderate
25.58,6.02,32.22,800.0,409.65,2026-03-31 01:39:57.202,45,Moderate
25.64,6.0,33.68,800.0,303.34,2026-03-31 01:42:57.202,45,Moderate
25.61,6.0,38.13,800.0,125.95,2026-03-31 01:45:57.202,45,Moderate
25.61,6.0,36.31,799.97,440.81,2026-03-31 01:48:57.202,45,Moderate
25.62,6.0,41.54,798.92,316.83,2026-03-31 01:51:57.202,45,Moderate
25.71,6.0,34.44,799.73,452.24,2026-03-31 01:54:57.202,45,Moderate
25.58,6.0,37.14,799.7,717.46,2026-03-31 01:57:57.202,45,Moderate
25.66,6.0,40.09,799.77,512.82,2026-03-31 02:00:57.202,45,Moderate
25.6,6.0,38.81,799.78,331.72,2026-03-31 02:03:57.202,45,Moderate
25.62,6.0,31.27,800.0,611.19,2026-03-31 02:06:57.202,45,Moderate
25.6,6.0,32.2,800.0,205.76,2026-03-31 02:09:57.202,45,Moderate
25.51,6.0,33.11,800.0,222.79,2026-03-31 02:12:57.202,45,Moderate
25.43,6.0,33.82,800.0,522.65,2026-03-31 02:15:57.202,45,Moderate
25.52,6.0,39.39,800.0,243.55,2026-03-31 02:18:57.202,45,Moderate
25.5,6.0,32.75,800.0,222.33,2026-03-31 02:21:57.202,45,Moderate
25.55,6.0,33.24,799.97,689.0,2026-03-31 02:24:57.202,45,Moderate
25.64,6.01,32.86,800.0,302.6,2026-03-31 02:27:57.202,45,Moderate
25.68,6.0,43.64,800.0,1891.29,2026-03-31 02:30:57.202,45,Moderate
25.67,6.0,46.83,800.0,2091.23,2026-03-31 02:33:57.202,45,Moderate
25.62,6.0,42.39,800.0,2550.08,2026-03-31 02:36:57.202,45,Moderate
25.62,6.0,52.05,800.0,1957.06,2026-03-31 02:39:57.202,45,Moderate
25.64,6.0,45.38,800.0,1827.48,2026-03-31 02:42:57.202,45,Moderate
25.64,6.0,54.19,800.0,2344.26,2026-03-31 02:45:57.202,45,Moderate
25.62,6.0,48.83,800.0,2549.29,2026-03-31 02:48:57.202,45,Moderate
25.59,6.0,44.51,800.0,2125.26,2026-03-31 02:51:57.202,45,Moderate
25.61,6.0,50.74,800.0,1821.46,2026-03-31 02:54:57.202,45,Moderate
25.57,6.0,58.86,800.0,2779.37,2026-03-31 02:57:57.202,45,Moderate
25.62,6.0,49.51,800.0,1727.24,2026-03-31 03:00:57.202,45,Moderate
25.7,6.0,40.91,800.0,1886.56,2026-03-31 03:03:57.202,45,Moderate
25.58,6.0,40.06,800.0,2473.16,2026-03-31 03:06:57.202,45,Moderate
25.59,6.0,46.68,800.0,2629.62,2026-03-31 03:09:57.202,45,Moderate
25.65,6.0,41.44,800.0,1824.63,2026-03-31 03:12:57.202,45,Moderate
25.64,6.0,39.38,800.0,1288.19,2026-03-31 03:15:57.202,45,Moderate
25.57,6.0,49.73,800.0,1873.46,2026-03-31 03:18:57.202,45,Moderate
25.55,6.0,45.04,800.0,1650.77,2026-03-31 03:21:57.202,45,Moderate
25.59,6.0,41.9,800.0,2387.9,2026-03-31 03:24:57.202,45,Moderate
25.56,6.0,42.92,800.0,2251.83,2026-03-31 03:27:57.202,45,Moderate
25.54,6.0,40.33,799.14,1495.4,2026-03-31 03:30:57.202,45,Moderate
25.52,6.0,40.23,799.82,2168.81,2026-03-31 03:33:57.202,45,Moderate
25.48,6.0,46.33,800.0,1704.54,2026-03-31 03:36:57.202,45,Moderate
25.64,6.0,45.89,800.0,2415.89,2026-03-31 03:39:57.202,45,Moderate
25.61,6.0,46.51,800.0,2831.97,2026-03-31 03:42:57.202,45,Moderate
25.69,6.0,47.5,799.84,1813.84,2026-03-31 03:45:57.202,45,Moderate
25.58,6.0,42.0,799.67,2156.95,2026-03-31 03:48:57.202,45,Moderate
25.6,6.0,42.66,800.0,2946.39,2026-03-31 03:51:57.202,45,Moderate
25.61,6.0,45.21,799.94,2738.17,2026-03-31 03:54:57.202,45,Moderate
25.64,6.0,47.65,800.0,2309.04,2026-03-31 03:57:57.202,45,Moderate
25.71,6.0,44.57,800.0,2350.59,2026-03-31 04:00:57.202,45,Moderate
25.71,6.0,37.77,799.43,2346.14,2026-03-31 04:03:57.202,45,Moderate
25.65,6.03,41.95,798.56,1429.46,2026-03-31 04:06:57.202,45,Moderate
25.7,6.0,42.42,799.99,2748.85,2026-03-31 04:09:57.202,45,Moderate
25.59,6.0,45.79,800.0,1746.14,2026-03-31 04:12:57.202,45,Moderate
25.62,6.0,38.86,799.87,1607.63,2026-03-31 04:15:57.202,45,Moderate
25.54,6.0,48.42,800.0,1251.59,2026-03-31 04:18:57.202,45,Moderate
25.53,6.0,39.66,800.0,1854.27,2026-03-31 04:21:57.202,45,Moderate
25.63,6.0,42.03,800.0,2659.49,2026-03-31 04:24:57.202,45,Moderate
25.58,6.0,37.53,800.0,2247.61,2026-03-31 04:27:57.202,45,Moderate
25.7,6.0,46.01,800.0,2561.46,2026-03-31 04:30:57.202,45,Moderate
25.66,6.0,47.03,800.0,2429.58,2026-03-31 04:33:57.202,45,Moderate
25.83,6.0,43.26,799.37,2841.43,2026-03-31 04:36:57.202,45,Moderate
25.7,6.0,45.02,800.0,2034.28,2026-03-31 04:39:57.202,45,Moderate
25.85,6.0,44.77,800.0,3039.37,2026-03-31 04:42:57.202,45,Moderate
25.82,6.01,40.6,800.0,1929.92,2026-03-31 04:45:57.202,45,Moderate
25.88,6.0,40.37,800.0,2389.09,2026-03-31 04:48:57.202,45,Moderate
25.85,6.0,47.0,800.0,2583.82,2026-03-31 04:51:57.202,45,Moderate
25.87,6.0,39.95,800.0,2727.9,2026-03-31 04:54:57.202,45,Moderate
25.85,6.0,45.21,799.19,1695.89,2026-03-31 04:57:57.202,45,Moderate
25.77,6.0,43.61,800.0,2407.53,2026-03-31 05:00:57.202,45,Moderate
25.7,6.0,37.03,800.0,2533.27,2026-03-31 05:03:57.202,45,Moderate
25.65,6.01,38.99,800.0,2616.36,2026-03-31 05:06:57.202,45,Moderate
25.72,6.02,47.09,800.0,2341.96,2026-03-31 05:09:57.202,45,Moderate
25.83,6.01,41.49,800.0,1982.72,2026-03-31 05:12:57.202,45,Moderate
25.85,6.0,42.68,800.0,2800.03,2026-03-31 05:15:57.202,45,Moderate
25.96,6.0,39.72,800.0,1979.03,2026-03-31 05:18:57.202,45,Moderate
25.84,6.01,43.72,800.0,1540.92,2026-03-31 05:21:57.202,45,Moderate
25.78,6.0,47.11,800.0,2488.95,2026-03-31 05:24:57.202,45,Moderate
25.77,6.0,42.46,799.91,2197.61,2026-03-31 05:27:57.202,45,Moderate
25.85,6.0,42.28,799.96,2338.4,2026-03-31 05:30:57.202,45,Moderate
25.81,6.01,45.27,800.0,1890.01,2026-03-31 05:33:57.202,45,Moderate
25.85,6.0,44.64,800.0,1748.49,2026-03-31 05:36:57.202,45,Moderate
25.87,6.0,43.45,800.0,1573.78,2026-03-31 05:39:57.202,45,Moderate
25.84,6.0,41.17,800.0,1749.84,2026-03-31 05:42:57.202,45,Moderate
25.76,6.0,44.15,799.26,2539.77,2026-03-31 05:45:57.202,45,Moderate
25.86,6.0,43.14,800.0,2243.9,2026-03-31 05:48:57.202,45,Moderate
25.85,6.0,44.88,800.0,2087.7,2026-03-31 05:51:57.202,45,Moderate
25.73,6.0,43.19,800.0,2347.93,2026-03-31 05:54:57.202,45,Moderate
25.81,6.0,42.39,800.0,2471.12,2026-03-31 05:57:57.202,45,Moderate
25.96,6.0,45.44,798.68,2322.31,2026-03-31 06:00:57.202,45,Moderate
25.83,6.0,41.53,800.0,2306.39,2026-03-31 06:03:57.202,45,Moderate
25.94,6.0,39.89,800.0,2469.36,2026-03-31 06:06:57.202,45,Moderate
25.89,6.0,37.73,799.92,2213.31,2026-03-31 06:09:57.202,45,Moderate
25.86,6.0,43.76,800.0,1781.36,2026-03-31 06:12:57.202,45,Moderate
25.76,6.0,46.19,800.0,2046.06,2026-03-31 06:15:57.202,45,Moderate
25.82,6.0,40.7,800.0,2494.86,2026-03-31 06:18:57.202,45,Moderate
25.92,6.01,40.16,799.17,2817.46,2026-03-31 06:21:57.202,45,Moderate
25.95,6.0,42.91,799.44,2368.02,2026-03-31 06:24:57.202,45,Moderate
25.88,6.0,44.33,799.52,1525.28,2026-03-31 06:27:57.202,45,Moderate
25.94,6.0,41.09,800.0,2415.82,2026-03-31 06:30:57.202,45,Moderate
25.96,6.01,42.55,800.0,1710.83,2026-03-31 06:33:57.202,45,Moderate
25.93,6.0,39.41,800.0,2226.48,2026-03-31 06:36:57.202,45,Moderate
25.9,6.0,46.37,800.0,2215.38,2026-03-31 06:39:57.202,45,Moderate
25.81,6.01,43.44,800.0,1859.55,2026-03-31 06:42:57.202,45,Moderate
25.87,6.0,42.78,800.0,1537.94,2026-03-31 06:45:57.202,45,Moderate
25.81,6.0,43.03,800.0,2522.98,2026-03-31 06:48:57.202,45,Moderate
25.9,6.0,36.83,799.63,2416.53,2026-03-31 06:51:57.202,45,Moderate
25.91,6.0,41.16,799.78,2322.13,2026-03-31 06:54:57.202,45,Moderate
25.82,6.01,41.52,800.0,2652.97,2026-03-31 06:57:57.202,45,Moderate
25.88,6.0,44.25,800.0,2342.0,2026-03-31 07:00:57.202,45,Moderate
25.76,6.0,43.44,800.0,1426.96,2026-03-31 07:03:57.202,45,Moderate
25.87,6.0,38.51,800.0,2781.13,2026-03-31 07:06:57.202,45,Moderate
25.92,6.0,44.21,800.0,1719.88,2026-03-31 07:09:57.202,45,Moderate
25.92,6.0,44.5,800.0,2234.22,2026-03-31 07:12:57.202,45,Moderate
25.89,6.0,40.13,800.0,2129.35,2026-03-31 07:15:57.202,45,Moderate
25.85,6.0,42.81,799.28,2667.32,2026-03-31 07:18:57.202,45,Moderate
25.84,6.0,46.9,800.0,2200.99,2026-03-31 07:21:57.202,45,Moderate
25.74,6.0,42.79,800.0,1992.05,2026-03-31 07:24:57.202,45,Moderate
25.81,6.0,34.73,800.0,2891.6,2026-03-31 07:27:57.202,45,Moderate
25.8,6.0,36.96,800.0,1949.34,2026-03-31 07:30:57.202,45,Moderate
25.79,6.0,42.04,800.0,2570.92,2026-03-31 07:33:57.202,45,Moderate
25.73,6.0,45.1,800.0,2370.94,2026-03-31 07:36:57.202,45,Moderate
25.93,6.0,47.0,800.0,2122.33,2026-03-31 07:39:57.202,45,Moderate
25.85,6.0,39.72,800.0,2511.37,2026-03-31 07:42:57.202,45,Moderate
25.94,6.0,38.74,800.0,1497.49,2026-03-31 07:45:57.202,45,Moderate
26.02,6.0,35.15,800.0,2421.91,2026-03-31 07:48:57.202,45,Moderate
25.97,6.0,42.89,799.73,2036.25,2026-03-31 07:51:57.202,45,Moderate
25.89,6.0,41.25,800.0,2352.26,2026-03-31 07:54:57.202,45,Moderate
25.84,6.0,37.5,800.0,1510.61,2026-03-31 07:57:57.202,45,Moderate
25.87,6.0,37.52,800.0,1498.24,2026-03-31 08:00:57.202,45,Moderate
25.81,6.01,39.45,800.0,2533.47,2026-03-31 08:03:57.202,45,Moderate
25.79,6.0,37.53,799.12,2481.16,2026-03-31 08:06:57.202,45,Moderate
25.9,6.0,37.32,799.06,1724.34,2026-03-31 08:09:57.202,45,Moderate
25.86,6.01,40.05,799.32,1894.37,2026-03-31 08:12:57.202,45,Moderate
25.76,6.0,47.14,800.0,1600.08,2026-03-31 08:15:57.202,45,Moderate
25.79,6.0,46.2,800.0,2109.82,2026-03-31 08:18:57.202,45,Moderate
25.81,6.0,38.39,800.0,2375.8,2026-03-31 08:21:57.202,45,Moderate
25.84,6.0,47.05,799.9,2914.3,2026-03-31 08:24:57.202,45,Moderate
25.97,6.0,43.53,799.17,2285.34,2026-03-31 08:27:57.202,45,Moderate
25.87,6.0,47.56,799.8,2231.45,2026-03-31 08:30:57.202,45,Moderate
25.83,6.0,44.89,800.0,2318.44,2026-03-31 08:33:57.202,45,Moderate
25.72,6.01,45.26,800.0,2532.33,2026-03-31 08:36:57.202,45,Moderate
25.68,6.0,37.29,800.0,1867.16,2026-03-31 08:39:57.202,45,Moderate
25.81,6.0,38.83,800.0,1767.12,2026-03-31 08:42:57.202,45,Moderate
25.78,6.0,41.87,800.0,2418.69,2026-03-31 08:45:57.202,45,Moderate
25.84,6.0,38.18,800.0,2089.08,2026-03-31 08:48:57.202,45,Moderate
25.84,6.0,41.42,800.0,2455.3,2026-03-31 08:51:57.202,45,Moderate
25.82,6.0,43.8,800.0,2381.36,2026-03-31 08:54:57.202,45,Moderate
25.82,6.02,47.35,799.41,1183.88,2026-03-31 08:57:57.202,45,Moderate
25.72,6.0,36.97,800.0,2621.12,2026-03-31 09:00:57.202,45,Moderate
25.7,6.0,38.12,800.0,1866.84,2026-03-31 09:03:57.202,45,Moderate
25.83,6.01,43.79,799.75,1197.73,2026-03-31 09:06:57.202,45,Moderate
25.93,6.0,43.04,800.0,1558.93,2026-03-31 09:09:57.202,45,Moderate
25.89,6.0,45.47,800.0,1537.31,2026-03-31 09:12:57.202,45,Moderate
25.88,6.01,44.23,799.71,2296.33,2026-03-31 09:15:57.202,45,Moderate
25.9,6.01,37.93,799.94,2071.58,2026-03-31 09:18:57.202,45,Moderate
25.79,6.0,42.33,799.39,2204.98,2026-03-31 09:21:57.202,45,Moderate
25.78,6.0,46.7,798.27,2835.43,2026-03-31 09:24:57.202,45,Moderate
25.85,6.0,40.56,799.22,2200.31,2026-03-31 09:27:57.202,45,Moderate
25.85,6.0,39.74,798.49,2204.03,2026-03-31 09:30:57.202,45,Moderate
25.85,6.0,43.01,796.94,2082.93,2026-03-31 09:33:57.202,45,Moderate
25.8,6.0,42.96,796.92,2276.24,2026-03-31 09:36:57.202,45,Moderate
25.77,6.0,35.29,796.65,1833.13,2026-03-31 09:39:57.202,45,Moderate
25.86,6.0,45.12,797.18,2032.49,2026-03-31 09:42:57.202,45,Moderate
25.81,6.0,41.28,797.23,2058.83,2026-03-31 09:45:57.202,45,Moderate
25.82,6.03,42.08,797.29,2317.73,2026-03-31 09:48:57.202,45,Moderate
25.82,6.05,38.28,798.23,2367.76,2026-03-31 09:51:57.202,45,Moderate
25.8,6.04,38.51,797.41,1489.41,2026-03-31 09:54:57.202,45,Moderate
25.76,6.03,38.04,797.42,2215.09,2026-03-31 09:57:57.202,45,Moderate
25.82,6.0,42.08,798.23,1233.76,2026-03-31 10:00:57.202,45,Moderate
25.72,6.0,39.71,799.43,2510.67,2026-03-31 10:03:57.202,45,Moderate
25.77,6.0,42.02,800.0,2655.85,2026-03-31 10:06:57.202,45,Moderate
25.77,6.0,37.26,800.0,2472.96,2026-03-31 10:09:57.202,45,Moderate
25.83,6.0,39.53,799.83,1676.01,2026-03-31 10:12:57.202,45,Moderate
25.89,6.0,39.56,800.0,2504.31,2026-03-31 10:15:57.202,45,Moderate
25.76,6.0,40.72,800.0,1891.3,2026-03-31 10:18:57.202,45,Moderate
25.8,6.0,43.48,800.0,1727.14,2026-03-31 10:21:57.202,45,Moderate
25.79,6.0,36.44,800.0,2575.87,2026-03-31 10:24:57.202,45,Moderate
25.77,6.0,35.59,800.0,1470.87,2026-03-31 10:27:57.202,45,Moderate
25.87,6.0,43.23,800.0,1350.66,2026-03-31 10:30:57.202,45,Moderate
25.8,6.0,44.07,800.0,2732.16,2026-03-31 10:33:57.202,45,Moderate
25.89,6.0,34.54,800.0,2351.11,2026-03-31 10:36:57.202,45,Moderate
25.82,6.01,41.59,800.0,2067.57,2026-03-31 10:39:57.202,45,Moderate
25.88,6.0,43.71,800.0,2043.03,2026-03-31 10:42:57.202,45,Moderate
25.9,6.0,42.9,800.0,2077.11,2026-03-31 10:45:57.202,45,Moderate
25.97,6.04,40.22,800.0,2228.33,2026-03-31 10:48:57.202,45,Moderate
25.81,6.03,34.41,800.0,1624.52,2026-03-31 10:51:57.202,45,Moderate
25.79,6.03,40.79,800.0,2101.72,2026-03-31 10:54:57.202,45,Moderate
25.87,6.0,43.62,799.65,2529.15,2026-03-31 10:57:57.202,45,Moderate
25.79,6.0,43.77,800.0,2111.07,2026-03-31 11:00:57.202,45,Moderate
25.83,6.0,35.62,800.0,2694.32,2026-03-31 11:03:57.202,45,Moderate
25.82,6.0,41.11,800.0,2872.5,2026-03-31 11:06:57.202,45,Moderate
25.85,6.0,38.52,799.95,2564.1,2026-03-31 11:09:57.202,45,Moderate
25.81,6.0,40.94,800.0,1637.49,2026-03-31 11:12:57.202,45,Moderate
25.89,6.0,39.14,800.0,2531.7,2026-03-31 11:15:57.202,45,Moderate
25.87,6.0,45.12,800.0,1770.11,2026-03-31 11:18:57.202,45,Moderate
25.85,6.0,38.7,800.0,2293.25,2026-03-31 11:21:57.202,45,Moderate
25.72,6.0,42.82,800.0,2725.68,2026-03-31 11:24:57.202,45,Moderate
25.87,6.02,39.08,800.0,2376.91,2026-03-31 11:27:57.202,45,Moderate
25.81,6.04,37.42,799.94,2081.69,2026-03-31 11:30:57.202,45,Moderate
25.72,6.03,35.97,800.0,1885.15,2026-03-31 11:33:57.202,45,Moderate
25.62,6.01,38.21,800.0,1316.82,2026-03-31 11:36:57.202,45,Moderate
25.58,6.01,40.5,800.0,2244.27,2026-03-31 11:39:57.202,45,Moderate
25.42,6.0,35.74,800.0,1978.01,2026-03-31 11:42:57.202,45,Moderate
25.59,6.02,41.56,800.0,1349.43,2026-03-31 11:45:57.202,45,Moderate
25.64,6.0,43.81,799.63,1423.13,2026-03-31 11:48:57.202,45,Moderate
25.68,6.0,41.22,799.11,2374.48,2026-03-31 11:51:57.202,45,Moderate
25.54,6.0,37.29,799.57,1920.34,2026-03-31 11:54:57.202,45,Moderate
25.71,6.0,39.27,799.05,2500.78,2026-03-31 11:57:57.202,45,Moderate
25.56,6.0,40.22,800.0,2494.53,2026-03-31 12:00:57.202,45,Moderate
25.57,6.0,37.34,798.79,2314.34,2026-03-31 12:03:57.202,45,Moderate
25.62,6.0,38.24,800.0,1238.69,2026-03-31 12:06:57.202,45,Moderate
25.62,6.0,37.23,800.0,1890.64,2026-03-31 12:09:57.202,45,Moderate
25.5,6.0,40.45,800.0,1746.09,2026-03-31 12:12:57.202,45,Moderate
25.54,6.01,39.09,800.0,1733.77,2026-03-31 12:15:57.202,45,Moderate
25.61,6.0,43.33,800.0,2100.88,2026-03-31 12:18:57.202,45,Moderate
25.57,6.0,37.22,799.25,2446.49,2026-03-31 12:21:57.202,45,Moderate
25.61,6.0,39.26,800.0,1310.16,2026-03-31 12:24:57.202,45,Moderate
25.6,6.0,45.07,800.0,1754.17,2026-03-31 12:27:57.202,45,Moderate
25.63,6.0,47.37,800.0,97.85,2026-03-31 12:30:57.202,45,Moderate
25.56,6.0,53.53,800.0,109.77,2026-03-31 12:33:57.202,45,Moderate
25.51,6.0,49.41,800.0,127.57,2026-03-31 12:36:57.202,45,Moderate
25.63,6.0,45.91,800.0,33.42,2026-03-31 12:39:57.202,45,Moderate
25.54,6.0,45.02,800.0,113.95,2026-03-31 12:42:57.202,45,Moderate
25.59,6.01,54.01,800.0,121.05,2026-03-31 12:45:57.202,45,Moderate
25.54,6.0,52.15,800.0,78.52,2026-03-31 12:48:57.202,45,Moderate
25.62,6.0,52.67,800.0,162.43,2026-03-31 12:51:57.202,45,Moderate
25.61,6.0,57.94,800.0,46.11,2026-03-31 12:54:57.202,45,Moderate
25.56,6.0,51.65,800.0,137.44,2026-03-31 12:57:57.202,45,Moderate
25.5,6.0,53.09,800.0,176.66,2026-03-31 13:00:57.202,45,Moderate
25.58,6.0,44.64,800.0,176.66,2026-03-31 13:03:57.202,45,Moderate
25.55,6.0,49.7,798.67,75.43,2026-03-31 13:06:57.202,45,Moderate
25.7,6.0,49.57,799.39,101.81,2026-03-31 13:09:57.202,45,Moderate
25.75,6.01,54.05,799.13,118.19,2026-03-31 13:12:57.202,45,Moderate
25.63,6.0,46.57,798.33,125.21,2026-03-31 13:15:57.202,45,Moderate
25.59,6.0,41.64,798.4,111.89,2026-03-31 13:18:57.202,45,Moderate
25.57,6.0,44.02,798.36,140.5,2026-03-31 13:21:57.202,45,Moderate
25.62,6.0,45.25,800.0,81.28,2026-03-31 13:24:57.202,45,Moderate
25.57,6.0,45.45,800.0,108.93,2026-03-31 13:27:57.202,45,Moderate
25.58,6.0,45.83,800.0,105.45,2026-03-31 13:30:57.202,45,Moderate
25.56,6.0,46.08,800.0,4.16,2026-03-31 13:33:57.202,45,Moderate
25.65,6.0,46.71,800.0,10.44,2026-03-31 13:36:57.202,45,Moderate
25.55,6.0,51.54,800.0,16.87,2026-03-31 13:39:57.202,45,Moderate
25.65,6.0,48.24,800.0,77.67,2026-03-31 13:42:57.202,45,Moderate
25.54,6.03,48.14,800.0,196.31,2026-03-31 13:45:57.202,45,Moderate
25.57,6.03,46.7,799.61,172.1,2026-03-31 13:48:57.202,45,Moderate
25.61,6.01,51.33,800.0,12.64,2026-03-31 13:51:57.202,45,Moderate
25.58,6.0,50.56,800.0,18.0,2026-03-31 13:54:57.202,45,Moderate
25.47,6.0,49.06,800.0,185.99,2026-03-31 13:57:57.202,45,Moderate
25.56,6.0,48.47,799.98,164.44,2026-03-31 14:00:57.202,45,Moderate
25.7,6.0,45.94,799.41,152.49,2026-03-31 14:03:57.202,45,Moderate
25.55,6.0,46.85,797.88,80.7,2026-03-31 14:06:57.202,45,Moderate
25.56,6.0,47.73,799.5,2.33,2026-03-31 14:09:57.202,45,Moderate
25.6,6.0,45.95,798.79,242.31,2026-03-31 14:12:57.202,45,Moderate
25.59,6.0,48.35,800.0,144.63,2026-03-31 14:15:57.202,45,Moderate
25.64,6.0,48.83,800.0,13.89,2026-03-31 14:18:57.202,45,Moderate
25.66,6.0,45.25,799.44,176.11,2026-03-31 14:21:57.202,45,Moderate
25.57,6.0,48.2,800.0,141.35,2026-03-31 14:24:57.202,45,Moderate
25.67,6.0,48.01,800.0,10.08,2026-03-31 14:27:57.202,45,Moderate
25.61,6.01,51.64,799.2,16.97,2026-03-31 14:30:57.202,45,Moderate
25.6,6.0,51.66,799.36,18.79,2026-03-31 14:33:57.202,45,Moderate
25.6,6.02,46.13,800.0,1.68,2026-03-31 14:36:57.202,45,Moderate
25.53,6.02,51.92,800.0,13.39,2026-03-31 14:39:57.202,45,Moderate
25.46,6.01,48.39,800.0,11.43,2026-03-31 14:42:57.202,45,Moderate
25.49,6.0,45.85,800.0,17.52,2026-03-31 14:45:57.202,45,Moderate
25.65,6.0,50.24,800.0,17.64,2026-03-31 14:48:57.202,45,Moderate
25.63,6.0,54.52,800.0,2.28,2026-03-31 14:51:57.202,45,Moderate
25.65,6.0,44.5,800.0,102.63,2026-03-31 14:54:57.202,45,Moderate
25.64,6.0,42.45,799.51,13.79,2026-03-31 14:57:57.202,45,Moderate
25.6,6.0,50.23,799.98,12.53,2026-03-31 15:00:57.202,45,Moderate
25.56,6.0,46.48,798.78,4.64,2026-03-31 15:03:57.202,45,Moderate
25.54,6.0,48.44,799.28,6.33,2026-03-31 15:06:57.202,45,Moderate
25.58,6.0,44.93,800.0,16.65,2026-03-31 15:09:57.202,45,Moderate
25.55,6.0,46.93,800.0,224.07,2026-03-31 15:12:57.202,45,Moderate
25.55,6.0,47.91,800.0,19.08,2026-03-31 15:15:57.202,45,Moderate
25.6,6.0,53.09,799.77,7.64,2026-03-31 15:18:57.202,45,Moderate
25.67,6.0,47.59,800.0,12.35,2026-03-31 15:21:57.202,45,Moderate
25.65,6.0,43.96,800.0,5.27,2026-03-31 15:24:57.202,45,Moderate
25.65,6.0,51.57,799.86,77.19,2026-03-31 15:27:57.202,45,Moderate
25.66,6.0,45.81,799.94,12.21,2026-03-31 15:30:57.202,45,Moderate
25.64,6.0,45.17,800.0,15.0,2026-03-31 15:33:57.202,45,Moderate
25.54,6.0,40.93,800.0,16.28,2026-03-31 15:36:57.202,45,Moderate
25.57,6.0,42.87,799.95,7.72,2026-03-31 15:39:57.202,45,Moderate
25.6,6.0,42.14,800.0,4.9,2026-03-31 15:42:57.202,45,Moderate
25.55,6.0,51.43,800.0,2.3,2026-03-31 15:45:57.202,45,Moderate
25.46,6.0,48.5,799.21,0.86,2026-03-31 15:48:57.202,45,Moderate
25.52,6.0,48.02,800.0,6.52,2026-03-31 15:51:57.202,45,Moderate
25.5,6.0,47.15,800.0,3.53,2026-03-31 15:54:57.202,45,Moderate
25.6,6.0,50.57,800.0,0.59,2026-03-31 15:57:57.202,45,Moderate
25.58,6.0,48.41,800.0,10.16,2026-03-31 16:00:57.202,45,Moderate
25.65,6.0,48.56,800.0,3.38,2026-03-31 16:03:57.202,45,Moderate
25.66,6.0,48.09,800.0,16.59,2026-03-31 16:06:57.202,45,Moderate
25.58,6.0,42.94,800.0,18.27,2026-03-31 16:09:57.202,45,Moderate
25.66,6.0,43.34,800.0,9.51,2026-03-31 16:12:57.202,45,Moderate
25.63,6.0,44.97,800.0,10.41,2026-03-31 16:15:57.202,45,Moderate
25.63,6.0,45.68,800.0,3.1,2026-03-31 16:18:57.202,45,Moderate
25.68,6.0,45.37,800.0,13.55,2026-03-31 16:21:57.202,45,Moderate
25.64,6.0,45.58,800.0,5.76,2026-03-31 16:24:57.202,45,Moderate
25.64,6.0,40.1,800.0,11.68,2026-03-31 16:27:57.202,45,Moderate
25.62,6.0,44.07,800.0,10.25,2026-03-31 16:30:57.202,45,Moderate
25.62,6.0,48.7,800.0,6.56,2026-03-31 16:33:57.202,45,Moderate
25.58,6.0,49.17,799.87,6.23,2026-03-31 16:36:57.202,45,Moderate
25.58,6.0,45.55,800.0,8.38,2026-03-31 16:39:57.202,45,Moderate
25.64,6.0,49.95,800.0,16.97,2026-03-31 16:42:57.202,45,Moderate
25.65,6.0,48.72,800.0,15.99,2026-03-31 16:45:57.202,45,Moderate
25.65,6.0,47.39,800.0,16.4,2026-03-31 16:48:57.202,45,Moderate
25.58,6.0,46.46,800.0,12.46,2026-03-31 16:51:57.202,45,Moderate
25.57,6.0,48.45,800.0,7.15,2026-03-31 16:54:57.202,45,Moderate
25.62,6.01,45.95,800.0,1.76,2026-03-31 16:57:57.202,45,Moderate
25.56,6.0,48.19,800.0,2.71,2026-03-31 17:00:57.202,45,Moderate
25.53,6.0,39.72,800.0,2.27,2026-03-31 17:03:57.202,45,Moderate
25.49,6.01,42.77,800.0,13.11,2026-03-31 17:06:57.202,45,Moderate
25.62,6.01,45.72,799.52,4.03,2026-03-31 17:09:57.202,45,Moderate
25.67,6.0,42.3,800.0,18.4,2026-03-31 17:12:57.202,45,Moderate
25.69,6.0,49.69,799.97,17.31,2026-03-31 17:15:57.202,45,Moderate
25.62,6.0,49.0,800.0,16.4,2026-03-31 17:18:57.202,45,Moderate
25.62,6.0,42.32,800.0,8.4,2026-03-31 17:21:57.202,45,Moderate
25.62,6.0,49.61,800.0,6.76,2026-03-31 17:24:57.202,45,Moderate
25.5,6.0,49.47,800.0,10.03,2026-03-31 17:27:57.202,45,Moderate
25.59,6.0,42.76,800.0,14.93,2026-03-31 17:30:57.202,45,Moderate
25.61,6.0,42.12,800.0,10.36,2026-03-31 17:33:57.202,45,Moderate
25.53,6.0,45.67,800.0,4.82,2026-03-31 17:36:57.202,45,Moderate
25.55,6.0,46.49,800.0,7.17,2026-03-31 17:39:57.202,45,Moderate
25.61,6.0,45.55,800.0,3.81,2026-03-31 17:42:57.202,45,Moderate
25.58,6.0,46.68,800.0,15.86,2026-03-31 17:45:57.202,45,Moderate
25.61,6.0,48.94,800.0,16.86,2026-03-31 17:48:57.202,45,Moderate
25.58,6.0,43.74,800.0,5.82,2026-03-31 17:51:57.202,45,Moderate
25.66,6.0,43.43,800.0,1.41,2026-03-31 17:54:57.202,45,Moderate
25.55,6.0,39.86,800.0,4.34,2026-03-31 17:57:57.202,45,Moderate
25.53,6.0,44.82,800.0,17.02,2026-03-31 18:00:57.202,45,Moderate
25.62,6.0,45.44,800.0,12.13,2026-03-31 18:03:57.202,45,Moderate
25.69,6.0,40.56,800.0,11.75,2026-03-31 18:06:57.202,45,Moderate
25.73,6.01,50.62,799.87,17.35,2026-03-31 18:09:57.202,45,Moderate
25.65,6.01,45.81,799.72,10.7,2026-03-31 18:12:57.202,45,Moderate
25.59,6.01,42.69,799.59,12.6,2026-03-31 18:15:57.202,45,Moderate
25.61,6.0,44.78,800.0,1.82,2026-03-31 18:18:57.202,45,Moderate
25.65,6.0,42.78,799.92,13.93,2026-03-31 18:21:57.202,45,Moderate
25.63,6.0,40.67,800.0,8.17,2026-03-31 18:24:57.202,45,Moderate
25.73,6.0,46.81,799.41,0.47,2026-03-31 18:27:57.202,45,Moderate
25.55,6.0,41.81,799.34,4.04,2026-03-31 18:30:57.202,45,Moderate
25.6,6.0,42.43,799.53,0.46,2026-03-31 18:33:57.202,45,Moderate
25.69,6.0,47.37,800.0,4.65,2026-03-31 18:36:57.202,45,Moderate
25.72,6.01,42.24,799.74,0.67,2026-03-31 18:39:57.202,45,Moderate
25.61,6.0,48.31,800.0,3.61,2026-03-31 18:42:57.202,45,Moderate
25.59,6.0,40.61,800.0,4.97,2026-03-31 18:45:57.202,45,Moderate
25.53,6.0,46.29,800.0,0.6,2026-03-31 18:48:57.202,45,Moderate
25.51,6.0,47.85,800.0,2.84,2026-03-31 18:51:57.202,45,Moderate
25.59,6.0,43.36,799.95,2.36,2026-03-31 18:54:57.202,45,Moderate
25.55,6.0,45.07,800.0,0.93,2026-03-31 18:57:57.202,45,Moderate
25.52,6.01,47.41,799.67,2.01,2026-03-31 19:00:57.202,45,Moderate
25.43,6.0,45.7,800.0,0.6,2026-03-31 19:03:57.202,45,Moderate
25.47,6.0,44.03,800.0,3.2,2026-03-31 19:06:57.202,45,Moderate
25.45,6.0,46.78,800.0,0.39,2026-03-31 19:09:57.202,45,Moderate
25.52,6.0,42.16,800.0,2.11,2026-03-31 19:12:57.202,45,Moderate
25.5,6.0,47.19,800.0,1.92,2026-03-31 19:15:57.202,45,Moderate
25.53,6.0,48.17,800.0,0.41,2026-03-31 19:18:57.202,45,Moderate
25.59,6.0,47.74,800.0,4.16,2026-03-31 19:21:57.202,45,Moderate
25.45,6.0,41.51,800.0,4.66,2026-03-31 19:24:57.202,45,Moderate
25.54,6.0,40.7,800.0,0.45,2026-03-31 19:27:57.202,45,Moderate
25.54,6.0,49.07,800.0,3.49,2026-03-31 19:30:57.202,45,Moderate
25.45,6.0,48.0,800.0,1.66,2026-03-31 19:33:57.202,45,Moderate
25.48,6.0,45.6,800.0,1.86,2026-03-31 19:36:57.202,45,Moderate
25.49,6.0,45.04,800.0,1.02,2026-03-31 19:39:57.202,45,Moderate
25.46,6.0,45.53,800.0,4.69,2026-03-31 19:42:57.202,45,Moderate
25.46,6.0,44.47,799.58,4.25,2026-03-31 19:45:57.202,45,Moderate
25.49,6.0,42.08,800.0,3.49,2026-03-31 19:48:57.202,45,Moderate
25.58,6.0,39.21,800.0,2.98,2026-03-31 19:51:57.202,45,Moderate
25.59,6.0,43.16,800.0,1.52,2026-03-31 19:54:57.202,45,Moderate
25.51,6.01,44.26,800.0,3.72,2026-03-31 19:57:57.202,45,Moderate
25.6,6.0,43.24,799.64,2.85,2026-03-31 20:00:57.202,45,Moderate
25.47,6.0,37.5,800.0,1.75,2026-03-31 20:03:57.202,45,Moderate
25.38,6.0,42.57,799.56,0.86,2026-03-31 20:06:57.202,45,Moderate
25.58,6.0,44.36,799.72,1.05,2026-03-31 20:09:57.202,45,Moderate
25.55,6.0,44.9,799.07,0.73,2026-03-31 20:12:57.202,45,Moderate
25.45,6.0,39.42,799.59,4.33,2026-03-31 20:15:57.202,45,Moderate
25.47,6.0,46.51,800.0,3.86,2026-03-31 20:18:57.202,45,Moderate
25.51,6.0,47.75,799.68,1.78,2026-03-31 20:21:57.202,45,Moderate
25.5,6.0,49.01,800.0,1.38,2026-03-31 20:24:57.202,45,Moderate
25.6,6.0,44.59,800.0,1.35,2026-03-31 20:27:57.202,45,Moderate
25.6,6.0,46.97,800.0,4.35,2026-03-31 20:30:57.202,45,Moderate
25.56,6.0,42.19,800.0,3.25,2026-03-31 20:33:57.202,45,Moderate
25.38,6.0,49.79,800.0,3.2,2026-03-31 20:36:57.202,45,Moderate
25.49,6.0,42.77,800.0,0.02,2026-03-31 20:39:57.202,45,Moderate
25.43,6.0,45.78,800.0,2.79,2026-03-31 20:42:57.202,45,Moderate
25.46,6.0,45.53,800.0,2.78,2026-03-31 20:45:57.202,45,Moderate
25.5,6.0,44.67,800.0,4.77,2026-03-31 20:48:57.202,45,Moderate
25.4,6.0,44.67,800.0,3.15,2026-03-31 20:51:57.202,45,Moderate
25.48,6.0,46.08,800.0,1.99,2026-03-31 20:54:57.202,45,Moderate
25.5,6.0,42.17,799.83,2.64,2026-03-31 20:57:57.202,45,Moderate
25.52,6.0,40.02,800.0,0.03,2026-03-31 21:00:57.202,45,Moderate
25.41,6.0,43.78,800.0,1.32,2026-03-31 21:03:57.202,45,Moderate
25.43,6.02,42.14,799.88,2.46,2026-03-31 21:06:57.202,45,Moderate
25.42,6.01,44.36,800.0,3.88,2026-03-31 21:09:57.202,45,Moderate
25.5,6.0,40.69,800.0,0.33,2026-03-31 21:12:57.202,45,Moderate
25.48,6.0,40.53,800.0,3.97,2026-03-31 21:15:57.202,45,Moderate
25.59,6.0,42.93,800.0,3.49,2026-03-31 21:18:57.202,45,Moderate
25.52,6.0,40.22,800.0,0.13,2026-03-31 21:21:57.202,45,Moderate
25.48,6.0,41.92,799.77,0.51,2026-03-31 21:24:57.202,45,Moderate
25.45,6.0,44.62,800.0,4.64,2026-03-31 21:27:57.202,45,Moderate
25.54,6.0,44.58,800.0,0.43,2026-03-31 21:30:57.202,45,Moderate
25.52,6.0,47.74,799.93,0.75,2026-03-31 21:33:57.202,45,Moderate
25.56,6.0,46.88,800.0,1.68,2026-03-31 21:36:57.202,45,Moderate
25.49,6.0,42.32,799.92,2.64,2026-03-31 21:39:57.202,45,Moderate
25.49,6.0,42.29,799.66,3.71,2026-03-31 21:42:57.202,45,Moderate
25.54,6.0,45.78,800.0,2.51,2026-03-31 21:45:57.202,45,Moderate
25.49,6.0,39.09,799.98,3.73,2026-03-31 21:48:57.202,45,Moderate
25.47,6.0,43.62,800.0,2.73,2026-03-31 21:51:57.202,45,Moderate
25.57,6.0,42.07,800.0,0.12,2026-03-31 21:54:57.202,45,Moderate
25.49,6.0,41.74,800.0,2.48,2026-03-31 21:57:57.202,45,Moderate
25.54,6.0,46.95,800.0,4.08,2026-03-31 22:00:57.202,45,Moderate
25.59,6.0,43.62,800.0,1.74,2026-03-31 22:03:57.202,45,Moderate
25.57,6.0,43.49,799.87,2.06,2026-03-31 22:06:57.202,45,Moderate
25.47,6.0,43.97,800.0,1.53,2026-03-31 22:09:57.202,45,Moderate
25.5,6.0,40.05,800.0,2.91,2026-03-31 22:12:57.202,45,Moderate
25.54,6.0,40.15,800.0,4.44,2026-03-31 22:15:57.202,45,Moderate
25.48,6.0,46.5,800.0,0.57,2026-03-31 22:18:57.202,45,Moderate
25.5,6.0,38.76,799.63,3.92,2026-03-31 22:21:57.202,45,Moderate
25.52,6.0,43.17,799.87,1.26,2026-03-31 22:24:57.202,45,Moderate
25.56,6.0,43.35,800.0,2.25,2026-03-31 22:27:57.202,45,Moderate
25.56,6.01,48.07,800.0,3.37,2026-03-31 22:30:57.202,45,Moderate
25.52,6.02,42.7,800.0,3.44,2026-03-31 22:33:57.202,45,Moderate
25.51,6.0,44.93,800.0,0.99,2026-03-31 22:36:57.202,45,Moderate
25.5,6.0,44.12,800.0,1.02,2026-03-31 22:39:57.202,45,Moderate
25.63,6.0,42.47,799.97,1.31,2026-03-31 22:42:57.202,45,Moderate
25.56,6.0,37.91,800.0,2.34,2026-03-31 22:45:57.202,45,Moderate
25.61,6.01,45.24,800.0,0.63,2026-03-31 22:48:57.202,45,Moderate
25.56,6.0,46.44,800.0,2.6,2026-03-31 22:51:57.202,45,Moderate
25.51,6.0,41.45,799.93,3.39,2026-03-31 22:54:57.202,45,Moderate
25.54,6.0,45.23,800.0,0.35,2026-03-31 22:57:57.202,45,Moderate
25.44,6.0,40.74,800.0,1.21,2026-03-31 23:00:57.202,45,Moderate
25.46,6.0,42.63,800.0,0.71,2026-03-31 23:03:57.202,45,Moderate
25.53,6.0,40.56,800.0,0.9,2026-03-31 23:06:57.202,45,Moderate
25.48,6.0,42.21,800.0,3.9,2026-03-31 23:09:57.202,45,Moderate
25.55,6.0,47.46,800.0,0.56,2026-03-31 23:12:57.202,45,Moderate
25.53,6.0,42.48,800.0,3.14,2026-03-31 23:15:57.202,45,Moderate
25.49,6.01,41.54,800.0,1.51,2026-03-31 23:18:57.202,45,Moderate
25.54,6.02,39.27,800.0,4.97,2026-03-31 23:21:57.202,45,Moderate
25.66,6.0,44.74,800.0,3.12,2026-03-31 23:24:57.202,45,Moderate
25.64,6.0,42.67,800.0,2.11,2026-03-31 23:27:57.202,45,Moderate
25.63,6.0,49.02,800.0,333.71,2026-03-31 23:30:57.202,45,Moderate
25.47,6.0,39.67,800.0,272.76,2026-03-31 23:33:57.202,45,Moderate
25.54,6.0,37.77,800.0,341.83,2026-03-31 23:36:57.202,45,Moderate
25.45,6.0,43.18,800.0,362.9,2026-03-31 23:39:57.202,45,Moderate
25.49,6.02,42.4,800.0,212.01,2026-03-31 23:42:57.202,45,Moderate
25.48,6.0,45.49,799.71,190.88,2026-03-31 23:45:57.202,45,Moderate
25.46,6.0,38.67,800.0,340.08,2026-03-31 23:48:57.202,45,Moderate
25.56,6.0,41.88,799.64,344.49,2026-03-31 23:51:57.202,45,Moderate
25.4,6.0,39.03,799.07,226.72,2026-03-31 23:54:57.202,45,Moderate
25.3,6.0,40.52,800.0,385.9,2026-03-31 23:57:57.202,45,Moderate
25.53,6.01,45.42,800.0,356.34,2026-04-01 00:00:57.202,45,Moderate
25.54,6.0,38.91,800.0,300.52,2026-04-01 00:03:57.202,45,Moderate
25.52,6.01,41.22,800.0,189.58,2026-04-01 00:06:57.202,45,Moderate
25.48,6.0,38.57,800.0,126.24,2026-04-01 00:09:57.202,45,Moderate
25.39,6.01,43.89,800.0,331.41,2026-04-01 00:12:57.202,45,Moderate
25.49,6.0,45.59,800.0,206.88,2026-04-01 00:15:57.202,45,Moderate
25.47,6.0,46.69,800.0,194.57,2026-04-01 00:18:57.202,45,Moderate
25.6,6.0,43.99,800.0,277.04,2026-04-01 00:21:57.202,45,Moderate
25.6,6.0,37.9,800.0,228.89,2026-04-01 00:24:57.202,45,Moderate
25.57,6.0,37.9,799.97,208.86,2026-04-01 00:27:57.202,45,Moderate
25.59,6.0,40.18,798.9,38.36,2026-04-01 00:30:57.202,45,Moderate
25.59,6.0,44.0,799.64,114.37,2026-04-01 00:33:57.202,45,Moderate
25.58,6.0,43.23,800.0,41.99,2026-04-01 00:36:57.202,45,Moderate
25.56,6.0,38.03,800.0,89.41,2026-04-01 00:39:57.202,45,Moderate
25.55,6.01,44.71,800.0,114.95,2026-04-01 00:42:57.202,45,Moderate
25.68,6.0,45.92,800.0,74.37,2026-04-01 00:45:57.202,45,Moderate
25.63,6.0,42.44,800.0,111.69,2026-04-01 00:48:57.202,45,Moderate
25.53,6.0,43.68,800.0,96.38,2026-04-01 00:51:57.202,45,Moderate
25.57,6.01,44.21,800.0,89.74,2026-04-01 00:54:57.202,45,Moderate
25.62,6.0,44.08,800.0,15.74,2026-04-01 00:57:57.202,45,Moderate
25.5,6.0,40.76,800.0,86.26,2026-04-01 01:00:57.202,45,Moderate
25.56,6.0,39.99,800.0,106.07,2026-04-01 01:03:57.202,45,Moderate
25.54,6.0,45.66,799.95,26.81,2026-04-01 01:06:57.202,45,Moderate
25.66,6.0,35.63,799.77,102.3,2026-04-01 01:09:57.202,45,Moderate
25.61,6.01,39.54,800.0,109.59,2026-04-01 01:12:57.202,45,Moderate
25.68,6.03,42.32,800.0,74.3,2026-04-01 01:15:57.202,45,Moderate
25.58,6.01,43.2,800.0,77.92,2026-04-01 01:18:57.202,45,Moderate
25.62,6.0,40.35,799.69,81.1,2026-04-01 01:21:57.202,45,Moderate
25.51,6.0,45.52,800.0,107.33,2026-04-01 01:24:57.202,45,Moderate
25.47,6.0,46.74,800.0,30.16,2026-04-01 01:27:57.202,45,Moderate
25.36,6.0,42.06,800.0,211.2,2026-04-01 01:30:57.202,45,Moderate
25.35,6.0,39.03,800.0,242.08,2026-04-01 01:33:57.202,45,Moderate
25.49,6.0,39.98,800.0,172.02,2026-04-01 01:36:57.202,45,Moderate
25.42,6.0,39.44,800.0,540.71,2026-04-01 01:39:57.202,45,Moderate
25.52,6.0,44.89,800.0,448.56,2026-04-01 01:42:57.202,45,Moderate
25.54,6.0,42.77,800.0,349.8,2026-04-01 01:45:57.202,45,Moderate
25.46,6.0,37.72,799.74,334.15,2026-04-01 01:48:57.202,45,Moderate
25.46,6.01,37.97,800.0,331.81,2026-04-01 01:51:57.202,45,Moderate
25.47,6.0,43.41,799.82,294.13,2026-04-01 01:54:57.202,45,Moderate
25.57,6.0,39.73,800.0,110.21,2026-04-01 01:57:57.202,45,Moderate
25.59,6.0,41.47,799.3,113.2,2026-04-01 02:00:57.202,45,Moderate
25.56,6.01,43.8,800.0,89.63,2026-04-01 02:03:57.202,45,Moderate
25.53,6.0,42.32,800.0,367.43,2026-04-01 02:06:57.202,45,Moderate
25.67,6.0,43.08,800.0,376.51,2026-04-01 02:09:57.202,45,Moderate
25.57,6.0,38.62,800.0,321.38,2026-04-01 02:12:57.202,45,Moderate
25.54,6.01,44.74,800.0,80.98,2026-04-01 02:15:57.202,45,Moderate
25.49,6.01,38.69,799.66,469.94,2026-04-01 02:18:57.202,45,Moderate
25.46,6.0,37.92,800.0,459.42,2026-04-01 02:21:57.202,45,Moderate
25.63,6.0,46.66,800.0,473.54,2026-04-01 02:24:57.202,45,Moderate
25.55,6.0,38.86,799.93,477.95,2026-04-01 02:27:57.202,45,Moderate
25.6,6.0,51.05,800.0,2227.35,2026-04-01 02:30:57.202,45,Moderate
25.52,6.01,49.59,800.0,2278.29,2026-04-01 02:33:57.202,45,Moderate
25.48,6.0,54.19,800.0,2011.53,2026-04-01 02:36:57.202,45,Moderate
25.47,6.02,46.33,800.0,1084.78,2026-04-01 02:39:57.202,45,Moderate
25.49,6.0,53.92,800.0,2142.55,2026-04-01 02:42:57.202,45,Moderate
25.45,6.02,56.55,800.0,1806.73,2026-04-01 02:45:57.202,45,Moderate
25.49,6.0,60.45,800.0,1781.71,2026-04-01 02:48:57.202,45,Moderate
25.41,6.0,54.71,800.0,1987.1,2026-04-01 02:51:57.202,45,Moderate
25.49,6.0,63.46,800.0,2373.53,2026-04-01 02:54:57.202,45,Moderate
25.53,6.0,57.61,800.0,1318.19,2026-04-01 02:57:57.202,45,Moderate
25.53,6.0,55.31,800.0,1591.34,2026-04-01 03:00:57.202,45,Moderate
25.56,6.0,44.42,799.65,2605.74,2026-04-01 03:03:57.202,45,Moderate
25.6,6.0,52.22,798.2,1790.84,2026-04-01 03:06:57.202,45,Moderate
25.57,6.0,48.32,797.75,2421.47,2026-04-01 03:09:57.202,45,Moderate
25.52,6.0,48.36,797.02,1911.9,2026-04-01 03:12:57.202,45,Moderate
25.53,6.0,51.95,797.05,1481.33,2026-04-01 03:15:57.202,45,Moderate
25.41,6.0,47.64,798.02,2073.24,2026-04-01 03:18:57.202,45,Moderate
25.45,6.0,52.06,797.79,1399.88,2026-04-01 03:21:57.202,45,Moderate
25.53,6.0,46.82,798.54,1921.72,2026-04-01 03:24:57.202,45,Moderate
25.54,6.0,48.78,798.69,1976.47,2026-04-01 03:27:57.202,45,Moderate
25.7,6.0,53.62,799.17,1474.95,2026-04-01 03:30:57.202,45,Moderate
25.6,6.0,53.52,799.68,1321.83,2026-04-01 03:33:57.202,45,Moderate
25.52,6.0,46.41,799.64,1495.23,2026-04-01 03:36:57.202,45,Moderate
25.36,6.0,48.35,799.82,2213.56,2026-04-01 03:39:57.202,45,Moderate
25.41,6.0,45.8,800.0,1511.1,2026-04-01 03:42:57.202,45,Moderate
25.45,6.01,48.69,800.0,1678.55,2026-04-01 03:45:57.202,45,Moderate
25.42,6.0,46.51,800.0,2156.15,2026-04-01 03:48:57.202,45,Moderate
25.54,6.0,49.88,799.32,1961.62,2026-04-01 03:51:57.202,45,Moderate
25.47,6.0,48.78,799.2,2262.33,2026-04-01 03:54:57.202,45,Moderate
25.44,6.0,54.81,800.0,1375.82,2026-04-01 03:57:57.202,45,Moderate
25.41,6.0,46.57,800.0,1737.24,2026-04-01 04:00:57.202,45,Moderate
25.51,6.0,52.56,800.0,2344.83,2026-04-01 04:03:57.202,45,Moderate
25.47,6.0,48.61,799.67,2359.11,2026-04-01 04:06:57.202,45,Moderate
25.52,6.0,51.83,800.0,1474.54,2026-04-01 04:09:57.202,45,Moderate
25.49,6.0,43.52,800.0,2083.65,2026-04-01 04:12:57.202,45,Moderate
25.51,6.0,51.37,800.0,2328.2,2026-04-01 04:15:57.202,45,Moderate
25.49,6.01,45.69,798.72,1871.64,2026-04-01 04:18:57.202,45,Moderate
25.61,6.0,50.97,798.75,1234.07,2026-04-01 04:21:57.202,45,Moderate
25.63,6.0,47.54,799.87,1425.36,2026-04-01 04:24:57.202,45,Moderate
25.59,6.0,51.74,800.0,2432.79,2026-04-01 04:27:57.202,45,Moderate
25.69,6.0,52.47,798.88,1595.99,2026-04-01 04:30:57.202,45,Moderate
25.74,6.0,49.13,799.49,2775.85,2026-04-01 04:33:57.202,45,Moderate
25.7,6.0,44.9,800.0,1483.58,2026-04-01 04:36:57.202,45,Moderate
25.72,6.0,46.44,800.0,2405.54,2026-04-01 04:39:57.202,45,Moderate
25.72,6.01,51.21,799.5,1973.09,2026-04-01 04:42:57.202,45,Moderate
25.66,6.0,51.69,800.0,2027.51,2026-04-01 04:45:57.202,45,Moderate
25.69,6.0,44.06,800.0,1526.14,2026-04-01 04:48:57.202,45,Moderate
25.64,6.0,52.08,800.0,1987.93,2026-04-01 04:51:57.202,45,Moderate
25.61,6.0,49.01,800.0,2139.94,2026-04-01 04:54:57.202,45,Moderate
25.72,6.0,46.17,800.0,2436.72,2026-04-01 04:57:57.202,45,Moderate
25.61,6.0,50.98,800.0,2668.25,2026-04-01 05:00:57.202,45,Moderate
25.58,6.0,44.39,799.68,2077.82,2026-04-01 05:03:57.202,45,Moderate
25.58,6.0,53.47,799.4,1912.5,2026-04-01 05:06:57.202,45,Moderate
25.62,6.0,50.24,799.94,1925.29,2026-04-01 05:09:57.202,45,Moderate
25.68,6.0,43.52,800.0,2281.35,2026-04-01 05:12:57.202,45,Moderate
25.82,6.0,49.57,800.0,2259.27,2026-04-01 05:15:57.202,45,Moderate
25.8,6.0,43.55,800.0,2144.06,2026-04-01 05:18:57.202,45,Moderate
25.65,6.0,49.38,800.0,1223.24,2026-04-01 05:21:57.202,45,Moderate
25.82,6.0,46.67,800.0,2402.85,2026-04-01 05:24:57.202,45,Moderate
25.82,6.0,47.94,800.0,1527.39,2026-04-01 05:27:57.202,45,Moderate
25.82,6.0,48.26,800.0,2310.06,2026-04-01 05:30:57.202,45,Moderate
25.87,6.0,51.53,800.0,2739.65,2026-04-01 05:33:57.202,45,Moderate
25.93,6.0,46.28,799.85,1417.73,2026-04-01 05:36:57.202,45,Moderate
25.76,6.01,47.62,799.9,2541.44,2026-04-01 05:39:57.202,45,Moderate
25.73,6.0,49.78,799.44,2335.37,2026-04-01 05:42:57.202,45,Moderate
25.75,6.0,49.74,799.11,1345.66,2026-04-01 05:45:57.202,45,Moderate
25.77,6.0,48.61,798.66,1525.93,2026-04-01 05:48:57.202,45,Moderate
25.84,6.01,49.18,799.4,2752.73,2026-04-01 05:51:57.202,45,Moderate
25.77,6.0,49.62,800.0,2435.46,2026-04-01 05:54:57.202,45,Moderate
25.82,6.01,49.69,800.0,1364.16,2026-04-01 05:57:57.202,45,Moderate
25.82,6.0,49.59,800.0,2097.64,2026-04-01 06:00:57.202,45,Moderate
25.8,6.0,45.65,799.46,2221.46,2026-04-01 06:03:57.202,45,Moderate
25.76,6.0,51.81,800.0,1543.87,2026-04-01 06:06:57.202,45,Moderate
25.78,6.0,49.03,800.0,2558.11,2026-04-01 06:09:57.202,45,Moderate
25.79,6.0,52.16,800.0,2101.56,2026-04-01 06:12:57.202,45,Moderate
25.73,6.0,48.3,800.0,2464.94,2026-04-01 06:15:57.202,45,Moderate
25.74,6.0,49.75,800.0,2473.66,2026-04-01 06:18:57.202,45,Moderate
25.89,6.0,47.79,799.7,2467.99,2026-04-01 06:21:57.202,45,Moderate
25.84,6.01,49.51,800.0,2365.69,2026-04-01 06:24:57.202,45,Moderate
25.82,6.02,52.37,800.0,1548.29,2026-04-01 06:27:57.202,45,Moderate
25.87,6.02,50.36,800.0,1719.18,2026-04-01 06:30:57.202,45,Moderate
25.73,6.0,46.58,800.0,1812.95,2026-04-01 06:33:57.202,45,Moderate
25.84,6.0,46.03,800.0,2631.6,2026-04-01 06:36:57.202,45,Moderate
25.76,6.0,46.51,800.0,1630.68,2026-04-01 06:39:57.202,45,Moderate
25.83,6.0,52.89,800.0,2375.6,2026-04-01 06:42:57.202,45,Moderate
25.82,6.0,50.23,800.0,2089.64,2026-04-01 06:45:57.202,45,Moderate
25.86,6.0,48.89,800.0,1515.15,2026-04-01 06:48:57.202,45,Moderate
25.89,6.0,45.29,800.0,1849.37,2026-04-01 06:51:57.202,45,Moderate
25.81,6.0,48.82,800.0,1451.56,2026-04-01 06:54:57.202,45,Moderate
25.85,6.0,50.46,800.0,1093.58,2026-04-01 06:57:57.202,45,Moderate
25.83,6.02,44.94,800.0,2173.21,2026-04-01 07:00:57.202,45,Moderate
25.77,6.0,46.87,798.87,2017.87,2026-04-01 07:03:57.202,45,Moderate
25.88,6.0,45.8,799.83,2091.19,2026-04-01 07:06:57.202,45,Moderate
25.85,6.0,48.15,800.0,1521.84,2026-04-01 07:09:57.202,45,Moderate
25.68,6.0,48.45,800.0,2004.21,2026-04-01 07:12:57.202,45,Moderate
25.79,6.0,48.3,800.0,2099.79,2026-04-01 07:15:57.202,45,Moderate
25.79,6.0,45.89,800.0,2064.01,2026-04-01 07:18:57.202,45,Moderate
25.74,6.0,44.74,799.84,2520.87,2026-04-01 07:21:57.202,45,Moderate
25.77,6.0,43.55,800.0,1705.95,2026-04-01 07:24:57.202,45,Moderate
25.75,6.0,49.06,800.0,1532.48,2026-04-01 07:27:57.202,45,Moderate
25.74,6.0,46.01,800.0,1449.26,2026-04-01 07:30:57.202,45,Moderate
25.81,6.0,47.36,800.0,2492.51,2026-04-01 07:33:57.202,45,Moderate
25.78,6.0,46.58,799.77,1746.63,2026-04-01 07:36:57.202,45,Moderate
25.8,6.0,41.62,800.0,2460.6,2026-04-01 07:39:57.202,45,Moderate
25.72,6.0,43.98,800.0,1749.53,2026-04-01 07:42:57.202,45,Moderate
25.69,6.0,48.71,800.0,1688.48,2026-04-01 07:45:57.202,45,Moderate
25.75,6.0,47.13,800.0,1284.08,2026-04-01 07:48:57.202,45,Moderate
25.81,6.0,52.23,800.0,2341.26,2026-04-01 07:51:57.202,45,Moderate
25.83,6.0,45.65,800.0,2166.16,2026-04-01 07:54:57.202,45,Moderate
25.86,6.0,52.08,800.0,2332.88,2026-04-01 07:57:57.202,45,Moderate
25.83,6.0,49.97,800.0,2623.93,2026-04-01 08:00:57.202,45,Moderate
25.73,6.0,49.7,800.0,1576.95,2026-04-01 08:03:57.202,45,Moderate
25.77,6.0,47.53,800.0,1355.62,2026-04-01 08:06:57.202,45,Moderate
25.76,6.0,44.12,800.0,2018.92,2026-04-01 08:09:57.202,45,Moderate
25.85,6.0,42.29,798.82,1713.99,2026-04-01 08:12:57.202,45,Moderate
25.75,6.0,52.17,797.92,1487.77,2026-04-01 08:15:57.202,45,Moderate
25.71,6.0,43.26,798.16,1419.64,2026-04-01 08:18:57.202,45,Moderate
25.71,6.0,45.54,798.8,1504.43,2026-04-01 08:21:57.202,45,Moderate
25.72,6.0,46.58,798.86,1911.43,2026-04-01 08:24:57.202,45,Moderate
25.79,6.0,48.24,799.67,1517.84,2026-04-01 08:27:57.202,45,Moderate
25.92,6.0,48.77,799.37,2310.5,2026-04-01 08:30:57.202,45,Moderate
25.89,6.0,42.22,798.73,1911.04,2026-04-01 08:33:57.202,45,Moderate
25.85,6.0,42.85,800.0,1775.16,2026-04-01 08:36:57.202,45,Moderate
25.78,6.01,47.23,800.0,1250.19,2026-04-01 08:39:57.202,45,Moderate
25.89,6.0,43.79,799.67,2040.81,2026-04-01 08:42:57.202,45,Moderate
25.91,6.0,48.6,800.0,2674.14,2026-04-01 08:45:57.202,45,Moderate
25.88,6.0,47.13,800.0,1536.38,2026-04-01 08:48:57.202,45,Moderate
25.87,6.0,49.57,799.76,1449.03,2026-04-01 08:51:57.202,45,Moderate
25.82,6.0,48.56,799.22,2633.55,2026-04-01 08:54:57.202,45,Moderate
25.8,6.0,45.12,799.47,1842.82,2026-04-01 08:57:57.202,45,Moderate
25.81,6.0,41.68,800.0,2180.99,2026-04-01 09:00:57.202,45,Moderate
25.86,6.0,47.52,800.0,2673.69,2026-04-01 09:03:57.202,45,Moderate
25.83,6.0,44.97,800.0,2461.58,2026-04-01 09:06:57.202,45,Moderate
25.79,6.0,46.64,799.65,2485.97,2026-04-01 09:09:57.202,45,Moderate
25.81,6.01,49.01,800.0,1707.27,2026-04-01 09:12:57.202,45,Moderate
25.72,6.0,47.89,800.0,1620.3,2026-04-01 09:15:57.202,45,Moderate
25.8,6.0,47.17,800.0,1360.41,2026-04-01 09:18:57.202,45,Moderate
25.83,6.0,45.34,799.97,1811.04,2026-04-01 09:21:57.202,45,Moderate
25.79,6.0,49.04,800.0,2072.47,2026-04-01 09:24:57.202,45,Moderate
25.76,6.0,46.01,799.98,2383.56,2026-04-01 09:27:57.202,45,Moderate
25.76,6.0,39.62,799.98,1676.62,2026-04-01 09:30:57.202,45,Moderate
25.88,6.0,48.46,799.37,1901.5,2026-04-01 09:33:57.202,45,Moderate
25.82,6.0,43.54,800.0,2423.63,2026-04-01 09:36:57.202,45,Moderate
25.86,6.01,44.22,800.0,1798.14,2026-04-01 09:39:57.202,45,Moderate
25.92,6.0,46.88,800.0,1821.6,2026-04-01 09:42:57.202,45,Moderate
25.86,6.0,41.17,800.0,2325.28,2026-04-01 09:45:57.202,45,Moderate
25.82,6.0,42.18,800.0,1782.77,2026-04-01 09:48:57.202,45,Moderate
25.83,6.0,48.83,800.0,2381.95,2026-04-01 09:51:57.202,45,Moderate
25.83,6.0,38.4,800.0,1932.79,2026-04-01 09:54:57.202,45,Moderate
25.85,6.0,46.59,800.0,2659.01,2026-04-01 09:57:57.202,45,Moderate
25.86,6.0,45.91,799.98,2453.76,2026-04-01 10:00:57.202,45,Moderate
25.83,6.0,45.74,800.0,2267.89,2026-04-01 10:03:57.202,45,Moderate
25.79,6.0,48.08,799.79,1400.89,2026-04-01 10:06:57.202,45,Moderate
25.8,6.0,44.16,800.0,1460.55,2026-04-01 10:09:57.202,45,Moderate
25.75,6.0,47.58,800.0,1917.64,2026-04-01 10:12:57.202,45,Moderate
25.81,6.0,47.79,799.22,1759.95,2026-04-01 10:15:57.202,45,Moderate
25.77,6.0,50.05,800.0,2051.63,2026-04-01 10:18:57.202,45,Moderate
25.85,6.0,45.77,800.0,1345.96,2026-04-01 10:21:57.202,45,Moderate
25.8,6.0,46.22,800.0,1180.02,2026-04-01 10:24:57.202,45,Moderate
25.85,6.0,47.29,800.0,2309.71,2026-04-01 10:27:57.202,45,Moderate
25.86,6.0,46.24,799.0,1688.96,2026-04-01 10:30:57.202,45,Moderate
25.92,6.0,48.54,799.2,1535.66,2026-04-01 10:33:57.202,45,Moderate
25.9,6.0,45.56,799.31,2386.17,2026-04-01 10:36:57.202,45,Moderate
25.78,6.0,48.6,799.14,2344.12,2026-04-01 10:39:57.202,45,Moderate
25.69,6.02,50.19,800.0,1733.42,2026-04-01 10:42:57.202,45,Moderate
25.89,6.02,39.54,799.84,2586.87,2026-04-01 10:45:57.202,45,Moderate
25.94,6.0,49.4,800.0,2563.67,2026-04-01 10:48:57.202,45,Moderate
25.84,6.0,48.63,800.0,2341.71,2026-04-01 10:51:57.202,45,Moderate
25.86,6.0,45.53,800.0,2201.42,2026-04-01 10:54:57.202,45,Moderate
25.87,6.0,46.08,799.85,2040.86,2026-04-01 10:57:57.202,45,Moderate
25.73,6.0,45.9,799.63,1075.78,2026-04-01 11:00:57.202,45,Moderate
25.88,6.0,50.61,800.0,1285.15,2026-04-01 11:03:57.202,45,Moderate
25.89,6.0,50.15,800.0,1763.12,2026-04-01 11:06:57.202,45,Moderate
25.75,6.0,47.65,800.0,1183.26,2026-04-01 11:09:57.202,45,Moderate
25.64,6.0,44.91,800.0,1216.09,2026-04-01 11:12:57.202,45,Moderate
25.64,6.0,49.15,799.98,2584.36,2026-04-01 11:15:57.202,45,Moderate
25.78,6.0,42.93,799.67,1277.49,2026-04-01 11:18:57.202,45,Moderate
25.74,6.0,43.48,800.0,2237.12,2026-04-01 11:21:57.202,45,Moderate
25.77,6.0,45.88,800.0,2436.99,2026-04-01 11:24:57.202,45,Moderate
25.81,6.0,43.08,800.0,1576.52,2026-04-01 11:27:57.202,45,Moderate
25.76,6.0,41.46,799.83,2190.79,2026-04-01 11:30:57.202,45,Moderate
25.66,6.0,45.38,800.0,1541.43,2026-04-01 11:33:57.202,45,Moderate
25.57,6.0,44.25,800.0,2188.76,2026-04-01 11:36:57.202,45,Moderate
25.55,6.0,46.14,800.0,1582.69,2026-04-01 11:39:57.202,45,Moderate
25.58,6.0,48.58,800.0,1604.05,2026-04-01 11:42:57.202,45,Moderate
25.54,6.0,43.9,800.0,1218.49,2026-04-01 11:45:57.202,45,Moderate
25.56,6.0,49.26,800.0,1467.75,2026-04-01 11:48:57.202,45,Moderate
25.48,6.0,45.8,800.0,1492.99,2026-04-01 11:51:57.202,45,Moderate
25.56,6.0,43.67,799.61,2443.42,2026-04-01 11:54:57.202,45,Moderate
25.55,6.0,48.64,799.42,1229.96,2026-04-01 11:57:57.202,45,Moderate
25.6,6.0,48.49,800.0,1235.34,2026-04-01 12:00:57.202,45,Moderate
25.47,6.0,44.46,800.0,1277.64,2026-04-01 12:03:57.202,45,Moderate
25.51,6.0,43.6,800.0,1871.61,2026-04-01 12:06:57.202,45,Moderate
25.6,6.0,47.04,800.0,1165.28,2026-04-01 12:09:57.202,45,Moderate
25.55,6.0,42.9,800.0,2303.58,2026-04-01 12:12:57.202,45,Moderate
25.53,6.0,44.08,800.0,1837.81,2026-04-01 12:15:57.202,45,Moderate
25.63,6.0,43.62,800.0,1150.74,2026-04-01 12:18:57.202,45,Moderate
25.58,6.0,38.18,800.0,1405.41,2026-04-01 12:21:57.202,45,Moderate
25.55,6.0,46.01,800.0,2381.95,2026-04-01 12:24:57.202,45,Moderate
25.56,6.0,44.67,800.0,1573.42,2026-04-01 12:27:57.202,45,Moderate
25.46,6.0,60.04,800.0,85.77,2026-04-01 12:30:57.202,45,Moderate
25.55,6.01,54.89,800.0,74.01,2026-04-01 12:33:57.202,45,Moderate
25.63,6.01,60.76,800.0,70.89,2026-04-01 12:36:57.202,45,Moderate
25.65,6.0,57.11,800.0,52.56,2026-04-01 12:39:57.202,45,Moderate
25.57,6.0,53.26,800.0,85.33,2026-04-01 12:42:57.202,45,Moderate
25.58,6.0,59.54,800.0,54.57,2026-04-01 12:45:57.202,45,Moderate
25.5,6.0,55.7,800.0,58.16,2026-04-01 12:48:57.202,45,Moderate
25.46,6.0,61.42,800.0,177.28,2026-04-01 12:51:57.202,45,Moderate
25.5,6.0,66.18,800.0,174.13,2026-04-01 12:54:57.202,45,Moderate
25.56,6.0,59.36,800.0,136.28,2026-04-01 12:57:57.202,45,Moderate
25.54,6.0,59.58,800.0,141.85,2026-04-01 13:00:57.202,45,Moderate
25.57,6.01,52.03,798.68,32.44,2026-04-01 13:03:57.202,45,Moderate
25.56,6.0,47.87,799.03,47.55,2026-04-01 13:06:57.202,45,Moderate
25.61,6.0,53.33,799.53,72.37,2026-04-01 13:09:57.202,45,Moderate
25.68,6.0,57.46,800.0,53.74,2026-04-01 13:12:57.202,45,Moderate
25.66,6.01,56.67,800.0,61.44,2026-04-01 13:15:57.202,45,Moderate
25.7,6.0,53.75,800.0,32.87,2026-04-01 13:18:57.202,45,Moderate
25.61,6.0,55.03,800.0,50.67,2026-04-01 13:21:57.202,45,Moderate
25.58,6.0,53.29,800.0,38.24,2026-04-01 13:24:57.202,45,Moderate
25.51,6.0,48.21,800.0,148.35,2026-04-01 13:27:57.202,45,Moderate
25.62,6.0,49.75,800.0,225.01,2026-04-01 13:30:57.202,45,Moderate
25.6,6.0,53.18,800.0,323.04,2026-04-01 13:33:57.202,45,Moderate
25.44,6.0,53.83,799.9,291.56,2026-04-01 13:36:57.202,45,Moderate
25.5,6.0,53.06,800.0,306.22,2026-04-01 13:39:57.202,45,Moderate
25.44,6.0,55.85,800.0,145.61,2026-04-01 13:42:57.202,45,Moderate
25.5,6.0,57.85,800.0,308.75,2026-04-01 13:45:57.202,45,Moderate
25.43,6.0,47.6,800.0,254.5,2026-04-01 13:48:57.202,45,Moderate
25.41,6.0,49.64,800.0,143.51,2026-04-01 13:51:57.202,45,Moderate
25.44,6.0,55.49,799.2,228.13,2026-04-01 13:54:57.202,45,Moderate
25.47,6.0,50.53,800.0,114.89,2026-04-01 13:57:57.202,45,Moderate
25.51,6.01,57.43,800.0,272.52,2026-04-01 14:00:57.202,45,Moderate
25.5,6.0,57.56,800.0,231.87,2026-04-01 14:03:57.202,45,Moderate
25.49,6.0,51.76,800.0,248.93,2026-04-01 14:06:57.202,45,Moderate
25.55,6.0,53.36,798.8,324.33,2026-04-01 14:09:57.202,45,Moderate
25.49,6.0,51.06,798.44,328.94,2026-04-01 14:12:57.202,45,Moderate
25.48,6.0,54.93,798.54,157.83,2026-04-01 14:15:57.202,45,Moderate
25.51,6.0,50.93,799.62,339.34,2026-04-01 14:18:57.202,45,Moderate
25.59,6.0,52.29,800.0,266.66,2026-04-01 14:21:57.202,45,Moderate
25.6,6.0,50.59,800.0,334.33,2026-04-01 14:24:57.202,45,Moderate
25.49,6.0,51.76,800.0,162.04,2026-04-01 14:27:57.202,45,Moderate
25.56,6.0,53.4,800.0,103.15,2026-04-01 14:30:57.202,45,Moderate
25.58,6.0,53.79,800.0,158.58,2026-04-01 14:33:57.202,45,Moderate
25.7,6.0,55.79,798.28,268.9,2026-04-01 14:36:57.202,45,Moderate
25.63,6.0,56.32,800.0,225.68,2026-04-01 14:39:57.202,45,Moderate
25.66,6.0,54.34,800.0,300.28,2026-04-01 14:42:57.202,45,Moderate
25.66,6.0,55.9,800.0,164.09,2026-04-01 14:45:57.202,45,Moderate
25.56,6.0,51.51,800.0,363.43,2026-04-01 14:48:57.202,45,Moderate
25.52,6.0,50.43,799.27,90.98,2026-04-01 14:51:57.202,45,Moderate
25.57,6.0,57.8,800.0,334.68,2026-04-01 14:54:57.202,45,Moderate
25.54,6.0,52.85,800.0,239.94,2026-04-01 14:57:57.202,45,Moderate
25.59,6.0,55.81,800.0,221.88,2026-04-01 15:00:57.202,45,Moderate
25.6,6.0,49.76,799.65,313.51,2026-04-01 15:03:57.202,45,Moderate
25.57,6.0,55.04,799.81,330.95,2026-04-01 15:06:57.202,45,Moderate
25.58,6.0,56.41,800.0,197.94,2026-04-01 15:09:57.202,45,Moderate
25.61,6.0,53.85,800.0,236.96,2026-04-01 15:12:57.202,45,Moderate
25.67,6.0,52.29,800.0,338.7,2026-04-01 15:15:57.202,45,Moderate
25.55,6.0,54.52,800.0,115.91,2026-04-01 15:18:57.202,45,Moderate
25.57,6.0,54.09,799.22,191.66,2026-04-01 15:21:57.202,45,Moderate
25.51,6.0,53.85,800.0,165.28,2026-04-01 15:24:57.202,45,Moderate
25.51,6.0,53.38,800.0,351.58,2026-04-01 15:27:57.202,45,Moderate
25.53,6.0,52.44,800.0,233.95,2026-04-01 15:30:57.202,45,Moderate
25.57,6.0,56.97,800.0,352.86,2026-04-01 15:33:57.202,45,Moderate
25.53,6.0,53.24,800.0,152.27,2026-04-01 15:36:57.202,45,Moderate
25.46,6.0,56.74,799.12,206.15,2026-04-01 15:39:57.202,45,Moderate
25.5,6.0,52.18,799.6,314.67,2026-04-01 15:42:57.202,45,Moderate
25.55,6.0,47.07,799.59,330.25,2026-04-01 15:45:57.202,45,Moderate
25.59,6.0,51.62,799.62,223.72,2026-04-01 15:48:57.202,45,Moderate
25.64,6.0,57.03,800.0,347.7,2026-04-01 15:51:57.202,45,Moderate
25.63,6.0,54.13,800.0,200.74,2026-04-01 15:54:57.202,45,Moderate
25.63,6.0,56.13,800.0,297.0,2026-04-01 15:57:57.202,45,Moderate
25.55,6.0,52.64,800.0,193.79,2026-04-01 16:00:57.202,45,Moderate
25.58,6.0,51.35,799.7,96.97,2026-04-01 16:03:57.202,45,Moderate
25.67,6.0,49.68,800.0,179.24,2026-04-01 16:06:57.202,45,Moderate
25.55,6.0,50.47,800.0,204.66,2026-04-01 16:09:57.202,45,Moderate
25.5,6.0,47.93,800.0,272.77,2026-04-01 16:12:57.202,45,Moderate
25.43,6.0,53.08,799.15,125.2,2026-04-01 16:15:57.202,45,Moderate
25.44,6.0,51.94,800.0,344.98,2026-04-01 16:18:57.202,45,Moderate
25.45,6.0,51.38,800.0,325.67,2026-04-01 16:21:57.202,45,Moderate
25.54,6.0,55.41,800.0,188.14,2026-04-01 16:24:57.202,45,Moderate
25.63,6.0,51.05,799.64,292.76,2026-04-01 16:27:57.202,45,Moderate
25.53,6.0,47.6,799.93,150.33,2026-04-01 16:30:57.202,45,Moderate
25.59,6.0,44.59,800.0,232.27,2026-04-01 16:33:57.202,45,Moderate
25.6,6.0,56.41,799.22,232.58,2026-04-01 16:36:57.202,45,Moderate
25.7,6.0,51.82,799.95,289.63,2026-04-01 16:39:57.202,45,Moderate
25.57,6.0,46.86,800.0,111.93,2026-04-01 16:42:57.202,45,Moderate
25.54,6.0,53.84,799.98,274.92,2026-04-01 16:45:57.202,45,Moderate
25.51,6.0,51.94,800.0,137.7,2026-04-01 16:48:57.202,45,Moderate
25.43,6.0,52.92,800.0,309.08,2026-04-01 16:51:57.202,45,Moderate
25.44,6.0,50.06,800.0,285.88,2026-04-01 16:54:57.202,45,Moderate
25.56,6.0,52.49,800.0,268.01,2026-04-01 16:57:57.202,45,Moderate
25.57,6.0,46.63,799.9,188.66,2026-04-01 17:00:57.202,45,Moderate
25.53,6.0,47.94,800.0,322.73,2026-04-01 17:03:57.202,45,Moderate
25.57,6.0,48.5,800.0,331.64,2026-04-01 17:06:57.202,45,Moderate
25.6,6.0,52.56,800.0,274.92,2026-04-01 17:09:57.202,45,Moderate
25.59,6.0,51.93,800.0,152.69,2026-04-01 17:12:57.202,45,Moderate
25.5,6.0,51.73,800.0,165.4,2026-04-01 17:15:57.202,45,Moderate
25.46,6.0,55.35,799.96,299.99,2026-04-01 17:18:57.202,45,Moderate
25.53,6.0,54.37,800.0,108.69,2026-04-01 17:21:57.202,45,Moderate
25.51,6.0,54.75,800.0,114.56,2026-04-01 17:24:57.202,45,Moderate
25.57,6.0,51.78,799.47,203.77,2026-04-01 17:27:57.202,45,Moderate
25.6,6.0,45.69,798.48,19.41,2026-04-01 17:30:57.202,45,Moderate
25.57,6.0,53.1,799.8,3.68,2026-04-01 17:33:57.202,45,Moderate
25.62,6.0,48.83,800.0,10.46,2026-04-01 17:36:57.202,45,Moderate
25.58,6.0,51.8,800.0,11.91,2026-04-01 17:39:57.202,45,Moderate
25.57,6.0,47.49,799.64,2.35,2026-04-01 17:42:57.202,45,Moderate
25.5,6.0,50.88,799.67,0.94,2026-04-01 17:45:57.202,45,Moderate
25.49,6.0,52.33,800.0,18.71,2026-04-01 17:48:57.202,45,Moderate
25.51,6.0,51.03,799.84,13.51,2026-04-01 17:51:57.202,45,Moderate
25.59,6.0,49.4,800.0,5.2,2026-04-01 17:54:57.202,45,Moderate
25.53,6.0,49.63,800.0,3.95,2026-04-01 17:57:57.202,45,Moderate
25.39,6.0,53.04,799.14,17.66,2026-04-01 18:00:57.202,45,Moderate
25.37,6.0,49.79,800.0,5.96,2026-04-01 18:03:57.202,45,Moderate
25.54,6.0,45.74,800.0,13.37,2026-04-01 18:06:57.202,45,Moderate
25.41,6.0,50.99,800.0,17.38,2026-04-01 18:09:57.202,45,Moderate
25.46,6.0,49.23,800.0,0.73,2026-04-01 18:12:57.202,45,Moderate
25.49,6.0,48.64,800.0,9.62,2026-04-01 18:15:57.202,45,Moderate
25.58,6.0,51.16,800.0,10.93,2026-04-01 18:18:57.202,45,Moderate
25.51,6.0,49.42,800.0,14.44,2026-04-01 18:21:57.202,45,Moderate
25.45,6.0,49.24,800.0,11.85,2026-04-01 18:24:57.202,45,Moderate
25.5,6.0,51.32,799.13,16.04,2026-04-01 18:27:57.202,45,Moderate
25.52,6.0,49.08,800.0,2.82,2026-04-01 18:30:57.202,45,Moderate
25.55,6.0,50.18,800.0,2.58,2026-04-01 18:33:57.202,45,Moderate
25.6,6.0,45.76,800.0,4.34,2026-04-01 18:36:57.202,45,Moderate
25.56,6.0,51.19,800.0,1.0,2026-04-01 18:39:57.202,45,Moderate
25.46,6.0,46.62,800.0,3.66,2026-04-01 18:42:57.202,45,Moderate
25.48,6.0,47.04,799.87,2.18,2026-04-01 18:45:57.202,45,Moderate
25.56,6.0,55.98,799.76,1.75,2026-04-01 18:48:57.202,45,Moderate
25.51,6.0,54.86,799.63,2.99,2026-04-01 18:51:57.202,45,Moderate
25.54,6.01,49.69,799.8,1.79,2026-04-01 18:54:57.202,45,Moderate
25.68,6.0,46.53,799.58,4.23,2026-04-01 18:57:57.202,45,Moderate
25.69,6.0,48.77,799.63,0.14,2026-04-01 19:00:57.202,45,Moderate
25.58,6.0,52.87,799.36,1.85,2026-04-01 19:03:57.202,45,Moderate
25.52,6.0,47.05,799.42,2.31,2026-04-01 19:06:57.202,45,Moderate
25.51,6.0,53.41,800.0,4.03,2026-04-01 19:09:57.202,45,Moderate
25.63,6.0,52.68,800.0,1.12,2026-04-01 19:12:57.202,45,Moderate
25.56,6.0,48.59,800.0,0.72,2026-04-01 19:15:57.202,45,Moderate
25.56,6.0,56.6,800.0,4.04,2026-04-01 19:18:57.202,45,Moderate
25.57,6.0,53.74,799.64,0.79,2026-04-01 19:21:57.202,45,Moderate
25.66,6.0,50.34,799.97,4.25,2026-04-01 19:24:57.202,45,Moderate
25.7,6.0,49.37,800.0,4.5,2026-04-01 19:27:57.202,45,Moderate
25.61,6.0,51.58,799.86,3.36,2026-04-01 19:30:57.202,45,Moderate
25.65,6.0,47.28,799.41,0.33,2026-04-01 19:33:57.202,45,Moderate
25.61,6.0,45.77,800.0,4.94,2026-04-01 19:36:57.202,45,Moderate
25.56,6.0,50.2,800.0,2.9,2026-04-01 19:39:57.202,45,Moderate
25.61,6.0,45.18,800.0,0.6,2026-04-01 19:42:57.202,45,Moderate
25.68,6.01,50.08,800.0,1.43,2026-04-01 19:45:57.202,45,Moderate
25.62,6.0,46.63,800.0,1.49,2026-04-01 19:48:57.202,45,Moderate
25.5,6.0,52.85,800.0,1.79,2026-04-01 19:51:57.202,45,Moderate
25.54,6.0,51.96,800.0,3.61,2026-04-01 19:54:57.202,45,Moderate
25.52,6.0,52.67,799.66,4.16,2026-04-01 19:57:57.202,45,Moderate
25.59,6.0,52.67,800.0,3.97,2026-04-01 20:00:57.202,45,Moderate
25.57,6.03,53.2,799.92,3.99,2026-04-01 20:03:57.202,45,Moderate
25.61,6.0,50.34,800.0,2.48,2026-04-01 20:06:57.202,45,Moderate
25.64,6.0,51.86,800.0,1.48,2026-04-01 20:09:57.202,45,Moderate
25.48,6.0,52.33,800.0,0.86,2026-04-01 20:12:57.202,45,Moderate
25.53,6.01,47.33,800.0,1.47,2026-04-01 20:15:57.202,45,Moderate
25.63,6.0,51.91,800.0,1.75,2026-04-01 20:18:57.202,45,Moderate
25.68,6.0,51.94,800.0,3.85,2026-04-01 20:21:57.202,45,Moderate
25.6,6.0,48.04,799.97,0.76,2026-04-01 20:24:57.202,45,Moderate
25.58,6.0,53.57,800.0,2.45,2026-04-01 20:27:57.202,45,Moderate
25.52,6.0,52.68,800.0,1.04,2026-04-01 20:30:57.202,45,Moderate
25.58,6.0,54.79,800.0,3.02,2026-04-01 20:33:57.202,45,Moderate
25.54,6.0,51.18,800.0,4.39,2026-04-01 20:36:57.202,45,Moderate
25.53,6.0,56.14,799.7,0.38,2026-04-01 20:39:57.202,45,Moderate
25.56,6.0,48.96,800.0,3.44,2026-04-01 20:42:57.202,45,Moderate
25.55,6.0,52.25,800.0,3.12,2026-04-01 20:45:57.202,45,Moderate
25.6,6.0,48.72,800.0,2.9,2026-04-01 20:48:57.202,45,Moderate
25.64,6.0,51.29,799.73,2.58,2026-04-01 20:51:57.202,45,Moderate
25.68,6.0,53.3,800.0,4.2,2026-04-01 20:54:57.202,45,Moderate
25.54,6.0,45.67,800.0,2.91,2026-04-01 20:57:57.202,45,Moderate
25.57,6.0,48.25,800.0,0.03,2026-04-01 21:00:57.202,45,Moderate
25.55,6.0,49.06,800.0,2.93,2026-04-01 21:03:57.202,45,Moderate
25.53,6.0,51.59,800.0,4.16,2026-04-01 21:06:57.202,45,Moderate
25.47,6.0,48.1,800.0,0.82,2026-04-01 21:09:57.202,45,Moderate
25.54,6.0,54.13,799.3,0.43,2026-04-01 21:12:57.202,45,Moderate
25.72,6.0,44.78,800.0,3.9,2026-04-01 21:15:57.202,45,Moderate
25.61,6.0,46.98,800.0,0.1,2026-04-01 21:18:57.202,45,Moderate
25.63,6.0,47.08,800.0,1.97,2026-04-01 21:21:57.202,45,Moderate
25.64,6.0,49.9,800.0,1.82,2026-04-01 21:24:57.202,45,Moderate
25.58,6.0,45.88,800.0,1.78,2026-04-01 21:27:57.202,45,Moderate
25.68,6.0,46.72,800.0,2.2,2026-04-01 21:30:57.202,45,Moderate
25.7,6.0,47.05,799.0,1.29,2026-04-01 21:33:57.202,45,Moderate
25.54,6.0,47.09,799.51,3.48,2026-04-01 21:36:57.202,45,Moderate
25.59,6.0,49.53,800.0,1.56,2026-04-01 21:39:57.202,45,Moderate
25.53,6.0,51.82,800.0,2.53,2026-04-01 21:42:57.202,45,Moderate
25.58,6.0,48.78,799.62,2.23,2026-04-01 21:45:57.202,45,Moderate
25.6,6.0,52.39,799.72,1.7,2026-04-01 21:48:57.202,45,Moderate
25.69,6.0,48.22,799.83,3.04,2026-04-01 21:51:57.202,45,Moderate
25.64,6.0,51.05,799.64,1.43,2026-04-01 21:54:57.202,45,Moderate
25.61,6.0,52.58,800.0,3.83,2026-04-01 21:57:57.202,45,Moderate
25.48,6.0,47.52,800.0,1.96,2026-04-01 22:00:57.202,45,Moderate
25.54,6.0,46.99,800.0,4.86,2026-04-01 22:03:57.202,45,Moderate
25.69,6.0,50.61,800.0,0.28,2026-04-01 22:06:57.202,45,Moderate
25.66,6.0,43.9,800.0,0.4,2026-04-01 22:09:57.202,45,Moderate
25.53,6.0,54.56,800.0,4.84,2026-04-01 22:12:57.202,45,Moderate
25.6,6.0,52.8,800.0,1.77,2026-04-01 22:15:57.202,45,Moderate
25.53,6.0,54.09,800.0,4.8,2026-04-01 22:18:57.202,45,Moderate
25.51,6.0,49.77,800.0,1.69,2026-04-01 22:21:57.202,45,Moderate
25.6,6.0,48.22,800.0,0.95,2026-04-01 22:24:57.202,45,Moderate
25.61,6.0,48.08,800.0,0.34,2026-04-01 22:27:57.202,45,Moderate
25.59,6.0,51.86,800.0,2.74,2026-04-01 22:30:57.202,45,Moderate
25.58,6.0,46.65,800.0,1.68,2026-04-01 22:33:57.202,45,Moderate
25.55,6.0,48.6,800.0,0.81,2026-04-01 22:36:57.202,45,Moderate
25.59,6.0,48.21,800.0,3.15,2026-04-01 22:39:57.202,45,Moderate
25.67,6.0,51.17,800.0,2.66,2026-04-01 22:42:57.202,45,Moderate
25.6,6.01,46.15,799.24,4.63,2026-04-01 22:45:57.202,45,Moderate
25.65,6.0,48.92,800.0,4.34,2026-04-01 22:48:57.202,45,Moderate
25.52,6.0,54.16,799.82,3.86,2026-04-01 22:51:57.202,45,Moderate
25.5,6.0,51.23,800.0,2.87,2026-04-01 22:54:57.202,45,Moderate
25.54,6.0,47.7,799.6,2.21,2026-04-01 22:57:57.202,45,Moderate
25.61,6.0,47.37,800.0,0.72,2026-04-01 23:00:57.202,45,Moderate
25.61,6.0,50.62,800.0,4.46,2026-04-01 23:03:57.202,45,Moderate
25.62,6.0,47.75,800.0,3.59,2026-04-01 23:06:57.202,45,Moderate
25.68,6.0,46.1,800.0,1.94,2026-04-01 23:09:57.202,45,Moderate
25.68,6.0,49.9,798.42,3.59,2026-04-01 23:12:57.202,45,Moderate
25.61,6.0,48.08,799.13,1.34,2026-04-01 23:15:57.202,45,Moderate
25.66,6.0,48.62,799.96,1.3,2026-04-01 23:18:57.202,45,Moderate
25.64,6.02,51.35,800.0,2.56,2026-04-01 23:21:57.202,45,Moderate
25.5,6.02,47.44,800.0,2.69,2026-04-01 23:24:57.202,45,Moderate
25.56,6.0,44.25,800.0,1.55,2026-04-01 23:27:57.202,45,Moderate
25.51,6.0,49.74,799.1,61.45,2026-04-01 23:30:57.202,45,Moderate
25.59,6.0,46.4,799.32,24.93,2026-04-01 23:33:57.202,45,Moderate
25.63,6.0,47.03,799.84,99.29,2026-04-01 23:36:57.202,45,Moderate
25.63,6.0,48.48,799.64,68.73,2026-04-01 23:39:57.202,45,Moderate
25.61,6.0,46.58,799.8,49.32,2026-04-01 23:42:57.202,45,Moderate
25.73,6.0,49.47,800.0,119.39,2026-04-01 23:45:57.202,45,Moderate
25.69,6.0,51.78,799.36,54.47,2026-04-01 23:48:57.202,45,Moderate
25.66,6.0,43.6,799.67,47.79,2026-04-01 23:51:57.202,45,Moderate
25.65,6.0,50.37,800.0,36.34,2026-04-01 23:54:57.202,45,Moderate
25.72,6.0,51.2,800.0,86.32,2026-04-01 23:57:57.202,45,Moderate
25.63,6.0,52.6,800.0,62.63,2026-04-02 00:00:57.202,45,Moderate
25.71,6.0,45.52,800.0,104.78,2026-04-02 00:03:57.202,45,Moderate
25.68,6.0,51.66,800.0,54.46,2026-04-02 00:06:57.202,45,Moderate
25.59,6.0,47.36,799.33,115.06,2026-04-02 00:09:57.202,45,Moderate
25.61,6.0,42.97,800.0,91.15,2026-04-02 00:12:57.202,45,Moderate
25.56,6.0,51.39,799.97,117.49,2026-04-02 00:15:57.202,45,Moderate
25.69,6.0,46.38,800.0,33.62,2026-04-02 00:18:57.202,45,Moderate
25.63,6.0,51.91,799.56,36.93,2026-04-02 00:21:57.202,45,Moderate
25.52,6.0,52.08,799.56,77.88,2026-04-02 00:24:57.202,45,Moderate
25.49,6.0,44.1,800.0,65.45,2026-04-02 00:27:57.202,45,Moderate
25.53,6.0,49.78,800.0,83.62,2026-04-02 00:30:57.202,45,Moderate
25.56,6.0,46.02,799.81,75.92,2026-04-02 00:33:57.202,45,Moderate
25.59,6.0,45.14,799.17,59.16,2026-04-02 00:36:57.202,45,Moderate
25.64,6.0,51.82,799.1,63.0,2026-04-02 00:39:57.202,45,Moderate
25.64,6.0,46.3,799.65,21.63,2026-04-02 00:42:57.202,45,Moderate
25.62,6.0,46.06,799.88,89.46,2026-04-02 00:45:57.202,45,Moderate
25.55,6.0,50.76,799.42,91.73,2026-04-02 00:48:57.202,45,Moderate
25.58,6.0,54.01,800.0,31.13,2026-04-02 00:51:57.202,45,Moderate
25.62,6.0,50.63,800.0,110.32,2026-04-02 00:54:57.202,45,Moderate
25.49,6.01,52.7,800.0,102.84,2026-04-02 00:57:57.202,45,Moderate
25.55,6.0,51.86,799.95,96.69,2026-04-02 01:00:57.202,45,Moderate
25.65,6.0,46.57,800.0,97.12,2026-04-02 01:03:57.202,45,Moderate
25.56,6.0,48.54,800.0,80.2,2026-04-02 01:06:57.202,45,Moderate
25.61,6.0,44.7,800.0,106.24,2026-04-02 01:09:57.202,45,Moderate
25.53,6.0,44.13,800.0,98.42,2026-04-02 01:12:57.202,45,Moderate
25.62,6.0,51.62,799.75,114.52,2026-04-02 01:15:57.202,45,Moderate
25.75,6.0,48.34,800.0,102.77,2026-04-02 01:18:57.202,45,Moderate
25.7,6.0,51.15,799.85,93.82,2026-04-02 01:21:57.202,45,Moderate
25.63,6.0,44.14,800.0,53.74,2026-04-02 01:24:57.202,45,Moderate
25.69,6.0,49.34,800.0,64.76,2026-04-02 01:27:57.202,45,Moderate
25.63,6.0,43.61,800.0,112.87,2026-04-02 01:30:57.202,45,Moderate
25.66,6.0,46.93,800.0,672.42,2026-04-02 01:33:57.202,45,Moderate
25.49,6.0,49.51,799.54,466.15,2026-04-02 01:36:57.202,45,Moderate
25.63,6.0,50.58,800.0,643.33,2026-04-02 01:39:57.202,45,Moderate
25.6,6.0,46.57,799.45,648.01,2026-04-02 01:42:57.202,45,Moderate
25.6,6.0,49.0,800.0,658.7,2026-04-02 01:45:57.202,45,Moderate
25.63,6.01,43.17,800.0,468.15,2026-04-02 01:48:57.202,45,Moderate
25.55,6.0,50.86,800.0,345.17,2026-04-02 01:51:57.202,45,Moderate
25.63,6.0,46.66,800.0,348.12,2026-04-02 01:54:57.202,45,Moderate
25.67,6.0,49.55,800.0,154.44,2026-04-02 01:57:57.202,45,Moderate
25.61,6.0,52.76,800.0,420.9,2026-04-02 02:00:57.202,45,Moderate
25.48,6.0,45.52,800.0,125.28,2026-04-02 02:03:57.202,45,Moderate
25.59,6.0,46.78,800.0,341.38,2026-04-02 02:06:57.202,45,Moderate
25.52,6.01,45.65,800.0,204.42,2026-04-02 02:09:57.202,45,Moderate
25.58,6.01,54.0,799.47,218.03,2026-04-02 02:12:57.202,45,Moderate
25.66,6.02,49.35,800.0,498.0,2026-04-02 02:15:57.202,45,Moderate
25.61,6.0,50.05,800.0,458.78,2026-04-02 02:18:57.202,45,Moderate
25.69,6.0,51.79,800.0,305.37,2026-04-02 02:21:57.202,45,Moderate
25.62,6.0,43.98,800.0,185.1,2026-04-02 02:24:57.202,45,Moderate
25.62,6.0,41.63,800.0,440.59,2026-04-02 02:27:57.202,45,Moderate
25.61,6.0,62.38,800.0,2172.04,2026-04-02 02:30:57.202,45,Moderate
25.55,6.0,59.02,800.0,1863.27,2026-04-02 02:33:57.202,45,Moderate
25.52,6.0,54.98,800.0,1926.15,2026-04-02 02:36:57.202,45,Moderate
25.51,6.0,61.63,800.0,2685.48,2026-04-02 02:39:57.202,45,Moderate
25.56,6.0,52.7,800.0,2623.1,2026-04-02 02:42:57.202,45,Moderate
25.6,6.0,53.91,800.0,1835.37,2026-04-02 02:45:57.202,45,Moderate
25.51,6.0,63.15,800.0,2386.57,2026-04-02 02:48:57.202,45,Moderate
25.55,6.0,61.9,800.0,2719.89,2026-04-02 02:51:57.202,45,Moderate
25.58,6.0,61.05,800.0,1300.98,2026-04-02 02:54:57.202,45,Moderate
25.6,6.0,65.1,800.0,1340.73,2026-04-02 02:57:57.202,45,Moderate
25.63,6.0,59.27,800.0,1972.44,2026-04-02 03:00:57.202,45,Moderate
25.64,6.0,53.71,800.0,1718.37,2026-04-02 03:03:57.202,45,Moderate
25.58,6.0,50.64,799.42,2557.64,2026-04-02 03:06:57.202,45,Moderate
25.65,6.0,57.8,799.07,2647.21,2026-04-02 03:09:57.202,45,Moderate
25.64,6.0,50.96,799.08,2284.51,2026-04-02 03:12:57.202,45,Moderate
25.64,6.0,53.1,798.91,1564.52,2026-04-02 03:15:57.202,45,Moderate
25.7,6.0,53.58,800.0,2511.56,2026-04-02 03:18:57.202,45,Moderate
25.66,6.0,57.08,800.0,2888.73,2026-04-02 03:21:57.202,45,Moderate
25.61,6.0,54.29,800.0,2286.48,2026-04-02 03:24:57.202,45,Moderate
25.63,6.0,57.84,800.0,1577.98,2026-04-02 03:27:57.202,45,Moderate
25.55,6.0,53.02,799.88,2114.71,2026-04-02 03:30:57.202,45,Moderate
25.53,6.0,54.84,800.0,2690.93,2026-04-02 03:33:57.202,45,Moderate
25.58,6.0,56.09,800.0,2226.07,2026-04-02 03:36:57.202,45,Moderate
25.56,6.0,49.97,800.0,2422.21,2026-04-02 03:39:57.202,45,Moderate
25.56,6.0,53.14,800.0,2333.26,2026-04-02 03:42:57.202,45,Moderate
25.65,6.0,53.22,799.39,2053.73,2026-04-02 03:45:57.202,45,Moderate
25.53,6.0,57.52,800.0,1376.0,2026-04-02 03:48:57.202,45,Moderate
25.61,6.0,52.6,799.86,1743.11,2026-04-02 03:51:57.202,45,Moderate
25.65,6.0,53.36,800.0,2272.6,2026-04-02 03:54:57.202,45,Moderate
25.56,6.0,49.38,800.0,2140.88,2026-04-02 03:57:57.202,45,Moderate
25.61,6.0,52.32,799.67,2309.97,2026-04-02 04:00:57.202,45,Moderate
25.69,6.0,52.89,800.0,2429.18,2026-04-02 04:03:57.202,45,Moderate
25.72,6.0,57.32,800.0,1562.99,2026-04-02 04:06:57.202,45,Moderate
25.63,6.0,52.26,800.0,2233.67,2026-04-02 04:09:57.202,45,Moderate
25.62,6.0,57.12,800.0,2712.4,2026-04-02 04:12:57.202,45,Moderate
25.6,6.0,55.87,799.72,2759.7,2026-04-02 04:15:57.202,45,Moderate
25.64,6.0,52.67,800.0,2558.77,2026-04-02 04:18:57.202,45,Moderate
25.54,6.0,55.48,800.0,2452.97,2026-04-02 04:21:57.202,45,Moderate
25.57,6.0,50.12,799.22,2130.69,2026-04-02 04:24:57.202,45,Moderate
25.58,6.0,54.81,799.45,2578.01,2026-04-02 04:27:57.202,45,Moderate
25.76,6.0,52.45,799.46,2316.77,2026-04-02 04:30:57.202,45,Moderate
25.77,6.0,48.5,799.99,2896.03,2026-04-02 04:33:57.202,45,Moderate
25.84,6.0,53.7,800.0,2478.65,2026-04-02 04:36:57.202,45,Moderate
25.8,6.0,57.35,799.88,1948.37,2026-04-02 04:39:57.202,45,Moderate
25.76,6.0,52.02,800.0,2817.07,2026-04-02 04:42:57.202,45,Moderate
25.72,6.0,52.69,800.0,1659.74,2026-04-02 04:45:57.202,45,Moderate
25.73,6.0,54.91,798.88,2474.83,2026-04-02 04:48:57.202,45,Moderate
25.82,6.0,53.71,799.84,2014.48,2026-04-02 04:51:57.202,45,Moderate
25.8,6.0,54.97,800.0,1723.41,2026-04-02 04:54:57.202,45,Moderate
25.82,6.0,51.54,800.0,2845.1,2026-04-02 04:57:57.202,45,Moderate
25.86,6.01,54.23,799.21,2815.44,2026-04-02 05:00:57.202,45,Moderate
25.93,6.0,55.17,799.25,2623.43,2026-04-02 05:03:57.202,45,Moderate
25.78,6.0,55.47,800.0,2510.66,2026-04-02 05:06:57.202,45,Moderate
25.87,6.0,51.73,800.0,2377.16,2026-04-02 05:09:57.202,45,Moderate
25.93,6.0,50.05,800.0,2289.31,2026-04-02 05:12:57.202,45,Moderate
25.94,6.0,57.94,798.76,2271.76,2026-04-02 05:15:57.202,45,Moderate
25.9,6.0,60.41,798.31,2206.47,2026-04-02 05:18:57.202,45,Moderate
26.02,6.0,50.91,799.12,1426.46,2026-04-02 05:21:57.202,45,Moderate
25.86,6.0,58.76,799.99,1993.64,2026-04-02 05:24:57.202,45,Moderate
25.79,6.0,59.3,800.0,1797.34,2026-04-02 05:27:57.202,45,Moderate
25.82,6.0,48.34,800.0,2264.03,2026-04-02 05:30:57.202,45,Moderate
25.84,6.0,53.13,800.0,2760.37,2026-04-02 05:33:57.202,45,Moderate
25.87,6.0,54.51,800.0,2224.54,2026-04-02 05:36:57.202,45,Moderate
25.87,6.01,55.42,800.0,2605.28,2026-04-02 05:39:57.202,45,Moderate
25.82,6.0,47.12,800.0,2358.37,2026-04-02 05:42:57.202,45,Moderate
25.89,6.0,50.12,800.0,2272.46,2026-04-02 05:45:57.202,45,Moderate
25.87,6.0,51.94,800.0,2508.2,2026-04-02 05:48:57.202,45,Moderate
25.82,6.0,53.11,800.0,1948.3,2026-04-02 05:51:57.202,45,Moderate
25.81,6.0,50.12,799.67,2790.43,2026-04-02 05:54:57.202,45,Moderate
25.89,6.0,54.55,800.0,1647.5,2026-04-02 05:57:57.202,45,Moderate
25.92,6.0,54.27,800.0,1356.01,2026-04-02 06:00:57.202,45,Moderate
25.89,6.02,54.44,800.0,2413.35,2026-04-02 06:03:57.202,45,Moderate
25.86,6.0,51.06,800.0,2199.29,2026-04-02 06:06:57.202,45,Moderate
25.83,6.0,53.22,800.0,2015.67,2026-04-02 06:09:57.202,45,Moderate
25.87,6.0,53.92,800.0,2051.79,2026-04-02 06:12:57.202,45,Moderate
25.8,6.0,49.98,800.0,1768.15,2026-04-02 06:15:57.202,45,Moderate
25.8,6.0,49.06,799.4,1612.95,2026-04-02 06:18:57.202,45,Moderate
25.84,6.0,54.46,800.0,2305.63,2026-04-02 06:21:57.202,45,Moderate
25.89,6.0,51.56,800.0,1867.2,2026-04-02 06:24:57.202,45,Moderate
25.82,6.0,57.52,800.0,1194.99,2026-04-02 06:27:57.202,45,Moderate
25.81,6.0,56.42,800.0,1824.72,2026-04-02 06:30:57.202,45,Moderate
25.87,6.0,52.65,800.0,1594.63,2026-04-02 06:33:57.202,45,Moderate
25.83,6.0,52.66,799.85,1642.69,2026-04-02 06:36:57.202,45,Moderate
25.83,6.0,53.39,800.0,1515.64,2026-04-02 06:39:57.202,45,Moderate
25.84,6.0,53.25,800.0,1660.78,2026-04-02 06:42:57.202,45,Moderate
25.87,6.0,54.91,799.15,1572.34,2026-04-02 06:45:57.202,45,Moderate
25.9,6.0,50.51,800.0,1664.89,2026-04-02 06:48:57.202,45,Moderate
25.93,6.0,49.43,800.0,2143.77,2026-04-02 06:51:57.202,45,Moderate
25.74,6.0,47.96,799.97,2802.0,2026-04-02 06:54:57.202,45,Moderate
25.82,6.0,53.26,799.09,2028.52,2026-04-02 06:57:57.202,45,Moderate
25.78,6.0,54.86,800.0,2101.71,2026-04-02 07:00:57.202,45,Moderate
25.81,6.0,56.92,800.0,2128.8,2026-04-02 07:03:57.202,45,Moderate
25.84,6.0,51.75,800.0,2527.65,2026-04-02 07:06:57.202,45,Moderate
25.78,6.0,55.12,800.0,2199.54,2026-04-02 07:09:57.202,45,Moderate
25.73,6.0,57.21,800.0,2528.71,2026-04-02 07:12:57.202,45,Moderate
25.79,6.0,55.93,800.0,2428.77,2026-04-02 07:15:57.202,45,Moderate
25.73,6.0,56.57,800.0,2021.54,2026-04-02 07:18:57.202,45,Moderate
25.77,6.0,54.51,799.81,1679.27,2026-04-02 07:21:57.202,45,Moderate
25.74,6.0,50.92,800.0,2293.12,2026-04-02 07:24:57.202,45,Moderate
25.7,6.0,55.85,799.46,1369.88,2026-04-02 07:27:57.202,45,Moderate
25.75,6.0,51.34,799.49,1521.63,2026-04-02 07:30:57.202,45,Moderate
25.89,6.0,55.35,800.0,2351.25,2026-04-02 07:33:57.202,45,Moderate
25.89,6.0,50.86,800.0,2242.08,2026-04-02 07:36:57.202,45,Moderate
26.04,6.0,51.32,800.0,1587.98,2026-04-02 07:39:57.202,45,Moderate
25.96,6.0,56.24,800.0,1733.63,2026-04-02 07:42:57.202,45,Moderate
25.81,6.0,54.72,799.96,2639.77,2026-04-02 07:45:57.202,45,Moderate
25.86,6.0,49.73,800.0,1888.27,2026-04-02 07:48:57.202,45,Moderate
25.9,6.0,57.24,800.0,2812.43,2026-04-02 07:51:57.202,45,Moderate
25.83,6.0,51.1,799.59,1890.69,2026-04-02 07:54:57.202,45,Moderate
25.86,6.0,59.66,800.0,1166.56,2026-04-02 07:57:57.202,45,Moderate
25.9,6.0,48.44,799.87,1511.04,2026-04-02 08:00:57.202,45,Moderate
25.78,6.0,53.4,800.0,2647.5,2026-04-02 08:03:57.202,45,Moderate
25.91,6.0,50.52,800.0,1849.15,2026-04-02 08:06:57.202,45,Moderate
25.99,6.0,56.95,800.0,2504.54,2026-04-02 08:09:57.202,45,Moderate
25.93,6.0,53.82,799.77,1167.58,2026-04-02 08:12:57.202,45,Moderate
25.91,6.0,49.33,800.0,2211.82,2026-04-02 08:15:57.202,45,Moderate
25.91,6.0,55.04,799.67,2990.36,2026-04-02 08:18:57.202,45,Moderate
25.84,6.0,53.59,800.0,2923.86,2026-04-02 08:21:57.202,45,Moderate
25.78,6.0,54.14,800.0,2519.22,2026-04-02 08:24:57.202,45,Moderate
25.84,6.0,50.87,800.0,1224.88,2026-04-02 08:27:57.202,45,Moderate
25.77,6.0,47.03,799.72,2242.94,2026-04-02 08:30:57.202,45,Moderate
25.76,6.0,48.32,800.0,2208.23,2026-04-02 08:33:57.202,45,Moderate
25.75,6.0,47.28,800.0,2691.71,2026-04-02 08:36:57.202,45,Moderate
25.76,6.0,54.25,800.0,1896.91,2026-04-02 08:39:57.202,45,Moderate
25.79,6.0,49.84,800.0,1972.02,2026-04-02 08:42:57.202,45,Moderate
25.87,6.0,55.47,799.02,2033.11,2026-04-02 08:45:57.202,45,Moderate
25.93,6.0,51.42,799.65,1855.52,2026-04-02 08:48:57.202,45,Moderate
25.85,6.0,52.43,799.71,1834.73,2026-04-02 08:51:57.202,45,Moderate
25.79,6.0,54.77,800.0,1693.64,2026-04-02 08:54:57.202,45,Moderate
25.85,6.0,52.71,799.95,2812.2,2026-04-02 08:57:57.202,45,Moderate
25.71,6.0,55.06,800.0,2511.77,2026-04-02 09:00:57.202,45,Moderate
25.71,6.02,48.49,800.0,1681.07,2026-04-02 09:03:57.202,45,Moderate
25.75,6.0,54.27,800.0,1800.15,2026-04-02 09:06:57.202,45,Moderate
25.76,6.0,58.01,800.0,2307.65,2026-04-02 09:09:57.202,45,Moderate
25.84,6.0,52.96,800.0,2123.26,2026-04-02 09:12:57.202,45,Moderate
25.79,6.01,52.05,799.16,2234.09,2026-04-02 09:15:57.202,45,Moderate
25.86,6.0,49.03,799.21,1190.18,2026-04-02 09:18:57.202,45,Moderate
25.87,6.01,50.66,800.0,2255.61,2026-04-02 09:21:57.202,45,Moderate
25.98,6.0,53.08,800.0,2869.77,2026-04-02 09:24:57.202,45,Moderate
25.89,6.0,56.14,800.0,2341.89,2026-04-02 09:27:57.202,45,Moderate
25.88,6.0,48.56,798.7,1395.53,2026-04-02 09:30:57.202,45,Moderate
25.94,6.0,54.62,798.69,2278.29,2026-04-02 09:33:57.202,45,Moderate
25.85,6.0,48.24,799.95,1754.42,2026-04-02 09:36:57.202,45,Moderate
25.85,6.0,48.19,800.0,2218.3,2026-04-02 09:39:57.202,45,Moderate
25.85,6.0,56.0,799.63,2026.72,2026-04-02 09:42:57.202,45,Moderate
25.83,6.0,52.59,800.0,2016.66,2026-04-02 09:45:57.202,45,Moderate
25.75,6.0,53.83,800.0,1935.29,2026-04-02 09:48:57.202,45,Moderate
25.81,6.0,47.51,799.21,1494.86,2026-04-02 09:51:57.202,45,Moderate
25.84,6.0,59.71,800.0,2836.18,2026-04-02 09:54:57.202,45,Moderate
25.95,6.0,48.35,798.99,1923.85,2026-04-02 09:57:57.202,45,Moderate
25.83,6.0,48.36,798.91,1698.08,2026-04-02 10:00:57.202,45,Moderate
25.85,6.01,52.11,800.0,2718.59,2026-04-02 10:03:57.202,45,Moderate
25.88,6.0,55.09,800.0,1585.56,2026-04-02 10:06:57.202,45,Moderate
25.87,6.0,55.11,800.0,2246.67,2026-04-02 10:09:57.202,45,Moderate
25.82,6.0,46.81,800.0,1618.05,2026-04-02 10:12:57.202,45,Moderate
25.84,6.0,51.96,800.0,2079.98,2026-04-02 10:15:57.202,45,Moderate
25.84,6.0,49.7,800.0,1985.91,2026-04-02 10:18:57.202,45,Moderate
25.75,6.0,42.61,799.75,1845.48,2026-04-02 10:21:57.202,45,Moderate
25.77,6.0,51.48,800.0,2402.95,2026-04-02 10:24:57.202,45,Moderate
25.85,6.0,50.05,800.0,2574.95,2026-04-02 10:27:57.202,45,Moderate
25.76,6.0,52.91,800.0,2806.56,2026-04-02 10:30:57.202,45,Moderate
25.81,6.0,46.16,800.0,1624.1,2026-04-02 10:33:57.202,45,Moderate
25.77,6.0,54.28,799.2,2486.08,2026-04-02 10:36:57.202,45,Moderate
25.85,6.0,54.89,800.0,1412.6,2026-04-02 10:39:57.202,45,Moderate
25.95,6.0,51.05,800.0,2460.51,2026-04-02 10:42:57.202,45,Moderate
25.96,6.0,55.9,800.0,2640.2,2026-04-02 10:45:57.202,45,Moderate
25.92,6.0,51.9,799.52,1896.68,2026-04-02 10:48:57.202,45,Moderate
25.88,6.0,52.31,799.41,2253.17,2026-04-02 10:51:57.202,45,Moderate
25.86,6.0,45.93,800.0,2737.42,2026-04-02 10:54:57.202,45,Moderate
25.84,6.0,54.28,799.93,2049.68,2026-04-02 10:57:57.202,45,Moderate
25.88,6.0,52.38,800.0,1370.5,2026-04-02 11:00:57.202,45,Moderate
25.86,6.0,46.38,800.0,1533.99,2026-04-02 11:03:57.202,45,Moderate
26.0,6.0,55.61,800.0,1833.58,2026-04-02 11:06:57.202,45,Moderate
26.01,6.0,52.32,799.57,2347.02,2026-04-02 11:09:57.202,45,Moderate
25.84,6.0,46.08,800.0,1881.95,2026-04-02 11:12:57.202,45,Moderate
25.85,6.0,54.65,800.0,2843.5,2026-04-02 11:15:57.202,45,Moderate
25.93,6.0,47.6,799.78,1413.84,2026-04-02 11:18:57.202,45,Moderate
25.84,6.0,46.09,800.0,1609.96,2026-04-02 11:21:57.202,45,Moderate
25.82,6.0,44.36,800.0,1737.93,2026-04-02 11:24:57.202,45,Moderate
25.83,6.0,48.07,799.14,2131.16,2026-04-02 11:27:57.202,45,Moderate
25.84,6.0,57.99,799.13,2409.62,2026-04-02 11:30:57.202,45,Moderate
25.7,6.0,49.87,797.88,2058.67,2026-04-02 11:33:57.202,45,Moderate
25.69,6.0,51.84,799.22,1170.48,2026-04-02 11:36:57.202,45,Moderate
25.55,6.0,48.08,799.71,2023.21,2026-04-02 11:39:57.202,45,Moderate
25.57,6.01,48.87,800.0,1224.98,2026-04-02 11:42:57.202,45,Moderate
25.65,6.0,52.1,800.0,1117.54,2026-04-02 11:45:57.202,45,Moderate
25.52,6.0,56.67,800.0,2274.83,2026-04-02 11:48:57.202,45,Moderate
25.52,6.0,51.41,800.0,1335.6,2026-04-02 11:51:57.202,45,Moderate
25.61,6.0,48.35,800.0,2206.31,2026-04-02 11:54:57.202,45,Moderate
25.56,6.0,56.1,800.0,1706.56,2026-04-02 11:57:57.202,45,Moderate
25.62,6.0,49.7,800.0,1994.66,2026-04-02 12:00:57.202,45,Moderate
25.52,6.0,45.77,799.66,1674.69,2026-04-02 12:03:57.202,45,Moderate
25.6,6.0,55.79,800.0,1339.88,2026-04-02 12:06:57.202,45,Moderate
25.59,6.0,51.52,799.96,1305.27,2026-04-02 12:09:57.202,45,Moderate
25.7,6.0,53.62,800.0,1723.7,2026-04-02 12:12:57.202,45,Moderate
25.68,6.0,53.17,799.78,1102.07,2026-04-02 12:15:57.202,45,Moderate
25.6,6.0,48.64,800.0,1301.57,2026-04-02 12:18:57.202,45,Moderate
25.63,6.0,55.27,800.0,1720.51,2026-04-02 12:21:57.202,45,Moderate
25.58,6.0,54.54,799.96,2113.14,2026-04-02 12:24:57.202,45,Moderate
25.66,6.0,55.99,800.0,1427.28,2026-04-02 12:27:57.202,45,Moderate
25.56,6.0,60.04,800.0,106.2,2026-04-02 12:30:57.202,45,Moderate
25.6,6.0,54.21,800.0,40.72,2026-04-02 12:33:57.202,45,Moderate
25.56,6.0,59.02,800.0,41.6,2026-04-02 12:36:57.202,45,Moderate
25.59,6.0,66.37,800.0,32.62,2026-04-02 12:39:57.202,45,Moderate
25.51,6.0,57.15,800.0,33.58,2026-04-02 12:42:57.202,45,Moderate
25.47,6.0,67.91,800.0,177.68,2026-04-02 12:45:57.202,45,Moderate
25.6,6.0,68.55,800.0,170.94,2026-04-02 12:48:57.202,45,Moderate
25.69,6.0,56.3,800.0,165.88,2026-04-02 12:51:57.202,45,Moderate
25.59,6.0,61.59,800.0,88.67,2026-04-02 12:54:57.202,45,Moderate
25.51,6.0,60.29,800.0,57.57,2026-04-02 12:57:57.202,45,Moderate
25.46,6.0,68.79,800.0,80.93,2026-04-02 13:00:57.202,45,Moderate
25.53,6.0,59.45,800.0,66.59,2026-04-02 13:03:57.202,45,Moderate
25.55,6.0,56.93,799.65,54.85,2026-04-02 13:06:57.202,45,Moderate
25.51,6.01,57.72,799.22,131.42,2026-04-02 13:09:57.202,45,Moderate
25.59,6.0,58.86,800.0,92.04,2026-04-02 13:12:57.202,45,Moderate
25.64,6.0,61.58,800.0,108.83,2026-04-02 13:15:57.202,45,Moderate
25.61,6.0,63.8,800.0,135.44,2026-04-02 13:18:57.202,45,Moderate
25.53,6.0,54.34,800.0,138.51,2026-04-02 13:21:57.202,45,Moderate
25.66,6.0,58.63,800.0,168.37,2026-04-02 13:24:57.202,45,Moderate
25.71,6.0,59.21,799.83,111.07,2026-04-02 13:27:57.202,45,Moderate
25.72,6.0,60.84,800.0,12.5,2026-04-02 13:30:57.202,45,Moderate
25.61,6.0,59.64,800.0,0.17,2026-04-02 13:33:57.202,45,Moderate
25.5,6.0,62.0,800.0,18.55,2026-04-02 13:36:57.202,45,Moderate
25.53,6.0,59.96,800.0,9.89,2026-04-02 13:39:57.202,45,Moderate
25.63,6.0,60.74,800.0,91.13,2026-04-02 13:42:57.202,45,Moderate
25.55,6.0,61.92,800.0,191.29,2026-04-02 13:45:57.202,45,Moderate
25.59,6.0,61.85,800.0,208.62,2026-04-02 13:48:57.202,45,Moderate
25.61,6.0,62.81,800.0,15.63,2026-04-02 13:51:57.202,45,Moderate
25.53,6.0,54.21,800.0,4.21,2026-04-02 13:54:57.202,45,Moderate
25.48,6.0,54.64,800.0,96.77,2026-04-02 13:57:57.202,45,Moderate
25.63,6.0,59.95,800.0,130.54,2026-04-02 14:00:57.202,45,Moderate
25.54,6.0,63.83,800.0,10.72,2026-04-02 14:03:57.202,45,Moderate
25.55,6.0,59.82,799.31,10.98,2026-04-02 14:06:57.202,45,Moderate
25.5,6.0,56.29,800.0,6.99,2026-04-02 14:09:57.202,45,Moderate
25.49,6.0,57.52,800.0,236.9,2026-04-02 14:12:57.202,45,Moderate
25.63,6.0,62.31,800.0,213.42,2026-04-02 14:15:57.202,45,Moderate
25.66,6.0,60.99,800.0,17.67,2026-04-02 14:18:57.202,45,Moderate
25.67,6.0,53.61,800.0,11.23,2026-04-02 14:21:57.202,45,Moderate
25.67,6.0,58.84,800.0,8.39,2026-04-02 14:24:57.202,45,Moderate
25.69,6.0,56.23,800.0,9.47,2026-04-02 14:27:57.202,45,Moderate
25.56,6.0,63.52,799.89,3.78,2026-04-02 14:30:57.202,45,Moderate
25.59,6.0,59.67,799.59,12.32,2026-04-02 14:33:57.202,45,Moderate
25.6,6.0,61.58,800.0,11.31,2026-04-02 14:36:57.202,45,Moderate
25.6,6.0,53.85,800.0,3.34,2026-04-02 14:39:57.202,45,Moderate
25.54,6.0,56.68,800.0,6.51,2026-04-02 14:42:57.202,45,Moderate
25.59,6.0,57.06,799.57,15.21,2026-04-02 14:45:57.202,45,Moderate
25.67,6.0,58.6,799.93,159.36,2026-04-02 14:48:57.202,45,Moderate
25.6,6.0,57.14,799.46,11.48,2026-04-02 14:51:57.202,45,Moderate
25.5,6.0,61.69,800.0,5.66,2026-04-02 14:54:57.202,45,Moderate
25.58,6.0,61.14,800.0,7.9,2026-04-02 14:57:57.202,45,Moderate
25.61,6.0,62.75,800.0,249.9,2026-04-02 15:00:57.202,45,Moderate
25.58,6.0,63.61,800.0,12.26,2026-04-02 15:03:57.202,45,Moderate
25.63,6.0,60.67,800.0,1.27,2026-04-02 15:06:57.202,45,Moderate
25.64,6.0,61.26,800.0,14.46,2026-04-02 15:09:57.202,45,Moderate
25.65,6.0,55.72,800.0,19.15,2026-04-02 15:12:57.202,45,Moderate
25.63,6.0,53.34,799.53,9.75,2026-04-02 15:15:57.202,45,Moderate
25.73,6.0,60.82,799.83,15.74,2026-04-02 15:18:57.202,45,Moderate
25.68,6.0,59.19,798.72,246.24,2026-04-02 15:21:57.202,45,Moderate
25.69,6.0,52.64,798.37,15.87,2026-04-02 15:24:57.202,45,Moderate
25.71,6.0,55.66,798.79,11.37,2026-04-02 15:27:57.202,45,Moderate
25.03,6.0,99.26,799.54,0.85,2026-04-02 15:30:57.202,45,Moderate
24.5,6.0,92.85,800.0,13.19,2026-04-02 15:33:57.202,45,Moderate
24.03,6.0,73.89,800.0,3.06,2026-04-02 15:36:57.202,45,Moderate
23.89,6.0,90.42,800.0,6.18,2026-04-02 15:39:57.202,65,High
23.46,6.0,102.89,800.0,13.09,2026-04-02 15:42:57.202,65,High
23.35,6.0,86.27,800.0,1.1,2026-04-02 15:45:57.202,65,High
23.19,6.0,84.58,800.0,10.49,2026-04-02 15:48:57.202,65,High
23.1,6.0,89.75,800.0,4.37,2026-04-02 15:51:57.202,65,High
23.01,6.0,102.96,800.0,11.23,2026-04-02 15:54:57.202,65,High
22.9,6.0,88.45,800.0,5.25,2026-04-02 15:57:57.202,65,High
22.81,6.0,101.69,800.0,2.52,2026-04-02 16:00:57.202,65,High
22.81,6.0,87.91,800.0,3.1,2026-04-02 16:03:57.202,65,High
22.75,6.0,90.22,800.0,17.31,2026-04-02 16:06:57.202,65,High
24.15,6.0,63.89,800.0,9.72,2026-04-02 16:09:57.202,45,Moderate
24.9,6.0,67.59,800.0,9.79,2026-04-02 16:12:57.202,45,Moderate
25.26,6.0,65.77,800.0,12.99,2026-04-02 16:15:57.202,45,Moderate
25.46,6.0,58.51,800.0,16.2,2026-04-02 16:18:57.202,45,Moderate
25.47,6.0,61.92,800.0,0.89,2026-04-02 16:21:57.202,45,Moderate
25.57,6.0,60.92,800.0,17.99,2026-04-02 16:24:57.202,45,Moderate
25.65,6.0,67.85,799.64,7.6,2026-04-02 16:27:57.202,45,Moderate
25.64,6.0,66.38,800.0,1.29,2026-04-02 16:30:57.202,45,Moderate
25.69,6.0,63.68,800.0,10.42,2026-04-02 16:33:57.202,45,Moderate
25.54,6.0,60.68,799.8,6.14,2026-04-02 16:36:57.202,45,Moderate
25.61,6.0,59.79,800.0,13.32,2026-04-02 16:39:57.202,45,Moderate
25.59,6.0,67.07,800.0,12.95,2026-04-02 16:42:57.202,45,Moderate
25.54,6.0,62.33,800.0,2.32,2026-04-02 16:45:57.202,45,Moderate
25.56,6.0,61.16,800.0,6.05,2026-04-02 16:48:57.202,45,Moderate
25.5,6.0,57.79,800.0,8.98,2026-04-02 16:51:57.202,45,Moderate
25.53,6.0,62.66,799.63,1.62,2026-04-02 16:54:57.202,45,Moderate
25.64,6.0,61.62,800.0,17.09,2026-04-02 16:57:57.202,45,Moderate
25.71,6.0,59.66,800.0,4.06,2026-04-02 17:00:57.202,45,Moderate
25.64,6.0,62.69,800.0,10.1,2026-04-02 17:03:57.202,45,Moderate
25.62,6.0,59.91,800.0,13.0,2026-04-02 17:06:57.202,45,Moderate
25.64,6.0,67.16,800.0,3.54,2026-04-02 17:09:57.202,45,Moderate
25.53,6.0,65.26,800.0,8.16,2026-04-02 17:12:57.202,45,Moderate
25.6,6.0,66.07,800.0,5.27,2026-04-02 17:15:57.202,45,Moderate
25.47,6.0,64.34,800.0,4.2,2026-04-02 17:18:57.202,45,Moderate
25.63,6.0,65.18,800.0,4.72,2026-04-02 17:21:57.202,45,Moderate
25.64,6.0,60.36,799.72,12.01,2026-04-02 17:24:57.202,45,Moderate
25.61,6.0,68.69,800.0,4.13,2026-04-02 17:27:57.202,45,Moderate
25.43,6.0,64.25,800.0,14.39,2026-04-02 17:30:57.202,45,Moderate
25.45,6.0,60.13,800.0,4.81,2026-04-02 17:33:57.202,45,Moderate
25.49,6.0,57.6,800.0,15.04,2026-04-02 17:36:57.202,45,Moderate
25.61,6.0,63.82,800.0,4.94,2026-04-02 17:39:57.202,45,Moderate
25.63,6.0,59.93,800.0,10.33,2026-04-02 17:42:57.202,45,Moderate
25.51,6.0,62.42,799.15,9.45,2026-04-02 17:45:57.202,45,Moderate
25.61,6.0,64.8,800.0,10.73,2026-04-02 17:48:57.202,45,Moderate
25.61,6.0,57.86,800.0,8.41,2026-04-02 17:51:57.202,45,Moderate
25.59,6.0,57.33,800.0,6.17,2026-04-02 17:54:57.202,45,Moderate
25.53,6.0,60.39,800.0,10.27,2026-04-02 17:57:57.202,45,Moderate
25.53,6.0,66.86,800.0,0.42,2026-04-02 18:00:57.202,45,Moderate
25.55,6.0,61.07,799.54,6.45,2026-04-02 18:03:57.202,45,Moderate
25.57,6.0,57.84,800.0,15.97,2026-04-02 18:06:57.202,45,Moderate
25.62,6.0,57.83,800.0,17.44,2026-04-02 18:09:57.202,45,Moderate
25.67,6.0,60.73,800.0,17.02,2026-04-02 18:12:57.202,45,Moderate
25.73,6.0,56.66,800.0,15.36,2026-04-02 18:15:57.202,45,Moderate
25.63,6.0,65.74,800.0,15.29,2026-04-02 18:18:57.202,45,Moderate
25.61,6.0,59.98,800.0,17.72,2026-04-02 18:21:57.202,45,Moderate
25.53,6.0,61.11,800.0,6.76,2026-04-02 18:24:57.202,45,Moderate
25.55,6.0,61.75,799.64,2.54,2026-04-02 18:27:57.202,45,Moderate
25.63,6.0,62.11,800.0,3.96,2026-04-02 18:30:57.202,45,Moderate
25.7,6.0,68.37,800.0,4.94,2026-04-02 18:33:57.202,45,Moderate
25.73,6.0,61.31,799.67,4.63,2026-04-02 18:36:57.202,45,Moderate
25.64,6.0,63.78,799.51,0.9,2026-04-02 18:39:57.202,45,Moderate
25.61,6.0,59.38,800.0,4.08,2026-04-02 18:42:57.202,45,Moderate
25.67,6.0,63.28,800.0,3.05,2026-04-02 18:45:57.202,45,Moderate
25.67,6.0,60.1,800.0,1.51,2026-04-02 18:48:57.202,45,Moderate
25.77,6.0,59.41,800.0,4.51,2026-04-02 18:51:57.202,45,Moderate
25.69,6.0,61.75,800.0,4.88,2026-04-02 18:54:57.202,45,Moderate
25.7,6.0,56.31,798.99,4.93,2026-04-02 18:57:57.202,45,Moderate
25.59,6.0,64.19,799.03,2.45,2026-04-02 19:00:57.202,45,Moderate
25.61,6.0,61.11,800.0,3.46,2026-04-02 19:03:57.202,45,Moderate
25.62,6.0,65.27,800.0,0.48,2026-04-02 19:06:57.202,45,Moderate
25.66,6.0,60.0,800.0,0.25,2026-04-02 19:09:57.202,45,Moderate
25.63,6.0,58.18,800.0,4.49,2026-04-02 19:12:57.202,45,Moderate
25.72,6.0,57.87,800.0,0.11,2026-04-02 19:15:57.202,45,Moderate
25.69,6.0,59.96,799.34,1.69,2026-04-02 19:18:57.202,45,Moderate
25.7,6.0,56.19,800.0,1.07,2026-04-02 19:21:57.202,45,Moderate
25.68,6.0,62.19,799.87,4.41,2026-04-02 19:24:57.202,45,Moderate
25.63,6.0,64.14,800.0,3.24,2026-04-02 19:27:57.202,45,Moderate
25.65,6.0,65.71,800.0,4.21,2026-04-02 19:30:57.202,45,Moderate
25.64,6.0,61.68,800.0,1.87,2026-04-02 19:33:57.202,45,Moderate
25.79,6.01,55.18,800.0,2.46,2026-04-02 19:36:57.202,45,Moderate
25.68,6.0,60.21,800.0,3.83,2026-04-02 19:39:57.202,45,Moderate
25.7,6.0,64.32,800.0,3.1,2026-04-02 19:42:57.202,45,Moderate
25.71,6.0,62.69,800.0,3.58,2026-04-02 19:45:57.202,45,Moderate
25.73,6.0,65.34,800.0,4.6,2026-04-02 19:48:57.202,45,Moderate
25.76,6.0,61.27,800.0,1.28,2026-04-02 19:51:57.202,45,Moderate
25.69,6.0,56.32,800.0,2.76,2026-04-02 19:54:57.202,45,Moderate
25.74,6.0,62.94,800.0,4.86,2026-04-02 19:57:57.202,45,Moderate
25.73,6.0,63.75,800.0,0.67,2026-04-02 20:00:57.202,45,Moderate
25.75,6.0,61.17,800.0,3.02,2026-04-02 20:03:57.202,45,Moderate
25.77,6.0,61.8,799.95,2.47,2026-04-02 20:06:57.202,45,Moderate
25.77,6.0,56.26,800.0,1.59,2026-04-02 20:09:57.202,45,Moderate
25.83,6.0,64.14,800.0,0.79,2026-04-02 20:12:57.202,45,Moderate
25.68,6.0,56.92,800.0,4.77,2026-04-02 20:15:57.202,45,Moderate
25.69,6.0,55.98,800.0,4.77,2026-04-02 20:18:57.202,45,Moderate
25.6,6.0,56.21,800.0,2.27,2026-04-02 20:21:57.202,45,Moderate
25.54,6.0,62.04,800.0,0.85,2026-04-02 20:24:57.202,45,Moderate
25.69,6.0,65.61,800.0,4.71,2026-04-02 20:27:57.202,45,Moderate
25.81,6.0,60.09,798.7,2.54,2026-04-02 20:30:57.202,45,Moderate
25.74,6.0,60.82,798.83,0.54,2026-04-02 20:33:57.202,45,Moderate
25.72,6.0,62.93,798.97,4.35,2026-04-02 20:36:57.202,45,Moderate
25.6,6.0,60.85,799.24,2.0,2026-04-02 20:39:57.202,45,Moderate
25.52,6.0,65.59,800.0,2.28,2026-04-02 20:42:57.202,45,Moderate
25.53,6.02,59.13,800.0,4.25,2026-04-02 20:45:57.202,45,Moderate
25.5,6.0,58.75,799.57,0.57,2026-04-02 20:48:57.202,45,Moderate
25.57,6.0,56.17,799.5,3.55,2026-04-02 20:51:57.202,45,Moderate
25.63,6.0,60.45,800.0,2.08,2026-04-02 20:54:57.202,45,Moderate
25.73,6.0,56.04,800.0,1.35,2026-04-02 20:57:57.202,45,Moderate
25.67,6.0,59.51,800.0,0.28,2026-04-02 21:00:57.202,45,Moderate
25.71,6.02,62.48,800.0,3.22,2026-04-02 21:03:57.202,45,Moderate
25.74,6.02,63.01,798.89,1.01,2026-04-02 21:06:57.202,45,Moderate
25.8,6.0,56.1,799.23,4.65,2026-04-02 21:09:57.202,45,Moderate
25.8,6.0,60.93,800.0,1.41,2026-04-02 21:12:57.202,45,Moderate
25.76,6.0,65.38,800.0,3.8,2026-04-02 21:15:57.202,45,Moderate
25.71,6.0,56.53,800.0,3.01,2026-04-02 21:18:57.202,45,Moderate
25.61,6.0,61.63,800.0,2.99,2026-04-02 21:21:57.202,45,Moderate
25.65,6.0,60.38,800.0,0.09,2026-04-02 21:24:57.202,45,Moderate
25.62,6.0,54.92,800.0,1.56,2026-04-02 21:27:57.202,45,Moderate
25.55,6.0,54.74,800.0,3.69,2026-04-02 21:30:57.202,45,Moderate
25.72,6.0,60.41,800.0,0.95,2026-04-02 21:33:57.202,45,Moderate
25.76,6.0,61.59,800.0,0.05,2026-04-02 21:36:57.202,45,Moderate
25.67,6.0,60.17,799.76,1.68,2026-04-02 21:39:57.202,45,Moderate
25.68,6.0,55.61,800.0,3.62,2026-04-02 21:42:57.202,45,Moderate
25.76,6.0,59.41,800.0,0.05,2026-04-02 21:45:57.202,45,Moderate
25.71,6.0,55.98,800.0,0.65,2026-04-02 21:48:57.202,45,Moderate
25.65,6.0,62.83,799.69,3.84,2026-04-02 21:51:57.202,45,Moderate
25.64,6.0,60.06,800.0,4.6,2026-04-02 21:54:57.202,45,Moderate
25.73,6.0,57.13,800.0,1.87,2026-04-02 21:57:57.202,45,Moderate
25.6,6.0,64.67,800.0,4.6,2026-04-02 22:00:57.202,45,Moderate
25.61,6.0,65.67,800.0,0.46,2026-04-02 22:03:57.202,45,Moderate
25.54,6.0,62.4,800.0,2.46,2026-04-02 22:06:57.202,45,Moderate
25.53,6.0,57.55,799.55,4.84,2026-04-02 22:09:57.202,45,Moderate
25.6,6.0,58.53,800.0,2.2,2026-04-02 22:12:57.202,45,Moderate
25.66,6.0,58.55,799.87,3.76,2026-04-02 22:15:57.202,45,Moderate
25.75,6.0,59.01,800.0,0.62,2026-04-02 22:18:57.202,45,Moderate
25.76,6.0,62.8,800.0,0.43,2026-04-02 22:21:57.202,45,Moderate
25.68,6.0,55.78,800.0,0.43,2026-04-02 22:24:57.202,45,Moderate
25.74,6.0,61.75,800.0,1.13,2026-04-02 22:27:57.202,45,Moderate
25.72,6.0,60.09,800.0,4.04,2026-04-02 22:30:57.202,45,Moderate
25.71,6.0,57.95,800.0,4.57,2026-04-02 22:33:57.202,45,Moderate
25.65,6.0,65.5,800.0,3.28,2026-04-02 22:36:57.202,45,Moderate
25.74,6.0,56.07,800.0,3.55,2026-04-02 22:39:57.202,45,Moderate
25.78,6.0,56.45,800.0,3.52,2026-04-02 22:42:57.202,45,Moderate
25.81,6.0,60.13,800.0,1.58,2026-04-02 22:45:57.202,45,Moderate
25.77,6.0,64.79,800.0,3.35,2026-04-02 22:48:57.202,45,Moderate
25.73,6.0,63.23,800.0,0.57,2026-04-02 22:51:57.202,45,Moderate
25.8,6.0,58.52,800.0,2.4,2026-04-02 22:54:57.202,45,Moderate
25.73,6.0,58.8,800.0,1.09,2026-04-02 22:57:57.202,45,Moderate
25.67,6.0,61.12,799.27,0.65,2026-04-02 23:00:57.202,45,Moderate
25.59,6.0,61.96,800.0,0.12,2026-04-02 23:03:57.202,45,Moderate
25.64,6.0,61.08,800.0,2.01,2026-04-02 23:06:57.202,45,Moderate
25.6,6.0,60.9,800.0,2.31,2026-04-02 23:09:57.202,45,Moderate
25.59,6.0,54.76,800.0,2.77,2026-04-02 23:12:57.202,45,Moderate
25.64,6.0,59.49,800.0,3.11,2026-04-02 23:15:57.202,45,Moderate
25.62,6.0,54.78,800.0,3.13,2026-04-02 23:18:57.202,45,Moderate
25.6,6.0,57.35,800.0,4.14,2026-04-02 23:21:57.202,45,Moderate
25.63,6.0,60.26,800.0,4.09,2026-04-02 23:24:57.202,45,Moderate
25.69,6.0,59.88,800.0,0.67,2026-04-02 23:27:57.202,45,Moderate
25.63,6.0,64.94,798.79,40.41,2026-04-02 23:30:57.202,45,Moderate
25.64,6.0,62.26,800.0,97.2,2026-04-02 23:33:57.202,45,Moderate
25.77,6.0,57.7,800.0,15.92,2026-04-02 23:36:57.202,45,Moderate
25.8,6.0,57.02,800.0,30.08,2026-04-02 23:39:57.202,45,Moderate
25.78,6.0,60.66,800.0,57.9,2026-04-02 23:42:57.202,45,Moderate
25.71,6.0,58.46,800.0,91.22,2026-04-02 23:45:57.202,45,Moderate
25.71,6.0,60.7,799.46,37.85,2026-04-02 23:48:57.202,45,Moderate
25.72,6.0,64.71,800.0,70.38,2026-04-02 23:51:57.202,45,Moderate
25.69,6.0,60.21,800.0,37.19,2026-04-02 23:54:57.202,45,Moderate
25.61,6.0,57.11,800.0,15.72,2026-04-02 23:57:57.202,45,Moderate
25.72,6.0,54.42,800.0,32.01,2026-04-03 00:00:57.202,45,Moderate
25.7,6.0,60.1,800.0,97.74,2026-04-03 00:03:57.202,45,Moderate
25.73,6.0,55.12,800.0,76.28,2026-04-03 00:06:57.202,45,Moderate
25.75,6.0,61.03,800.0,78.8,2026-04-03 00:09:57.202,45,Moderate
25.77,6.0,61.17,800.0,38.86,2026-04-03 00:12:57.202,45,Moderate
25.68,6.0,57.23,800.0,31.44,2026-04-03 00:15:57.202,45,Moderate
25.66,6.0,58.93,800.0,87.65,2026-04-03 00:18:57.202,45,Moderate
25.63,6.0,64.36,799.98,19.52,2026-04-03 00:21:57.202,45,Moderate
25.68,6.0,60.04,800.0,77.88,2026-04-03 00:24:57.202,45,Moderate
25.69,6.01,55.64,800.0,113.39,2026-04-03 00:27:57.202,45,Moderate
25.66,6.0,60.05,800.0,55.81,2026-04-03 00:30:57.202,45,Moderate
25.6,6.0,58.56,800.0,71.21,2026-04-03 00:33:57.202,45,Moderate
25.66,6.0,55.19,799.38,71.21,2026-04-03 00:36:57.202,45,Moderate
25.67,6.0,54.68,800.0,110.67,2026-04-03 00:39:57.202,45,Moderate
25.6,6.0,57.9,800.0,114.07,2026-04-03 00:42:57.202,45,Moderate
25.7,6.0,57.72,800.0,58.46,2026-04-03 00:45:57.202,45,Moderate
25.69,6.0,59.54,800.0,63.65,2026-04-03 00:48:57.202,45,Moderate
25.64,6.0,53.71,800.0,44.01,2026-04-03 00:51:57.202,45,Moderate
25.64,6.0,59.89,800.0,109.88,2026-04-03 00:54:57.202,45,Moderate
25.57,6.0,53.12,798.87,31.06,2026-04-03 00:57:57.202,45,Moderate
25.63,6.0,58.09,799.44,16.91,2026-04-03 01:00:57.202,45,Moderate
25.65,6.0,53.52,800.0,68.25,2026-04-03 01:03:57.202,45,Moderate
25.71,6.0,55.63,800.0,36.41,2026-04-03 01:06:57.202,45,Moderate
25.62,6.0,55.33,799.66,42.62,2026-04-03 01:09:57.202,45,Moderate
25.63,6.0,56.15,800.0,113.22,2026-04-03 01:12:57.202,45,Moderate
25.6,6.0,59.18,800.0,47.19,2026-04-03 01:15:57.202,45,Moderate
25.61,6.0,57.21,799.94,92.39,2026-04-03 01:18:57.202,45,Moderate
25.59,6.0,61.23,799.94,66.67,2026-04-03 01:21:57.202,45,Moderate
25.68,6.0,60.07,800.0,71.25,2026-04-03 01:24:57.202,45,Moderate
25.67,6.0,60.06,800.0,34.37,2026-04-03 01:27:57.202,45,Moderate
25.74,6.0,60.85,799.79,327.62,2026-04-03 01:30:57.202,45,Moderate
25.77,6.0,60.26,799.58,526.78,2026-04-03 01:33:57.202,45,Moderate
25.66,6.0,53.62,800.0,261.01,2026-04-03 01:36:57.202,45,Moderate
25.73,6.0,62.51,799.48,222.01,2026-04-03 01:39:57.202,45,Moderate
25.69,6.0,60.66,800.0,168.95,2026-04-03 01:42:57.202,45,Moderate
25.7,6.0,59.2,800.0,564.19,2026-04-03 01:45:57.202,45,Moderate
25.69,6.0,60.3,800.0,719.62,2026-04-03 01:48:57.202,45,Moderate
25.78,6.0,62.52,800.0,828.57,2026-04-03 01:51:57.202,45,Moderate
25.77,6.0,62.48,800.0,836.5,2026-04-03 01:54:57.202,45,Moderate
25.76,6.0,60.06,800.0,189.13,2026-04-03 01:57:57.202,45,Moderate
25.68,6.0,59.29,800.0,344.74,2026-04-03 02:00:57.202,45,Moderate
25.57,6.0,57.23,800.0,746.95,2026-04-03 02:03:57.202,45,Moderate
25.65,6.0,61.63,800.0,925.6,2026-04-03 02:06:57.202,45,Moderate
25.76,6.0,59.12,800.0,656.84,2026-04-03 02:09:57.202,45,Moderate
25.75,6.0,55.18,799.58,310.99,2026-04-03 02:12:57.202,45,Moderate
25.79,6.0,57.22,799.43,147.39,2026-04-03 02:15:57.202,45,Moderate
25.69,6.0,55.34,800.0,842.29,2026-04-03 02:18:57.202,45,Moderate
25.62,6.0,59.46,800.0,299.4,2026-04-03 02:21:57.202,45,Moderate
25.67,6.0,58.45,800.0,480.5,2026-04-03 02:24:57.202,45,Moderate
25.65,6.0,49.33,800.0,279.61,2026-04-03 02:27:57.202,45,Moderate
25.68,6.0,71.25,800.0,1764.69,2026-04-03 02:30:57.202,45,Moderate
25.55,6.0,71.41,800.0,1265.88,2026-04-03 02:33:57.202,45,Moderate
25.63,6.0,70.06,800.0,3143.92,2026-04-03 02:36:57.202,45,Moderate
25.63,6.0,69.77,800.0,1461.09,2026-04-03 02:39:57.202,45,Moderate
25.61,6.0,65.5,800.0,2441.47,2026-04-03 02:42:57.202,45,Moderate
25.63,6.0,69.37,800.0,1782.85,2026-04-03 02:45:57.202,45,Moderate
25.67,6.0,77.38,800.0,1883.4,2026-04-03 02:48:57.202,45,Moderate
25.68,6.0,77.55,800.0,2564.3,2026-04-03 02:51:57.202,45,Moderate
25.66,6.0,76.26,800.0,1916.47,2026-04-03 02:54:57.202,45,Moderate
25.75,6.0,72.53,800.0,2983.1,2026-04-03 02:57:57.202,45,Moderate
25.65,6.0,75.74,800.0,2397.93,2026-04-03 03:00:57.202,45,Moderate
25.61,6.0,63.89,799.68,2707.09,2026-04-03 03:03:57.202,45,Moderate
25.63,6.0,61.46,799.52,2968.2,2026-04-03 03:06:57.202,45,Moderate
25.7,6.0,63.0,799.13,1686.88,2026-04-03 03:09:57.202,45,Moderate
25.74,6.0,64.41,800.0,2873.16,2026-04-03 03:12:57.202,45,Moderate
25.61,6.0,62.29,799.84,2047.45,2026-04-03 03:15:57.202,45,Moderate
25.61,6.0,64.99,800.0,1843.38,2026-04-03 03:18:57.202,45,Moderate
25.73,6.0,62.55,800.0,1856.9,2026-04-03 03:21:57.202,45,Moderate
25.67,6.0,62.94,799.77,1528.38,2026-04-03 03:24:57.202,45,Moderate
25.69,6.0,61.32,800.0,2931.99,2026-04-03 03:27:57.202,45,Moderate
25.67,6.0,62.49,800.0,2511.32,2026-04-03 03:30:57.202,45,Moderate
25.65,6.0,61.29,800.0,1701.93,2026-04-03 03:33:57.202,45,Moderate
25.71,6.0,57.95,800.0,2409.43,2026-04-03 03:36:57.202,45,Moderate
25.6,6.0,62.69,800.0,1715.03,2026-04-03 03:39:57.202,45,Moderate
25.55,6.0,59.82,800.0,2745.96,2026-04-03 03:42:57.202,45,Moderate
25.65,6.0,66.41,800.0,3133.25,2026-04-03 03:45:57.202,45,Moderate
25.57,6.0,63.41,800.0,2341.06,2026-04-03 03:48:57.202,45,Moderate
25.7,6.01,67.38,800.0,2488.47,2026-04-03 03:51:57.202,45,Moderate
25.69,6.0,62.67,800.0,2649.45,2026-04-03 03:54:57.202,45,Moderate
25.72,6.0,62.61,800.0,2120.43,2026-04-03 03:57:57.202,45,Moderate
25.71,6.0,62.31,800.0,1883.24,2026-04-03 04:00:57.202,45,Moderate
25.79,6.0,62.79,800.0,1978.58,2026-04-03 04:03:57.202,45,Moderate
25.7,6.0,60.17,800.0,2400.74,2026-04-03 04:06:57.202,45,Moderate
25.68,6.0,58.72,800.0,2805.29,2026-04-03 04:09:57.202,45,Moderate
25.61,6.0,64.29,800.0,2105.5,2026-04-03 04:12:57.202,45,Moderate
25.49,6.0,68.74,799.87,2745.54,2026-04-03 04:15:57.202,45,Moderate
25.57,6.0,64.77,799.29,2869.23,2026-04-03 04:18:57.202,45,Moderate
25.53,6.0,58.03,799.99,2657.89,2026-04-03 04:21:57.202,45,Moderate
25.51,6.0,65.31,799.6,2857.31,2026-04-03 04:24:57.202,45,Moderate
25.59,6.0,57.89,800.0,3258.27,2026-04-03 04:27:57.202,45,Moderate
25.83,6.0,76.63,800.0,2694.76,2026-04-03 04:30:57.202,45,Moderate
25.94,6.0,97.61,800.0,2749.47,2026-04-03 04:33:57.202,45,Moderate
25.89,6.0,93.81,800.0,2611.93,2026-04-03 04:36:57.202,45,Moderate
25.87,6.0,81.72,800.0,2718.61,2026-04-03 04:39:57.202,45,Moderate
25.84,6.0,104.47,800.0,2856.06,2026-04-03 04:42:57.202,45,Moderate
25.87,6.0,80.58,800.0,2728.57,2026-04-03 04:45:57.202,45,Moderate
25.82,6.0,96.06,800.0,2774.33,2026-04-03 04:48:57.202,45,Moderate
25.95,6.0,86.61,800.0,1974.85,2026-04-03 04:51:57.202,45,Moderate
25.92,6.0,97.13,800.0,1689.11,2026-04-03 04:54:57.202,45,Moderate
25.96,6.0,85.87,800.0,3024.96,2026-04-03 04:57:57.202,45,Moderate
26.06,6.0,101.13,800.0,1176.59,2026-04-03 05:00:57.202,45,Moderate
26.07,6.0,103.25,800.0,1969.74,2026-04-03 05:03:57.202,45,Moderate
26.01,6.0,90.18,800.0,2425.57,2026-04-03 05:06:57.202,45,Moderate
25.96,6.0,91.64,800.0,3185.85,2026-04-03 05:09:57.202,45,Moderate
25.86,6.0,92.52,800.0,2692.09,2026-04-03 05:12:57.202,45,Moderate
25.94,6.0,88.41,800.0,2979.93,2026-04-03 05:15:57.202,45,Moderate
25.9,6.0,84.39,800.0,2067.71,2026-04-03 05:18:57.202,45,Moderate
25.97,6.0,87.32,800.0,2113.48,2026-04-03 05:21:57.202,45,Moderate
25.93,6.0,91.73,800.0,1440.12,2026-04-03 05:24:57.202,45,Moderate
26.06,6.0,90.0,800.0,1981.87,2026-04-03 05:27:57.202,45,Moderate
26.04,6.0,106.49,800.0,1817.14,2026-04-03 05:30:57.202,45,Moderate
25.96,6.0,81.05,800.0,2379.89,2026-04-03 05:33:57.202,45,Moderate
25.95,6.0,80.66,800.0,2069.76,2026-04-03 05:36:57.202,45,Moderate
25.94,6.0,94.32,800.0,1769.88,2026-04-03 05:39:57.202,45,Moderate
25.91,6.0,96.18,800.0,1732.69,2026-04-03 05:42:57.202,45,Moderate
25.91,6.0,99.76,800.0,2244.61,2026-04-03 05:45:57.202,45,Moderate
25.82,6.0,91.97,800.0,2749.16,2026-04-03 05:48:57.202,45,Moderate
25.87,6.0,100.01,800.0,3004.94,2026-04-03 05:51:57.202,45,Moderate
26.0,6.0,95.48,800.0,1364.2,2026-04-03 05:54:57.202,45,Moderate
26.06,6.0,88.15,800.0,2550.49,2026-04-03 05:57:57.202,45,Moderate
25.93,6.0,106.91,800.0,1579.67,2026-04-03 06:00:57.202,45,Moderate
25.99,6.0,93.58,800.0,2101.55,2026-04-03 06:03:57.202,45,Moderate
25.86,6.0,91.63,800.0,2339.0,2026-04-03 06:06:57.202,45,Moderate
25.91,6.0,88.93,800.0,2338.31,2026-04-03 06:09:57.202,45,Moderate
25.97,6.0,95.62,800.0,2282.89,2026-04-03 06:12:57.202,45,Moderate
25.9,6.0,99.22,800.0,2443.21,2026-04-03 06:15:57.202,45,Moderate
26.0,6.0,93.95,800.0,2810.6,2026-04-03 06:18:57.202,45,Moderate
25.97,6.0,99.84,800.0,1695.02,2026-04-03 06:21:57.202,45,Moderate
26.02,6.0,100.56,800.0,1817.53,2026-04-03 06:24:57.202,45,Moderate
25.9,6.0,95.96,800.0,3184.27,2026-04-03 06:27:57.202,45,Moderate
25.91,6.0,107.12,800.0,2400.5,2026-04-03 06:30:57.202,45,Moderate
25.87,6.0,108.19,800.0,1671.78,2026-04-03 06:33:57.202,45,Moderate
25.95,6.0,91.32,800.0,1575.09,2026-04-03 06:36:57.202,45,Moderate
25.9,6.0,97.18,800.0,2532.46,2026-04-03 06:39:57.202,45,Moderate
25.93,6.0,79.53,800.0,2992.53,2026-04-03 06:42:57.202,45,Moderate
25.87,6.0,103.67,800.0,2448.41,2026-04-03 06:45:57.202,45,Moderate
25.87,6.0,98.17,800.0,1687.29,2026-04-03 06:48:57.202,45,Moderate
25.87,6.0,85.76,800.0,2620.85,2026-04-03 06:51:57.202,45,Moderate
25.83,6.0,98.69,800.0,2277.24,2026-04-03 06:54:57.202,45,Moderate
25.86,6.0,103.38,800.0,2586.55,2026-04-03 06:57:57.202,45,Moderate
25.89,6.0,90.87,800.0,2204.68,2026-04-03 07:00:57.202,45,Moderate
25.93,6.0,91.84,800.0,1834.13,2026-04-03 07:03:57.202,45,Moderate
25.9,6.0,83.5,800.0,2053.93,2026-04-03 07:06:57.202,45,Moderate
25.97,6.0,102.63,800.0,2304.44,2026-04-03 07:09:57.202,45,Moderate
25.87,6.0,87.37,800.0,3169.51,2026-04-03 07:12:57.202,45,Moderate
25.89,6.0,89.37,800.0,1759.25,2026-04-03 07:15:57.202,45,Moderate
25.92,6.0,92.49,800.0,2211.54,2026-04-03 07:18:57.202,45,Moderate
25.95,6.0,104.95,800.0,1875.43,2026-04-03 07:21:57.202,45,Moderate
25.98,6.0,100.58,800.0,2091.12,2026-04-03 07:24:57.202,45,Moderate
25.95,6.0,102.73,800.0,2371.05,2026-04-03 07:27:57.202,45,Moderate
25.91,6.0,84.87,800.0,2566.85,2026-04-03 07:30:57.202,45,Moderate
26.03,6.0,97.67,800.0,2066.42,2026-04-03 07:33:57.202,45,Moderate
26.05,6.0,85.37,800.0,2402.08,2026-04-03 07:36:57.202,45,Moderate
25.93,6.0,101.63,800.0,2161.62,2026-04-03 07:39:57.202,45,Moderate
25.99,6.0,86.02,800.0,2625.66,2026-04-03 07:42:57.202,45,Moderate
25.91,6.0,104.87,800.0,2908.0,2026-04-03 07:45:57.202,45,Moderate
25.93,6.0,96.92,800.0,1445.83,2026-04-03 07:48:57.202,45,Moderate
25.91,6.0,99.3,800.0,2031.94,2026-04-03 07:51:57.202,45,Moderate
25.92,6.0,87.27,800.0,2330.59,2026-04-03 07:54:57.202,45,Moderate
25.9,6.0,104.3,800.0,2055.78,2026-04-03 07:57:57.202,45,Moderate
25.93,6.0,88.12,800.0,2318.49,2026-04-03 08:00:57.202,45,Moderate
25.93,6.0,93.42,800.0,2767.64,2026-04-03 08:03:57.202,45,Moderate
25.85,6.0,89.42,800.0,1719.63,2026-04-03 08:06:57.202,45,Moderate
25.95,6.0,93.28,800.0,1546.76,2026-04-03 08:09:57.202,45,Moderate
25.98,6.0,86.51,800.0,2149.2,2026-04-03 08:12:57.202,45,Moderate
25.95,6.0,104.55,800.0,1573.44,2026-04-03 08:15:57.202,45,Moderate
25.91,6.0,82.29,799.78,1921.59,2026-04-03 08:18:57.202,45,Moderate
25.95,6.0,102.34,800.0,2330.03,2026-04-03 08:21:57.202,45,Moderate
25.94,6.0,104.72,800.0,2397.97,2026-04-03 08:24:57.202,45,Moderate
25.94,6.0,98.03,800.0,2267.06,2026-04-03 08:27:57.202,45,Moderate
25.89,6.0,87.0,800.0,1563.01,2026-04-03 08:30:57.202,45,Moderate
25.91,6.0,94.59,800.0,1598.17,2026-04-03 08:33:57.202,45,Moderate
25.92,6.0,102.9,800.0,3237.34,2026-04-03 08:36:57.202,45,Moderate
25.93,6.0,100.48,800.0,3141.31,2026-04-03 08:39:57.202,45,Moderate
25.91,6.0,81.34,800.0,1910.28,2026-04-03 08:42:57.202,45,Moderate
25.94,6.0,102.3,800.0,2514.03,2026-04-03 08:45:57.202,45,Moderate
25.95,6.0,92.64,800.0,1531.36,2026-04-03 08:48:57.202,45,Moderate
26.01,6.0,86.05,800.0,3120.11,2026-04-03 08:51:57.202,45,Moderate
26.07,6.0,81.83,800.0,1750.82,2026-04-03 08:54:57.202,45,Moderate
26.05,6.0,101.58,800.0,2640.72,2026-04-03 08:57:57.202,45,Moderate
26.06,6.0,92.12,800.0,2152.37,2026-04-03 09:00:57.202,45,Moderate
26.05,6.0,82.05,800.0,2349.88,2026-04-03 09:03:57.202,45,Moderate
26.07,6.0,91.41,800.0,2429.57,2026-04-03 09:06:57.202,45,Moderate
25.95,6.0,89.68,800.0,2864.18,2026-04-03 09:09:57.202,45,Moderate
26.01,6.0,97.38,800.0,1392.13,2026-04-03 09:12:57.202,45,Moderate
25.92,6.0,89.82,800.0,2707.03,2026-04-03 09:15:57.202,45,Moderate
26.03,6.0,98.23,800.0,1863.89,2026-04-03 09:18:57.202,45,Moderate
25.92,6.0,101.9,800.0,1730.01,2026-04-03 09:21:57.202,45,Moderate
25.93,6.0,85.1,800.0,2151.37,2026-04-03 09:24:57.202,45,Moderate
25.94,6.0,91.14,800.0,2004.29,2026-04-03 09:27:57.202,45,Moderate
25.96,6.0,94.49,800.0,1564.44,2026-04-03 09:30:57.202,45,Moderate
25.89,6.0,98.04,800.0,3041.04,2026-04-03 09:33:57.202,45,Moderate
25.96,6.0,101.04,800.0,1486.79,2026-04-03 09:36:57.202,45,Moderate
25.91,6.0,90.92,800.0,2145.46,2026-04-03 09:39:57.202,45,Moderate
25.9,6.0,90.59,800.0,1525.58,2026-04-03 09:42:57.202,45,Moderate
25.88,6.0,93.11,800.0,2366.93,2026-04-03 09:45:57.202,45,Moderate
25.88,6.0,84.48,800.0,1544.77,2026-04-03 09:48:57.202,45,Moderate
25.86,6.0,94.71,800.0,1915.69,2026-04-03 09:51:57.202,45,Moderate
25.83,6.0,91.69,800.0,3028.63,2026-04-03 09:54:57.202,45,Moderate
25.97,6.0,91.95,800.0,1982.76,2026-04-03 09:57:57.202,45,Moderate
25.94,6.0,100.71,800.0,1721.24,2026-04-03 10:00:57.202,45,Moderate
25.9,6.0,85.18,800.0,1375.73,2026-04-03 10:03:57.202,45,Moderate
25.92,6.0,93.83,800.0,2423.65,2026-04-03 10:06:57.202,45,Moderate
26.0,6.0,99.48,800.0,2744.85,2026-04-03 10:09:57.202,45,Moderate
25.95,6.0,102.29,800.0,1693.6,2026-04-03 10:12:57.202,45,Moderate
25.98,6.0,100.03,800.0,2086.81,2026-04-03 10:15:57.202,45,Moderate
25.91,6.0,105.21,800.0,2133.19,2026-04-03 10:18:57.202,45,Moderate
25.82,6.0,96.65,800.0,2408.54,2026-04-03 10:21:57.202,45,Moderate
25.9,6.0,96.37,800.0,3043.27,2026-04-03 10:24:57.202,45,Moderate
25.99,6.0,78.27,800.0,2822.46,2026-04-03 10:27:57.202,45,Moderate
25.86,6.0,94.16,800.0,2385.36,2026-04-03 10:30:57.202,45,Moderate
25.94,6.0,97.04,800.0,2486.26,2026-04-03 10:33:57.202,45,Moderate
25.91,6.0,98.25,800.0,3103.28,2026-04-03 10:36:57.202,45,Moderate
25.92,6.0,101.15,800.0,1469.45,2026-04-03 10:39:57.202,45,Moderate
25.91,6.0,94.92,800.0,2745.65,2026-04-03 10:42:57.202,45,Moderate
25.81,6.0,90.98,800.0,2740.51,2026-04-03 10:45:57.202,45,Moderate
25.84,6.0,94.93,800.0,2488.32,2026-04-03 10:48:57.202,45,Moderate
25.85,6.0,81.65,800.0,2134.0,2026-04-03 10:51:57.202,45,Moderate
25.91,6.0,80.09,800.0,2317.13,2026-04-03 10:54:57.202,45,Moderate
25.98,6.0,99.77,800.0,3245.79,2026-04-03 10:57:57.202,45,Moderate
25.9,6.0,80.29,800.0,2481.72,2026-04-03 11:00:57.202,45,Moderate
25.84,6.0,101.55,800.0,1891.34,2026-04-03 11:03:57.202,45,Moderate
25.84,6.0,105.37,800.0,2793.01,2026-04-03 11:06:57.202,45,Moderate
25.92,6.0,92.67,800.0,2733.32,2026-04-03 11:09:57.202,45,Moderate
25.9,6.0,99.25,800.0,2565.41,2026-04-03 11:12:57.202,45,Moderate
25.99,6.0,82.18,800.0,2601.41,2026-04-03 11:15:57.202,45,Moderate
25.96,6.0,98.5,800.0,2343.18,2026-04-03 11:18:57.202,45,Moderate
25.97,6.0,97.18,800.0,1171.04,2026-04-03 11:21:57.202,45,Moderate
26.03,6.0,101.46,800.0,2019.76,2026-04-03 11:24:57.202,45,Moderate
26.02,6.0,89.32,800.0,2738.79,2026-04-03 11:27:57.202,45,Moderate
25.97,6.0,82.03,800.0,1659.0,2026-04-03 11:30:57.202,45,Moderate
25.76,6.0,90.15,800.0,1095.52,2026-04-03 11:33:57.202,45,Moderate
25.67,6.0,92.22,800.0,1673.16,2026-04-03 11:36:57.202,45,Moderate
25.6,6.0,92.83,800.0,1706.53,2026-04-03 11:39:57.202,45,Moderate
25.59,6.0,85.16,800.0,2194.97,2026-04-03 11:42:57.202,45,Moderate
25.66,6.0,98.89,800.0,2520.04,2026-04-03 11:45:57.202,45,Moderate
25.76,6.0,95.09,800.0,2127.09,2026-04-03 11:48:57.202,45,Moderate
25.69,6.0,91.61,800.0,2199.07,2026-04-03 11:51:57.202,45,Moderate
25.78,6.0,105.49,800.0,1324.91,2026-04-03 11:54:57.202,45,Moderate
25.74,6.0,87.51,800.0,2467.52,2026-04-03 11:57:57.202,45,Moderate
25.79,6.0,91.03,800.0,1960.45,2026-04-03 12:00:57.202,45,Moderate
25.74,6.0,83.75,800.0,2469.69,2026-04-03 12:03:57.202,45,Moderate
25.69,6.0,101.4,800.0,2109.43,2026-04-03 12:06:57.202,45,Moderate
25.65,6.0,85.82,800.0,1187.0,2026-04-03 12:09:57.202,45,Moderate
25.69,6.0,88.95,799.37,2167.35,2026-04-03 12:12:57.202,45,Moderate
25.6,6.0,96.01,800.0,2156.52,2026-04-03 12:15:57.202,45,Moderate
25.67,6.0,80.4,800.0,1820.08,2026-04-03 12:18:57.202,45,Moderate
25.71,6.0,86.24,800.0,1734.64,2026-04-03 12:21:57.202,45,Moderate
25.83,6.0,106.78,799.99,2144.0,2026-04-03 12:24:57.202,45,Moderate
25.63,6.0,79.79,800.0,1987.32,2026-04-03 12:27:57.202,45,Moderate
25.65,6.0,91.16,800.0,1269.25,2026-04-03 12:30:57.202,45,Moderate
25.66,6.0,113.84,800.0,1713.86,2026-04-03 12:33:57.202,45,Moderate
25.59,6.0,106.93,800.0,1651.36,2026-04-03 12:36:57.202,45,Moderate
25.62,6.0,102.52,800.0,782.11,2026-04-03 12:39:57.202,45,Moderate
25.65,6.0,107.29,800.0,694.45,2026-04-03 12:42:57.202,45,Moderate
25.59,6.0,103.36,800.0,1403.04,2026-04-03 12:45:57.202,45,Moderate
25.67,6.0,107.51,800.0,1555.73,2026-04-03 12:48:57.202,45,Moderate
25.73,6.0,107.5,800.0,1350.38,2026-04-03 12:51:57.202,45,Moderate
25.66,6.0,109.16,800.0,918.13,2026-04-03 12:54:57.202,45,Moderate
25.76,6.0,90.9,800.0,1043.97,2026-04-03 12:57:57.202,45,Moderate
25.74,6.0,105.65,800.0,1318.35,2026-04-03 13:00:57.202,45,Moderate
25.75,6.0,85.95,800.0,660.95,2026-04-03 13:03:57.202,45,Moderate
25.61,6.0,101.22,800.0,1386.61,2026-04-03 13:06:57.202,45,Moderate
25.74,6.0,83.92,800.0,1626.23,2026-04-03 13:09:57.202,45,Moderate
25.71,6.0,90.31,800.0,704.94,2026-04-03 13:12:57.202,45,Moderate
25.78,6.0,93.49,800.0,1038.84,2026-04-03 13:15:57.202,45,Moderate
25.72,6.0,101.87,800.0,1537.89,2026-04-03 13:18:57.202,45,Moderate
25.76,6.0,83.63,800.0,1121.6,2026-04-03 13:21:57.202,45,Moderate
25.79,6.0,95.86,800.0,1501.81,2026-04-03 13:24:57.202,45,Moderate
25.67,6.0,98.75,800.0,870.54,2026-04-03 13:27:57.202,45,Moderate
25.74,6.0,97.96,800.0,1236.23,2026-04-03 13:30:57.202,45,Moderate
25.83,6.0,84.23,800.0,547.61,2026-04-03 13:33:57.202,45,Moderate
25.83,6.0,98.67,800.0,1601.35,2026-04-03 13:36:57.202,45,Moderate
25.74,6.0,100.37,800.0,890.49,2026-04-03 13:39:57.202,45,Moderate
25.75,6.0,91.56,800.0,607.75,2026-04-03 13:42:57.202,45,Moderate
25.6,6.0,101.5,800.0,831.55,2026-04-03 13:45:57.202,45,Moderate
25.51,6.0,87.68,800.0,1544.09,2026-04-03 13:48:57.202,45,Moderate
25.56,6.0,91.76,800.0,1600.22,2026-04-03 13:51:57.202,45,Moderate
25.69,6.0,90.33,800.0,589.32,2026-04-03 13:54:57.202,45,Moderate
25.69,6.0,86.48,800.0,1602.42,2026-04-03 13:57:57.202,45,Moderate
25.56,6.0,87.71,800.0,1409.51,2026-04-03 14:00:57.202,45,Moderate
25.62,6.0,95.73,800.0,1591.77,2026-04-03 14:03:57.202,45,Moderate
25.63,6.0,104.42,800.0,1046.24,2026-04-03 14:06:57.202,45,Moderate
25.76,6.0,87.95,800.0,1474.24,2026-04-03 14:09:57.202,45,Moderate
25.77,6.0,85.68,800.0,1297.24,2026-04-03 14:12:57.202,45,Moderate
25.71,6.0,89.23,800.0,1519.74,2026-04-03 14:15:57.202,45,Moderate
25.63,6.0,83.25,800.0,1547.48,2026-04-03 14:18:57.202,45,Moderate
25.66,6.0,88.26,800.0,1277.21,2026-04-03 14:21:57.202,45,Moderate
25.63,6.0,89.33,800.0,1428.87,2026-04-03 14:24:57.202,45,Moderate
25.53,6.0,103.28,800.0,1247.08,2026-04-03 14:27:57.202,45,Moderate
25.69,6.0,87.91,800.0,858.33,2026-04-03 14:30:57.202,45,Moderate
25.69,6.0,88.55,800.0,701.56,2026-04-03 14:33:57.202,45,Moderate
25.55,6.0,95.19,800.0,1152.87,2026-04-03 14:36:57.202,45,Moderate
25.55,6.0,90.77,800.0,1561.3,2026-04-03 14:39:57.202,45,Moderate
25.56,6.0,90.06,800.0,1085.28,2026-04-03 14:42:57.202,45,Moderate
25.7,6.0,95.54,800.0,1179.54,2026-04-03 14:45:57.202,45,Moderate
25.72,6.0,88.05,799.06,1398.57,2026-04-03 14:48:57.202,45,Moderate
25.62,6.0,95.31,800.0,836.45,2026-04-03 14:51:57.202,45,Moderate
25.65,6.0,89.25,800.0,1010.99,2026-04-03 14:54:57.202,45,Moderate
25.62,6.0,88.0,800.0,771.65,2026-04-03 14:57:57.202,45,Moderate
25.61,6.0,89.63,800.0,587.05,2026-04-03 15:00:57.202,45,Moderate
25.63,6.0,79.5,800.0,523.21,2026-04-03 15:03:57.202,45,Moderate
25.73,6.0,99.67,800.0,823.58,2026-04-03 15:06:57.202,45,Moderate
25.73,6.0,89.92,800.0,1397.01,2026-04-03 15:09:57.202,45,Moderate
25.75,6.0,100.4,800.0,798.96,2026-04-03 15:12:57.202,45,Moderate
25.64,6.0,98.59,800.0,1506.18,2026-04-03 15:15:57.202,45,Moderate
25.67,6.0,77.19,800.0,1187.07,2026-04-03 15:18:57.202,45,Moderate
25.65,6.0,88.1,800.0,993.95,2026-04-03 15:21:57.202,45,Moderate
25.76,6.0,99.98,800.0,859.75,2026-04-03 15:24:57.202,45,Moderate
25.72,6.0,89.93,800.0,1209.67,2026-04-03 15:27:57.202,45,Moderate
25.67,6.0,91.32,800.0,1461.09,2026-04-03 15:30:57.202,45,Moderate
25.69,6.0,82.7,800.0,1384.95,2026-04-03 15:33:57.202,45,Moderate
25.77,6.0,83.83,800.0,1406.22,2026-04-03 15:36:57.202,45,Moderate
25.7,6.0,96.28,800.0,1010.63,2026-04-03 15:39:57.202,45,Moderate
25.71,6.0,93.99,800.0,1081.7,2026-04-03 15:42:57.202,45,Moderate
25.66,6.0,97.39,800.0,1317.18,2026-04-03 15:45:57.202,45,Moderate
25.67,6.0,85.14,800.0,792.33,2026-04-03 15:48:57.202,45,Moderate
25.72,6.0,86.23,800.0,1307.62,2026-04-03 15:51:57.202,45,Moderate
25.71,6.0,95.14,800.0,575.0,2026-04-03 15:54:57.202,45,Moderate
25.7,6.0,86.85,800.0,1422.8,2026-04-03 15:57:57.202,45,Moderate
25.73,6.0,101.65,800.0,579.6,2026-04-03 16:00:57.202,45,Moderate
25.66,6.0,90.07,800.0,871.14,2026-04-03 16:03:57.202,45,Moderate
25.6,6.0,99.84,800.0,941.36,2026-04-03 16:06:57.202,45,Moderate
25.69,6.0,90.33,800.0,1193.75,2026-04-03 16:09:57.202,45,Moderate
25.7,6.0,94.27,800.0,998.96,2026-04-03 16:12:57.202,45,Moderate
25.74,6.0,81.07,800.0,688.15,2026-04-03 16:15:57.202,45,Moderate
25.64,6.0,102.76,800.0,843.56,2026-04-03 16:18:57.202,45,Moderate
25.67,6.0,96.62,800.0,520.74,2026-04-03 16:21:57.202,45,Moderate
25.7,6.0,97.8,800.0,1604.85,2026-04-03 16:24:57.202,45,Moderate
25.68,6.0,90.49,800.0,864.36,2026-04-03 16:27:57.202,45,Moderate
25.57,6.0,84.92,800.0,812.66,2026-04-03 16:30:57.202,45,Moderate
25.58,6.0,94.18,800.0,1399.81,2026-04-03 16:33:57.202,45,Moderate
25.57,6.0,93.75,800.0,1460.36,2026-04-03 16:36:57.202,45,Moderate
25.62,6.0,87.5,800.0,948.29,2026-04-03 16:39:57.202,45,Moderate
25.62,6.0,85.42,800.0,908.84,2026-04-03 16:42:57.202,45,Moderate
25.65,6.0,85.59,800.0,1060.38,2026-04-03 16:45:57.202,45,Moderate
25.73,6.0,95.86,800.0,536.48,2026-04-03 16:48:57.202,45,Moderate
25.69,6.0,99.62,800.0,670.37,2026-04-03 16:51:57.202,45,Moderate
25.78,6.0,81.05,800.0,837.12,2026-04-03 16:54:57.202,45,Moderate
25.71,6.0,101.3,800.0,740.19,2026-04-03 16:57:57.202,45,Moderate
25.76,6.0,99.34,800.0,689.37,2026-04-03 17:00:57.202,45,Moderate
25.72,6.0,95.13,799.71,645.07,2026-04-03 17:03:57.202,45,Moderate
25.75,6.0,93.81,800.0,1138.39,2026-04-03 17:06:57.202,45,Moderate
25.74,6.0,91.44,800.0,517.16,2026-04-03 17:09:57.202,45,Moderate
25.76,6.0,81.41,800.0,1090.82,2026-04-03 17:12:57.202,45,Moderate
25.78,6.0,88.89,800.0,1493.71,2026-04-03 17:15:57.202,45,Moderate
25.78,6.0,89.96,800.0,615.84,2026-04-03 17:18:57.202,45,Moderate
25.88,6.0,94.56,800.0,690.03,2026-04-03 17:21:57.202,45,Moderate
25.71,6.0,97.5,800.0,551.59,2026-04-03 17:24:57.202,45,Moderate
25.79,6.0,95.99,800.0,1535.07,2026-04-03 17:27:57.202,45,Moderate
25.65,6.0,80.13,800.0,5.98,2026-04-03 17:30:57.202,45,Moderate
25.71,6.0,100.99,800.0,2.04,2026-04-03 17:33:57.202,45,Moderate
25.69,6.0,102.45,800.0,3.54,2026-04-03 17:36:57.202,45,Moderate
25.71,6.0,103.48,800.0,12.59,2026-04-03 17:39:57.202,45,Moderate
25.59,6.0,83.97,800.0,15.66,2026-04-03 17:42:57.202,45,Moderate
25.68,6.0,105.99,800.0,15.98,2026-04-03 17:45:57.202,45,Moderate
25.75,6.0,97.48,800.0,13.34,2026-04-03 17:48:57.202,45,Moderate
25.67,6.0,87.05,800.0,8.25,2026-04-03 17:51:57.202,45,Moderate
25.62,6.0,99.35,800.0,9.75,2026-04-03 17:54:57.202,45,Moderate
25.6,6.0,87.89,800.0,1.78,2026-04-03 17:57:57.202,45,Moderate
25.57,6.0,80.73,799.93,17.11,2026-04-03 18:00:57.202,45,Moderate
25.57,6.0,95.1,800.0,16.4,2026-04-03 18:03:57.202,45,Moderate
25.57,6.0,89.91,800.0,4.45,2026-04-03 18:06:57.202,45,Moderate
25.68,6.0,82.15,800.0,14.92,2026-04-03 18:09:57.202,45,Moderate
25.68,6.0,92.44,800.0,5.08,2026-04-03 18:12:57.202,45,Moderate
25.73,6.0,97.84,800.0,12.72,2026-04-03 18:15:57.202,45,Moderate
25.7,6.0,98.86,800.0,7.44,2026-04-03 18:18:57.202,45,Moderate
25.76,6.0,94.91,800.0,13.44,2026-04-03 18:21:57.202,45,Moderate
25.66,6.0,95.25,800.0,4.28,2026-04-03 18:24:57.202,45,Moderate
25.69,6.0,83.28,800.0,19.09,2026-04-03 18:27:57.202,45,Moderate
25.68,6.0,100.56,800.0,3.24,2026-04-03 18:30:57.202,45,Moderate
25.65,6.0,83.4,800.0,3.77,2026-04-03 18:33:57.202,45,Moderate
25.72,6.0,81.27,800.0,0.78,2026-04-03 18:36:57.202,45,Moderate
25.61,6.0,83.28,800.0,4.64,2026-04-03 18:39:57.202,45,Moderate
25.65,6.0,83.66,800.0,1.43,2026-04-03 18:42:57.202,45,Moderate
25.69,6.0,95.63,800.0,4.61,2026-04-03 18:45:57.202,45,Moderate
25.65,6.0,99.9,800.0,4.87,2026-04-03 18:48:57.202,45,Moderate
25.6,6.0,104.32,800.0,3.8,2026-04-03 18:51:57.202,45,Moderate
25.55,6.0,99.71,800.0,3.68,2026-04-03 18:54:57.202,45,Moderate
25.64,6.0,104.56,800.0,4.67,2026-04-03 18:57:57.202,45,Moderate
25.71,6.0,97.85,800.0,4.6,2026-04-03 19:00:57.202,45,Moderate
25.66,6.0,90.89,800.0,1.97,2026-04-03 19:03:57.202,45,Moderate
25.6,6.0,100.12,800.0,2.81,2026-04-03 19:06:57.202,45,Moderate
25.65,6.0,91.45,800.0,3.9,2026-04-03 19:09:57.202,45,Moderate
25.58,6.0,88.46,800.0,0.62,2026-04-03 19:12:57.202,45,Moderate
25.65,6.0,96.35,799.81,4.12,2026-04-03 19:15:57.202,45,Moderate
25.71,6.0,91.16,800.0,1.7,2026-04-03 19:18:57.202,45,Moderate
25.64,6.0,106.52,800.0,0.3,2026-04-03 19:21:57.202,45,Moderate
25.64,6.0,90.56,800.0,1.75,2026-04-03 19:24:57.202,45,Moderate
25.68,6.0,83.78,800.0,0.2,2026-04-03 19:27:57.202,45,Moderate
25.6,6.0,98.1,800.0,3.63,2026-04-03 19:30:57.202,45,Moderate
25.58,6.0,94.36,800.0,1.75,2026-04-03 19:33:57.202,45,Moderate
25.6,6.0,102.54,800.0,0.43,2026-04-03 19:36:57.202,45,Moderate
25.68,6.0,106.47,800.0,4.87,2026-04-03 19:39:57.202,45,Moderate
25.67,6.0,94.06,800.0,0.7,2026-04-03 19:42:57.202,45,Moderate
25.73,6.0,85.7,800.0,0.21,2026-04-03 19:45:57.202,45,Moderate
25.62,6.0,100.25,800.0,0.5,2026-04-03 19:48:57.202,45,Moderate
25.63,6.0,81.05,800.0,0.5,2026-04-03 19:51:57.202,45,Moderate
25.6,6.0,90.69,800.0,0.79,2026-04-03 19:54:57.202,45,Moderate
25.63,6.0,90.08,800.0,0.33,2026-04-03 19:57:57.202,45,Moderate
25.62,6.0,83.68,800.0,4.53,2026-04-03 20:00:57.202,45,Moderate
25.6,6.0,92.61,800.0,1.91,2026-04-03 20:03:57.202,45,Moderate
25.68,6.0,90.05,800.0,1.37,2026-04-03 20:06:57.202,45,Moderate
25.67,6.0,90.35,800.0,2.16,2026-04-03 20:09:57.202,45,Moderate
25.67,6.0,88.41,800.0,0.12,2026-04-03 20:12:57.202,45,Moderate
25.69,6.0,88.25,800.0,0.44,2026-04-03 20:15:57.202,45,Moderate
25.68,6.0,93.47,800.0,0.33,2026-04-03 20:18:57.202,45,Moderate
25.67,6.0,96.59,800.0,0.73,2026-04-03 20:21:57.202,45,Moderate
25.63,6.0,89.63,800.0,4.7,2026-04-03 20:24:57.202,45,Moderate
25.59,6.0,98.44,800.0,4.19,2026-04-03 20:27:57.202,45,Moderate
25.52,6.0,94.35,800.0,2.09,2026-04-03 20:30:57.202,45,Moderate
25.56,6.0,108.66,800.0,0.46,2026-04-03 20:33:57.202,45,Moderate
25.56,6.0,96.38,800.0,2.6,2026-04-03 20:36:57.202,45,Moderate
25.66,6.01,95.31,800.0,3.69,2026-04-03 20:39:57.202,45,Moderate
25.59,6.0,100.02,800.0,3.08,2026-04-03 20:42:57.202,45,Moderate
25.65,6.0,87.18,800.0,3.54,2026-04-03 20:45:57.202,45,Moderate
25.64,6.0,92.07,800.0,0.23,2026-04-03 20:48:57.202,45,Moderate
25.52,6.0,102.03,800.0,4.59,2026-04-03 20:51:57.202,45,Moderate
25.55,6.0,97.32,800.0,4.76,2026-04-03 20:54:57.202,45,Moderate
25.44,6.0,83.44,800.0,4.79,2026-04-03 20:57:57.202,45,Moderate
25.58,6.0,96.84,800.0,3.19,2026-04-03 21:00:57.202,45,Moderate
25.64,6.0,88.3,800.0,2.53,2026-04-03 21:03:57.202,45,Moderate
25.65,6.0,86.8,800.0,2.86,2026-04-03 21:06:57.202,45,Moderate
25.64,6.0,95.79,800.0,2.36,2026-04-03 21:09:57.202,45,Moderate
25.72,6.0,106.94,800.0,3.89,2026-04-03 21:12:57.202,45,Moderate
25.72,6.0,84.21,800.0,0.57,2026-04-03 21:15:57.202,45,Moderate
25.65,6.0,100.33,800.0,2.58,2026-04-03 21:18:57.202,45,Moderate
25.71,6.0,98.21,800.0,4.91,2026-04-03 21:21:57.202,45,Moderate
25.66,6.0,88.42,800.0,0.27,2026-04-03 21:24:57.202,45,Moderate
25.62,6.0,102.74,800.0,1.9,2026-04-03 21:27:57.202,45,Moderate
25.61,6.0,99.09,800.0,1.28,2026-04-03 21:30:57.202,45,Moderate
25.55,6.0,95.35,800.0,3.05,2026-04-03 21:33:57.202,45,Moderate
25.56,6.0,99.1,800.0,1.27,2026-04-03 21:36:57.202,45,Moderate
25.59,6.0,100.86,800.0,3.97,2026-04-03 21:39:57.202,45,Moderate
25.61,6.0,99.71,800.0,3.51,2026-04-03 21:42:57.202,45,Moderate
25.7,6.0,80.56,800.0,0.23,2026-04-03 21:45:57.202,45,Moderate
25.74,6.0,89.42,800.0,0.14,2026-04-03 21:48:57.202,45,Moderate
25.61,6.0,94.25,800.0,2.73,2026-04-03 21:51:57.202,45,Moderate
25.57,6.0,88.33,800.0,1.3,2026-04-03 21:54:57.202,45,Moderate
25.56,6.0,104.56,800.0,4.7,2026-04-03 21:57:57.202,45,Moderate
25.62,6.0,85.85,800.0,0.25,2026-04-03 22:00:57.202,45,Moderate
25.6,6.0,101.51,800.0,2.46,2026-04-03 22:03:57.202,45,Moderate
25.59,6.0,96.92,800.0,3.05,2026-04-03 22:06:57.202,45,Moderate
25.63,6.0,100.5,800.0,0.46,2026-04-03 22:09:57.202,45,Moderate
25.58,6.0,95.0,800.0,2.94,2026-04-03 22:12:57.202,45,Moderate
25.6,6.0,94.95,798.91,3.71,2026-04-03 22:15:57.202,45,Moderate
25.54,6.0,89.27,800.0,3.75,2026-04-03 22:18:57.202,45,Moderate
25.44,6.0,102.03,800.0,1.55,2026-04-03 22:21:57.202,45,Moderate
25.51,6.0,90.85,800.0,0.92,2026-04-03 22:24:57.202,45,Moderate
25.63,6.0,90.42,800.0,0.78,2026-04-03 22:27:57.202,45,Moderate
25.6,6.0,96.69,800.0,4.8,2026-04-03 22:30:57.202,45,Moderate
25.55,6.0,99.02,800.0,0.35,2026-04-03 22:33:57.202,45,Moderate
25.58,6.0,99.71,800.0,0.24,2026-04-03 22:36:57.202,45,Moderate
25.58,6.0,86.59,800.0,0.64,2026-04-03 22:39:57.202,45,Moderate
25.59,6.0,99.18,800.0,4.27,2026-04-03 22:42:57.202,45,Moderate
25.64,6.0,96.4,800.0,1.39,2026-04-03 22:45:57.202,45,Moderate
25.53,6.0,87.95,800.0,0.47,2026-04-03 22:48:57.202,45,Moderate
25.6,6.0,95.56,800.0,1.25,2026-04-03 22:51:57.202,45,Moderate
25.67,6.0,98.74,800.0,1.88,2026-04-03 22:54:57.202,45,Moderate
25.61,6.0,101.5,800.0,3.26,2026-04-03 22:57:57.202,45,Moderate
25.66,6.0,96.46,800.0,3.25,2026-04-03 23:00:57.202,45,Moderate
25.61,6.0,103.7,800.0,0.88,2026-04-03 23:03:57.202,45,Moderate
25.6,6.0,83.4,800.0,4.35,2026-04-03 23:06:57.202,45,Moderate
25.63,6.0,101.53,800.0,4.17,2026-04-03 23:09:57.202,45,Moderate
25.66,6.0,99.51,800.0,1.7,2026-04-03 23:12:57.202,45,Moderate
25.67,6.0,94.94,800.0,1.14,2026-04-03 23:15:57.202,45,Moderate
25.71,6.0,83.37,800.0,4.92,2026-04-03 23:18:57.202,45,Moderate
25.62,6.0,98.02,799.65,4.32,2026-04-03 23:21:57.202,45,Moderate
25.58,6.0,84.59,800.0,2.54,2026-04-03 23:24:57.202,45,Moderate
25.64,6.0,82.27,800.0,3.84,2026-04-03 23:27:57.202,45,Moderate
25.72,6.0,107.01,800.0,104.9,2026-04-03 23:30:57.202,45,Moderate
25.6,6.0,98.26,799.99,68.51,2026-04-03 23:33:57.202,45,Moderate
25.5,6.0,89.9,800.0,96.01,2026-04-03 23:36:57.202,45,Moderate
25.56,6.0,88.86,800.0,24.62,2026-04-03 23:39:57.202,45,Moderate
25.46,6.0,89.16,799.91,85.87,2026-04-03 23:42:57.202,45,Moderate
25.5,6.0,91.95,800.0,48.71,2026-04-03 23:45:57.202,45,Moderate
25.55,6.0,89.02,800.0,26.37,2026-04-03 23:48:57.202,45,Moderate
25.54,6.0,101.84,800.0,65.92,2026-04-03 23:51:57.202,45,Moderate
25.53,6.0,87.34,800.0,39.55,2026-04-03 23:54:57.202,45,Moderate
25.51,6.0,101.86,800.0,19.71,2026-04-03 23:57:57.202,45,Moderate
25.58,6.0,80.41,800.0,33.96,2026-04-04 00:00:57.202,45,Moderate
25.64,6.0,86.97,800.0,33.96,2026-04-04 00:03:57.202,45,Moderate
25.57,6.0,103.95,800.0,102.62,2026-04-04 00:06:57.202,45,Moderate
25.62,6.0,89.25,800.0,82.17,2026-04-04 00:09:57.202,45,Moderate
25.49,6.0,87.17,800.0,91.6,2026-04-04 00:12:57.202,45,Moderate
25.54,6.0,94.39,800.0,63.87,2026-04-04 00:15:57.202,45,Moderate
25.66,6.0,94.06,800.0,44.27,2026-04-04 00:18:57.202,45,Moderate
25.61,6.0,102.04,800.0,70.08,2026-04-04 00:21:57.202,45,Moderate
25.59,6.0,101.85,800.0,69.74,2026-04-04 00:24:57.202,45,Moderate
25.63,6.0,96.29,800.0,84.01,2026-04-04 00:27:57.202,45,Moderate
25.72,6.0,94.13,800.0,65.01,2026-04-04 00:30:57.202,45,Moderate
25.73,6.0,86.0,800.0,98.33,2026-04-04 00:33:57.202,45,Moderate
25.71,6.0,100.69,800.0,55.85,2026-04-04 00:36:57.202,45,Moderate
25.75,6.0,84.97,800.0,31.9,2026-04-04 00:39:57.202,45,Moderate
25.59,6.0,91.2,800.0,31.57,2026-04-04 00:42:57.202,45,Moderate
25.59,6.0,96.88,800.0,72.93,2026-04-04 00:45:57.202,45,Moderate
25.52,6.0,83.77,800.0,76.8,2026-04-04 00:48:57.202,45,Moderate
25.46,6.0,82.5,800.0,69.1,2026-04-04 00:51:57.202,45,Moderate
25.57,6.0,89.49,800.0,31.96,2026-04-04 00:54:57.202,45,Moderate
25.61,6.0,88.27,800.0,30.14,2026-04-04 00:57:57.202,45,Moderate
25.64,6.0,86.84,800.0,88.8,2026-04-04 01:00:57.202,45,Moderate
25.6,6.0,83.61,800.0,87.8,2026-04-04 01:03:57.202,45,Moderate
25.58,6.0,95.21,800.0,33.23,2026-04-04 01:06:57.202,45,Moderate
25.62,6.0,94.48,800.0,23.7,2026-04-04 01:09:57.202,45,Moderate
25.62,6.0,98.19,800.0,105.61,2026-04-04 01:12:57.202,45,Moderate
25.53,6.0,91.02,800.0,27.83,2026-04-04 01:15:57.202,45,Moderate
25.5,6.0,101.77,800.0,79.4,2026-04-04 01:18:57.202,45,Moderate
25.47,6.0,100.84,800.0,68.05,2026-04-04 01:21:57.202,45,Moderate
25.54,6.0,92.29,800.0,97.13,2026-04-04 01:24:57.202,45,Moderate
25.59,6.0,95.36,800.0,24.45,2026-04-04 01:27:57.202,45,Moderate
25.6,6.0,84.58,800.0,216.17,2026-04-04 01:30:57.202,45,Moderate
25.64,6.0,97.02,800.0,246.03,2026-04-04 01:33:57.202,45,Moderate
25.63,6.0,94.17,800.0,147.33,2026-04-04 01:36:57.202,45,Moderate
25.64,6.0,95.29,800.0,522.18,2026-04-04 01:39:57.202,45,Moderate
25.64,6.0,103.98,800.0,293.76,2026-04-04 01:42:57.202,45,Moderate
25.58,6.0,101.31,800.0,172.17,2026-04-04 01:45:57.202,45,Moderate
25.61,6.0,87.1,800.0,279.46,2026-04-04 01:48:57.202,45,Moderate
25.46,6.0,97.23,800.0,651.7,2026-04-04 01:51:57.202,45,Moderate
25.58,6.0,98.14,800.0,460.92,2026-04-04 01:54:57.202,45,Moderate
25.46,6.0,89.62,800.0,173.97,2026-04-04 01:57:57.202,45,Moderate
25.53,6.0,94.71,800.0,530.24,2026-04-04 02:00:57.202,45,Moderate
25.51,6.0,97.33,800.0,642.17,2026-04-04 02:03:57.202,45,Moderate
25.58,6.0,93.21,800.0,344.84,2026-04-04 02:06:57.202,45,Moderate
25.56,6.0,94.91,800.0,189.52,2026-04-04 02:09:57.202,45,Moderate
25.61,6.0,101.38,800.0,499.36,2026-04-04 02:12:57.202,45,Moderate
25.63,6.0,92.01,800.0,285.04,2026-04-04 02:15:57.202,45,Moderate
25.53,6.0,93.61,800.0,490.65,2026-04-04 02:18:57.202,45,Moderate
25.53,6.0,94.2,800.0,429.43,2026-04-04 02:21:57.202,45,Moderate
25.53,6.0,97.07,800.0,563.93,2026-04-04 02:24:57.202,45,Moderate
25.52,6.0,94.59,800.0,227.5,2026-04-04 02:27:57.202,45,Moderate
25.62,6.0,102.37,800.0,1758.1,2026-04-04 02:30:57.202,45,Moderate
25.63,6.0,102.46,800.0,2042.33,2026-04-04 02:33:57.202,45,Moderate
25.69,6.0,90.93,800.0,1714.11,2026-04-04 02:36:57.202,45,Moderate
25.6,6.0,98.37,800.0,1942.87,2026-04-04 02:39:57.202,45,Moderate
25.62,6.0,120.4,800.0,1925.85,2026-04-04 02:42:57.202,45,Moderate
25.66,6.0,95.38,800.0,1438.17,2026-04-04 02:45:57.202,45,Moderate
25.65,6.0,115.6,800.0,2798.38,2026-04-04 02:48:57.202,45,Moderate
25.6,6.0,106.49,800.0,2414.6,2026-04-04 02:51:57.202,45,Moderate
25.55,6.0,108.72,800.0,1467.74,2026-04-04 02:54:57.202,45,Moderate
25.56,6.0,107.11,800.0,1662.98,2026-04-04 02:57:57.202,45,Moderate
25.61,6.0,101.05,800.0,2507.92,2026-04-04 03:00:57.202,45,Moderate
25.58,6.0,93.27,800.0,1254.16,2026-04-04 03:03:57.202,45,Moderate
25.6,6.0,91.13,800.0,2438.36,2026-04-04 03:06:57.202,45,Moderate
25.62,6.0,78.59,800.0,2493.91,2026-04-04 03:09:57.202,45,Moderate
25.56,6.0,80.29,800.0,1395.32,2026-04-04 03:12:57.202,45,Moderate
25.62,6.0,78.58,800.0,1857.21,2026-04-04 03:15:57.202,45,Moderate
25.63,6.0,88.99,800.0,1918.86,2026-04-04 03:18:57.202,45,Moderate
25.55,6.0,100.12,800.0,1810.0,2026-04-04 03:21:57.202,45,Moderate
25.57,6.0,96.41,800.0,1268.6,2026-04-04 03:24:57.202,45,Moderate
25.58,6.0,100.54,800.0,1924.62,2026-04-04 03:27:57.202,45,Moderate
25.59,6.0,94.46,800.0,2328.34,2026-04-04 03:30:57.202,45,Moderate
25.68,6.0,82.47,800.0,1846.62,2026-04-04 03:33:57.202,45,Moderate
25.63,6.0,89.16,799.91,1650.5,2026-04-04 03:36:57.202,45,Moderate
25.63,6.0,83.05,800.0,2485.14,2026-04-04 03:39:57.202,45,Moderate
25.63,6.0,96.44,800.0,2600.18,2026-04-04 03:42:57.202,45,Moderate
25.54,6.0,91.41,800.0,3006.39,2026-04-04 03:45:57.202,45,Moderate
25.51,6.0,88.08,800.0,2777.54,2026-04-04 03:48:57.202,45,Moderate
25.7,6.0,79.6,800.0,1370.65,2026-04-04 03:51:57.202,45,Moderate
25.61,6.0,102.57,800.0,2094.4,2026-04-04 03:54:57.202,45,Moderate
25.75,6.0,90.16,800.0,1982.56,2026-04-04 03:57:57.202,45,Moderate
25.72,6.0,84.09,800.0,2816.21,2026-04-04 04:00:57.202,45,Moderate
25.63,6.0,102.64,800.0,2934.21,2026-04-04 04:03:57.202,45,Moderate
25.62,6.0,100.65,800.0,1565.68,2026-04-04 04:06:57.202,45,Moderate
25.59,6.0,87.55,800.0,1723.09,2026-04-04 04:09:57.202,45,Moderate
25.62,6.0,100.16,800.0,2509.26,2026-04-04 04:12:57.202,45,Moderate
25.55,6.0,95.4,800.0,2284.29,2026-04-04 04:15:57.202,45,Moderate
25.67,6.0,97.58,800.0,2770.08,2026-04-04 04:18:57.202,45,Moderate
25.58,6.0,88.63,800.0,2546.37,2026-04-04 04:21:57.202,45,Moderate
25.57,6.0,87.25,800.0,2215.8,2026-04-04 04:24:57.202,45,Moderate
25.56,6.0,101.01,800.0,1410.72,2026-04-04 04:27:57.202,45,Moderate
25.67,6.0,94.15,800.0,2045.34,2026-04-04 04:30:57.202,45,Moderate
25.7,6.0,94.83,800.0,1635.19,2026-04-04 04:33:57.202,45,Moderate
25.82,6.0,92.6,800.0,1802.07,2026-04-04 04:36:57.202,45,Moderate
25.86,6.0,87.27,800.0,2578.23,2026-04-04 04:39:57.202,45,Moderate
25.75,6.0,106.87,800.0,1972.6,2026-04-04 04:42:57.202,45,Moderate
25.76,6.0,94.73,800.0,2346.7,2026-04-04 04:45:57.202,45,Moderate
25.83,6.0,96.78,800.0,1451.92,2026-04-04 04:48:57.202,45,Moderate
25.85,6.0,89.99,800.0,1780.8,2026-04-04 04:51:57.202,45,Moderate
25.97,6.0,81.0,800.0,2537.15,2026-04-04 04:54:57.202,45,Moderate
25.83,6.0,84.78,800.0,1583.64,2026-04-04 04:57:57.202,45,Moderate
25.78,6.0,87.88,800.0,1859.56,2026-04-04 05:00:57.202,45,Moderate
25.81,6.0,104.69,800.0,2621.65,2026-04-04 05:03:57.202,45,Moderate
25.78,6.0,107.12,799.98,1606.51,2026-04-04 05:06:57.202,45,Moderate
25.82,6.0,81.3,800.0,1738.23,2026-04-04 05:09:57.202,45,Moderate
25.86,6.0,88.46,800.0,1333.15,2026-04-04 05:12:57.202,45,Moderate
25.84,6.0,102.99,800.0,1785.64,2026-04-04 05:15:57.202,45,Moderate
25.83,6.0,92.38,800.0,2661.46,2026-04-04 05:18:57.202,45,Moderate
25.86,6.0,90.66,800.0,1565.22,2026-04-04 05:21:57.202,45,Moderate
25.83,6.0,104.72,800.0,1581.08,2026-04-04 05:24:57.202,45,Moderate
25.84,6.0,83.1,800.0,1892.7,2026-04-04 05:27:57.202,45,Moderate
25.8,6.0,60.58,800.0,2832.34,2026-04-04 05:30:57.202,45,Moderate
25.88,6.0,60.77,800.0,1668.73,2026-04-04 05:33:57.202,45,Moderate
25.8,6.0,61.69,800.0,2092.66,2026-04-04 05:36:57.202,45,Moderate
25.78,6.0,67.71,799.24,2082.18,2026-04-04 05:39:57.202,45,Moderate
25.79,6.0,62.45,799.91,1535.44,2026-04-04 05:42:57.202,45,Moderate
25.76,6.0,65.85,800.0,2416.49,2026-04-04 05:45:57.202,45,Moderate
25.76,6.0,64.69,800.0,1878.57,2026-04-04 05:48:57.202,45,Moderate
25.83,6.0,61.2,800.0,2137.21,2026-04-04 05:51:57.202,45,Moderate
25.86,6.0,60.16,798.42,1375.36,2026-04-04 05:54:57.202,45,Moderate
25.84,6.0,67.52,799.43,2684.48,2026-04-04 05:57:57.202,45,Moderate
25.83,6.0,67.1,800.0,1655.61,2026-04-04 06:00:57.202,45,Moderate
25.82,6.0,64.89,800.0,2598.16,2026-04-04 06:03:57.202,45,Moderate
25.76,6.0,68.89,799.96,1907.98,2026-04-04 06:06:57.202,45,Moderate
25.82,6.0,64.69,800.0,2791.79,2026-04-04 06:09:57.202,45,Moderate
25.93,6.0,59.75,800.0,2278.91,2026-04-04 06:12:57.202,45,Moderate
25.92,6.0,60.07,800.0,2011.89,2026-04-04 06:15:57.202,45,Moderate
25.82,6.0,68.1,800.0,2226.57,2026-04-04 06:18:57.202,45,Moderate
25.81,6.0,67.07,800.0,2697.04,2026-04-04 06:21:57.202,45,Moderate
25.83,6.0,63.17,797.7,2220.49,2026-04-04 06:24:57.202,45,Moderate
25.76,6.0,61.86,799.27,2659.41,2026-04-04 06:27:57.202,45,Moderate
25.69,6.0,65.25,799.75,2652.31,2026-04-04 06:30:57.202,45,Moderate
25.66,6.0,62.76,800.0,1845.87,2026-04-04 06:33:57.202,45,Moderate
25.79,6.0,60.15,799.92,1912.83,2026-04-04 06:36:57.202,45,Moderate
25.78,6.0,70.91,799.97,2305.04,2026-04-04 06:39:57.202,45,Moderate
25.82,6.0,59.03,800.0,2579.96,2026-04-04 06:42:57.202,45,Moderate
25.84,6.0,63.36,800.0,1923.0,2026-04-04 06:45:57.202,45,Moderate
25.95,6.0,62.35,800.0,1719.37,2026-04-04 06:48:57.202,45,Moderate
25.87,6.0,65.22,800.0,2128.42,2026-04-04 06:51:57.202,45,Moderate
25.89,6.0,65.75,800.0,2003.84,2026-04-04 06:54:57.202,45,Moderate
25.85,6.0,63.86,800.0,2229.36,2026-04-04 06:57:57.202,45,Moderate
25.8,6.0,66.7,800.0,1553.75,2026-04-04 07:00:57.202,45,Moderate
25.89,6.0,62.61,799.41,1806.16,2026-04-04 07:03:57.202,45,Moderate
25.89,6.0,63.24,799.88,2989.25,2026-04-04 07:06:57.202,45,Moderate
25.94,6.0,61.7,800.0,1537.48,2026-04-04 07:09:57.202,45,Moderate
26.07,6.0,61.9,800.0,2602.78,2026-04-04 07:12:57.202,45,Moderate
25.99,6.0,67.41,800.0,2643.24,2026-04-04 07:15:57.202,45,Moderate
26.03,6.0,60.1,800.0,2696.84,2026-04-04 07:18:57.202,45,Moderate
25.96,6.0,56.13,800.0,2306.39,2026-04-04 07:21:57.202,45,Moderate
25.92,6.0,59.44,800.0,1649.23,2026-04-04 07:24:57.202,45,Moderate
25.89,6.0,61.75,800.0,2879.65,2026-04-04 07:27:57.202,45,Moderate
25.97,6.0,61.2,800.0,2228.64,2026-04-04 07:30:57.202,45,Moderate
25.93,6.0,56.04,799.82,2756.38,2026-04-04 07:33:57.202,45,Moderate
25.89,6.0,56.41,800.0,1945.81,2026-04-04 07:36:57.202,45,Moderate
25.89,6.0,63.7,800.0,1479.15,2026-04-04 07:39:57.202,45,Moderate
25.78,6.0,61.3,800.0,1466.7,2026-04-04 07:42:57.202,45,Moderate
25.71,6.0,65.81,800.0,1885.94,2026-04-04 07:45:57.202,45,Moderate
25.87,6.0,57.07,800.0,2818.29,2026-04-04 07:48:57.202,45,Moderate
25.95,6.0,59.31,800.0,2166.8,2026-04-04 07:51:57.202,45,Moderate
25.93,6.0,64.43,799.87,1603.93,2026-04-04 07:54:57.202,45,Moderate
25.84,6.0,62.44,799.94,2047.63,2026-04-04 07:57:57.202,45,Moderate
25.87,6.0,65.18,800.0,2406.51,2026-04-04 08:00:57.202,45,Moderate
25.98,6.0,56.61,800.0,1718.98,2026-04-04 08:03:57.202,45,Moderate
25.92,6.0,61.9,799.77,2185.15,2026-04-04 08:06:57.202,45,Moderate
25.94,6.0,60.39,799.29,2628.54,2026-04-04 08:09:57.202,45,Moderate
25.94,6.0,61.71,799.42,1574.32,2026-04-04 08:12:57.202,45,Moderate
25.94,6.0,66.59,800.0,2861.79,2026-04-04 08:15:57.202,45,Moderate
26.05,6.0,59.71,800.0,2025.4,2026-04-04 08:18:57.202,45,Moderate
25.93,6.0,63.84,800.0,2332.07,2026-04-04 08:21:57.202,45,Moderate
25.93,6.0,62.8,799.45,1421.76,2026-04-04 08:24:57.202,45,Moderate
25.9,6.0,65.6,799.25,1584.31,2026-04-04 08:27:57.202,45,Moderate
25.88,6.0,66.38,798.8,1626.59,2026-04-04 08:30:57.202,45,Moderate
25.78,6.0,61.7,799.54,1797.98,2026-04-04 08:33:57.202,45,Moderate
25.83,6.0,57.31,800.0,2379.66,2026-04-04 08:36:57.202,45,Moderate
25.87,6.0,69.38,799.01,2111.62,2026-04-04 08:39:57.202,45,Moderate
25.72,6.0,63.05,799.41,1254.92,2026-04-04 08:42:57.202,45,Moderate
25.8,6.0,62.05,799.8,3018.18,2026-04-04 08:45:57.202,45,Moderate
25.8,6.0,58.4,800.0,2284.64,2026-04-04 08:48:57.202,45,Moderate
25.8,6.0,63.7,800.0,1679.7,2026-04-04 08:51:57.202,45,Moderate
25.77,6.0,64.1,800.0,2058.24,2026-04-04 08:54:57.202,45,Moderate
25.74,6.0,63.25,799.78,1756.02,2026-04-04 08:57:57.202,45,Moderate
25.85,6.0,60.48,800.0,2461.16,2026-04-04 09:00:57.202,45,Moderate
25.84,6.01,62.11,800.0,1887.67,2026-04-04 09:03:57.202,45,Moderate
25.88,6.0,62.61,800.0,1931.34,2026-04-04 09:06:57.202,45,Moderate
25.91,6.0,61.82,799.34,1724.89,2026-04-04 09:09:57.202,45,Moderate
25.82,6.0,61.24,800.0,1851.65,2026-04-04 09:12:57.202,45,Moderate
25.71,6.0,66.58,799.13,1702.15,2026-04-04 09:15:57.202,45,Moderate
25.82,6.0,62.83,799.17,2767.45,2026-04-04 09:18:57.202,45,Moderate
25.89,6.0,62.7,799.7,2447.79,2026-04-04 09:21:57.202,45,Moderate
25.88,6.0,58.91,800.0,1837.08,2026-04-04 09:24:57.202,45,Moderate
25.77,6.0,66.41,800.0,1848.88,2026-04-04 09:27:57.202,45,Moderate
25.77,6.0,64.29,799.37,2316.27,2026-04-04 09:30:57.202,45,Moderate
25.82,6.0,63.8,799.89,1848.03,2026-04-04 09:33:57.202,45,Moderate
25.92,6.0,60.36,799.5,2161.99,2026-04-04 09:36:57.202,45,Moderate
25.94,6.0,63.38,799.64,2192.33,2026-04-04 09:39:57.202,45,Moderate
25.91,6.0,58.89,800.0,1763.53,2026-04-04 09:42:57.202,45,Moderate
25.9,6.0,64.08,800.0,1979.88,2026-04-04 09:45:57.202,45,Moderate
25.93,6.0,63.84,800.0,1631.46,2026-04-04 09:48:57.202,45,Moderate
25.85,6.0,65.01,800.0,2288.16,2026-04-04 09:51:57.202,45,Moderate
25.87,6.0,60.25,800.0,2339.65,2026-04-04 09:54:57.202,45,Moderate
25.98,6.0,59.38,800.0,2477.92,2026-04-04 09:57:57.202,45,Moderate
25.86,6.0,61.96,800.0,1790.54,2026-04-04 10:00:57.202,45,Moderate
25.86,6.0,58.34,799.58,2411.64,2026-04-04 10:03:57.202,45,Moderate
25.92,6.0,63.06,800.0,1695.41,2026-04-04 10:06:57.202,45,Moderate
25.98,6.0,60.46,800.0,1388.9,2026-04-04 10:09:57.202,45,Moderate
25.93,6.0,62.65,800.0,2288.73,2026-04-04 10:12:57.202,45,Moderate
25.78,6.0,66.21,800.0,1787.29,2026-04-04 10:15:57.202,45,Moderate
25.82,6.0,64.08,800.0,2194.42,2026-04-04 10:18:57.202,45,Moderate
25.95,6.0,60.33,799.89,2214.28,2026-04-04 10:21:57.202,45,Moderate
25.91,6.0,63.34,799.63,1638.06,2026-04-04 10:24:57.202,45,Moderate
25.8,6.0,63.91,800.0,1703.03,2026-04-04 10:27:57.202,45,Moderate
25.84,6.0,65.17,800.0,2317.41,2026-04-04 10:30:57.202,45,Moderate
25.78,6.0,62.86,800.0,1317.03,2026-04-04 10:33:57.202,45,Moderate
25.78,6.0,63.84,800.0,1705.82,2026-04-04 10:36:57.202,45,Moderate
25.96,6.0,62.55,799.64,2281.36,2026-04-04 10:39:57.202,45,Moderate
25.89,6.0,57.4,799.42,1782.94,2026-04-04 10:42:57.202,45,Moderate
25.87,6.0,56.68,799.95,1401.62,2026-04-04 10:45:57.202,45,Moderate
25.86,6.0,58.42,799.71,1325.85,2026-04-04 10:48:57.202,45,Moderate
25.86,6.0,61.85,800.0,1383.26,2026-04-04 10:51:57.202,45,Moderate
25.86,6.0,62.78,800.0,1690.36,2026-04-04 10:54:57.202,45,Moderate
25.88,6.0,58.68,800.0,1752.22,2026-04-04 10:57:57.202,45,Moderate
25.8,6.0,56.57,800.0,3030.92,2026-04-04 11:00:57.202,45,Moderate
25.84,6.0,64.46,799.49,1613.77,2026-04-04 11:03:57.202,45,Moderate
25.84,6.0,57.07,799.22,1556.79,2026-04-04 11:06:57.202,45,Moderate
25.89,6.0,63.35,799.4,2129.02,2026-04-04 11:09:57.202,45,Moderate
25.83,6.0,67.81,800.0,2194.66,2026-04-04 11:12:57.202,45,Moderate
25.79,6.0,54.62,800.0,1758.81,2026-04-04 11:15:57.202,45,Moderate
25.87,6.0,58.09,800.0,1503.76,2026-04-04 11:18:57.202,45,Moderate
25.9,6.0,64.67,799.86,2731.54,2026-04-04 11:21:57.202,45,Moderate
25.76,6.0,63.67,799.08,2071.94,2026-04-04 11:24:57.202,45,Moderate
25.77,6.0,58.19,798.97,2379.09,2026-04-04 11:27:57.202,45,Moderate
25.9,6.0,56.32,798.58,2407.33,2026-04-04 11:30:57.202,45,Moderate
25.73,6.0,61.96,800.0,1951.0,2026-04-04 11:33:57.202,45,Moderate
25.73,6.0,57.99,798.03,2221.21,2026-04-04 11:36:57.202,45,Moderate
25.64,6.0,55.85,797.79,2303.7,2026-04-04 11:39:57.202,45,Moderate
25.62,6.0,65.28,798.6,1518.91,2026-04-04 11:42:57.202,45,Moderate
25.62,6.0,60.42,800.0,1203.88,2026-04-04 11:45:57.202,45,Moderate
25.6,6.0,58.28,799.72,2116.74,2026-04-04 11:48:57.202,45,Moderate
25.65,6.0,61.73,800.0,1311.68,2026-04-04 11:51:57.202,45,Moderate
25.61,6.0,55.55,800.0,1817.41,2026-04-04 11:54:57.202,45,Moderate
25.78,6.0,60.2,800.0,2281.6,2026-04-04 11:57:57.202,45,Moderate
25.65,6.0,58.27,800.0,2278.71,2026-04-04 12:00:57.202,45,Moderate
25.55,6.0,61.25,800.0,1115.06,2026-04-04 12:03:57.202,45,Moderate
25.47,6.0,58.38,800.0,1924.56,2026-04-04 12:06:57.202,45,Moderate
25.55,6.0,59.68,800.0,2265.97,2026-04-04 12:09:57.202,45,Moderate
25.64,6.0,60.96,799.15,1928.15,2026-04-04 12:12:57.202,45,Moderate
25.65,6.0,58.23,798.0,1146.55,2026-04-04 12:15:57.202,45,Moderate
25.63,6.0,60.9,798.43,1147.32,2026-04-04 12:18:57.202,45,Moderate
25.61,6.0,60.58,798.94,1118.98,2026-04-04 12:21:57.202,45,Moderate
25.67,6.0,63.26,798.97,1686.91,2026-04-04 12:24:57.202,45,Moderate
25.58,6.0,63.75,799.6,2093.23,2026-04-04 12:27:57.202,45,Moderate
25.61,6.0,72.46,800.0,68.4,2026-04-04 12:30:57.202,45,Moderate
25.59,6.0,71.34,800.0,155.57,2026-04-04 12:33:57.202,45,Moderate
25.56,6.0,72.49,800.0,105.52,2026-04-04 12:36:57.202,45,Moderate
25.53,6.0,72.28,800.0,168.89,2026-04-04 12:39:57.202,45,Moderate
25.57,6.0,71.58,800.0,87.86,2026-04-04 12:42:57.202,45,Moderate
25.62,6.0,69.12,800.0,134.1,2026-04-04 12:45:57.202,45,Moderate
25.71,6.0,72.79,800.0,119.85,2026-04-04 12:48:57.202,45,Moderate
25.64,6.0,77.3,800.0,131.11,2026-04-04 12:51:57.202,45,Moderate
25.7,6.0,75.91,800.0,124.18,2026-04-04 12:54:57.202,45,Moderate
25.68,6.0,76.68,800.0,165.63,2026-04-04 12:57:57.202,45,Moderate
25.73,6.0,75.0,800.0,47.12,2026-04-04 13:00:57.202,45,Moderate
25.64,6.0,60.17,800.0,31.88,2026-04-04 13:03:57.202,45,Moderate
25.51,6.0,61.32,800.0,142.85,2026-04-04 13:06:57.202,45,Moderate
25.56,6.0,63.34,800.0,51.88,2026-04-04 13:09:57.202,45,Moderate
25.56,6.0,64.38,799.01,54.98,2026-04-04 13:12:57.202,45,Moderate
25.47,6.0,63.0,799.28,74.07,2026-04-04 13:15:57.202,45,Moderate
25.54,6.0,63.92,800.0,56.7,2026-04-04 13:18:57.202,45,Moderate
25.54,6.0,65.37,800.0,99.65,2026-04-04 13:21:57.202,45,Moderate
25.51,6.0,68.87,800.0,56.8,2026-04-04 13:24:57.202,45,Moderate
25.58,6.0,63.42,800.0,172.35,2026-04-04 13:27:57.202,45,Moderate
24.95,6.0,101.82,800.0,5.65,2026-04-04 13:30:57.202,45,Moderate
24.39,6.0,100.6,800.0,10.24,2026-04-04 13:33:57.202,45,Moderate
24.02,6.0,83.88,800.0,7.2,2026-04-04 13:36:57.202,45,Moderate
23.69,6.0,106.81,800.0,3.66,2026-04-04 13:39:57.202,65,High
23.42,6.0,103.91,800.0,8.88,2026-04-04 13:42:57.202,65,High
23.05,6.0,103.74,800.0,16.01,2026-04-04 13:45:57.202,65,High
23.07,6.0,90.6,800.0,17.18,2026-04-04 13:48:57.202,65,High
22.96,6.0,94.43,800.0,7.06,2026-04-04 13:51:57.202,65,High
22.79,6.0,94.97,800.0,5.37,2026-04-04 13:54:57.202,65,High
22.79,6.0,96.35,800.0,8.26,2026-04-04 13:57:57.202,65,High
22.73,6.0,96.04,800.0,1.07,2026-04-04 14:00:57.202,65,High
22.86,6.0,100.41,800.0,17.13,2026-04-04 14:03:57.202,65,High
22.8,6.0,88.42,800.0,3.46,2026-04-04 14:06:57.202,65,High
22.58,6.0,86.46,800.0,12.9,2026-04-04 14:09:57.202,65,High
22.66,6.0,96.63,800.0,18.42,2026-04-04 14:12:57.202,65,High
22.64,6.0,87.12,800.0,11.78,2026-04-04 14:15:57.202,65,High
22.66,6.0,89.47,799.56,14.38,2026-04-04 14:18:57.202,65,High
22.76,6.0,109.11,800.0,16.34,2026-04-04 14:21:57.202,65,High
22.85,6.0,93.72,800.0,7.87,2026-04-04 14:24:57.202,65,High
22.69,6.0,93.39,800.0,17.07,2026-04-04 14:27:57.202,65,High
22.73,6.0,89.51,800.0,7.51,2026-04-04 14:30:57.202,65,High
22.85,6.0,87.87,800.0,10.04,2026-04-04 14:33:57.202,65,High
22.87,6.0,83.59,800.0,13.33,2026-04-04 14:36:57.202,65,High
22.81,6.0,93.13,800.0,11.52,2026-04-04 14:39:57.202,65,High
22.86,6.0,104.38,800.0,19.21,2026-04-04 14:42:57.202,65,High
22.79,6.0,91.35,800.0,9.77,2026-04-04 14:45:57.202,65,High
22.63,6.0,84.81,800.0,11.6,2026-04-04 14:48:57.202,65,High
22.57,6.0,104.17,800.0,0.79,2026-04-04 14:51:57.202,65,High
22.83,6.0,91.27,800.0,8.6,2026-04-04 14:54:57.202,65,High
22.85,6.0,84.39,800.0,16.76,2026-04-04 14:57:57.202,65,High
22.75,6.0,99.72,800.0,1.55,2026-04-04 15:00:57.202,65,High
22.77,6.0,95.06,800.0,17.1,2026-04-04 15:03:57.202,65,High
22.81,6.0,82.44,799.64,17.82,2026-04-04 15:06:57.202,65,High
22.74,6.0,89.16,800.0,3.57,2026-04-04 15:09:57.202,65,High
22.74,6.0,91.04,800.0,13.36,2026-04-04 15:12:57.202,65,High
22.67,6.0,101.82,800.0,14.45,2026-04-04 15:15:57.202,65,High
22.64,6.0,82.58,800.0,15.29,2026-04-04 15:18:57.202,65,High
22.74,6.0,85.18,800.0,4.24,2026-04-04 15:21:57.202,65,High
22.69,6.0,98.38,800.0,5.98,2026-04-04 15:24:57.202,65,High
22.67,6.0,102.94,800.0,4.69,2026-04-04 15:27:57.202,65,High
22.66,6.0,92.21,800.0,0.48,2026-04-04 15:30:57.202,65,High
22.77,6.0,98.5,800.0,14.58,2026-04-04 15:33:57.202,65,High
22.8,6.0,103.06,800.0,15.22,2026-04-04 15:36:57.202,65,High
22.87,6.0,94.56,800.0,8.4,2026-04-04 15:39:57.202,65,High
22.55,6.0,81.39,800.0,7.77,2026-04-04 15:42:57.202,65,High
22.54,6.0,81.27,800.0,13.24,2026-04-04 15:45:57.202,65,High
22.57,6.0,88.24,800.0,10.69,2026-04-04 15:48:57.202,65,High
22.71,6.0,95.74,800.0,2.31,2026-04-04 15:51:57.202,65,High
22.81,6.0,88.6,800.0,12.03,2026-04-04 15:54:57.202,65,High
22.73,6.0,85.73,800.0,15.35,2026-04-04 15:57:57.202,65,High
22.79,6.0,93.56,800.0,12.14,2026-04-04 16:00:57.202,65,High
22.93,6.0,81.47,800.0,16.18,2026-04-04 16:03:57.202,65,High
22.79,6.0,97.11,800.0,7.23,2026-04-04 16:06:57.202,65,High
22.93,6.0,88.14,800.0,9.21,2026-04-04 16:09:57.202,65,High
22.95,6.0,89.35,800.0,2.98,2026-04-04 16:12:57.202,65,High
22.82,6.0,89.15,800.0,3.77,2026-04-04 16:15:57.202,65,High
22.7,6.0,84.8,800.0,14.52,2026-04-04 16:18:57.202,65,High
22.65,6.0,92.28,800.0,8.02,2026-04-04 16:21:57.202,65,High
22.68,6.0,92.24,800.0,10.86,2026-04-04 16:24:57.202,65,High
22.63,6.0,90.78,800.0,5.45,2026-04-04 16:27:57.202,65,High
22.68,6.0,86.63,800.0,16.62,2026-04-04 16:30:57.202,65,High
22.65,6.0,97.2,800.0,17.98,2026-04-04 16:33:57.202,65,High
22.76,6.0,104.0,800.0,3.52,2026-04-04 16:36:57.202,65,High
22.61,6.0,87.7,800.0,9.68,2026-04-04 16:39:57.202,65,High
22.61,6.0,96.7,800.0,17.6,2026-04-04 16:42:57.202,65,High
22.62,6.0,100.11,799.73,12.52,2026-04-04 16:45:57.202,65,High
22.76,6.0,90.9,800.0,1.26,2026-04-04 16:48:57.202,65,High
22.84,6.0,99.51,800.0,14.64,2026-04-04 16:51:57.202,65,High
22.64,6.0,81.26,800.0,11.41,2026-04-04 16:54:57.202,65,High
22.73,6.0,91.55,800.0,2.82,2026-04-04 16:57:57.202,65,High
22.75,6.0,93.46,800.0,12.49,2026-04-04 17:00:57.202,65,High
24.2,6.0,63.2,800.0,1.03,2026-04-04 17:03:57.202,45,Moderate
24.85,6.0,59.46,800.0,18.47,2026-04-04 17:06:57.202,45,Moderate
25.31,6.0,63.77,800.0,1.04,2026-04-04 17:09:57.202,45,Moderate
25.44,6.0,58.81,800.0,6.21,2026-04-04 17:12:57.202,45,Moderate
25.44,6.0,59.77,800.0,15.09,2026-04-04 17:15:57.202,45,Moderate
25.51,6.0,67.74,798.78,4.49,2026-04-04 17:18:57.202,45,Moderate
25.56,6.0,63.04,800.0,16.46,2026-04-04 17:21:57.202,45,Moderate
25.57,6.0,65.52,800.0,5.22,2026-04-04 17:24:57.202,45,Moderate
25.61,6.0,63.39,800.0,10.07,2026-04-04 17:27:57.202,45,Moderate
25.64,6.0,64.43,800.0,12.06,2026-04-04 17:30:57.202,45,Moderate
25.61,6.0,64.16,800.0,10.13,2026-04-04 17:33:57.202,45,Moderate
25.56,6.0,64.56,800.0,18.15,2026-04-04 17:36:57.202,45,Moderate
25.53,6.0,67.9,800.0,7.55,2026-04-04 17:39:57.202,45,Moderate
25.5,6.01,64.26,800.0,16.77,2026-04-04 17:42:57.202,45,Moderate
25.43,6.0,58.37,800.0,7.9,2026-04-04 17:45:57.202,45,Moderate
25.44,6.0,64.96,800.0,6.36,2026-04-04 17:48:57.202,45,Moderate
25.51,6.0,60.45,800.0,3.08,2026-04-04 17:51:57.202,45,Moderate
25.51,6.0,58.74,800.0,10.93,2026-04-04 17:54:57.202,45,Moderate
25.53,6.0,60.41,799.43,18.56,2026-04-04 17:57:57.202,45,Moderate
25.62,6.0,67.36,799.59,12.12,2026-04-04 18:00:57.202,45,Moderate
25.63,6.0,65.04,800.0,0.79,2026-04-04 18:03:57.202,45,Moderate
25.59,6.0,57.81,800.0,19.24,2026-04-04 18:06:57.202,45,Moderate
25.61,6.0,66.55,800.0,17.72,2026-04-04 18:09:57.202,45,Moderate
25.63,6.0,63.84,800.0,11.59,2026-04-04 18:12:57.202,45,Moderate
25.6,6.0,60.55,800.0,4.51,2026-04-04 18:15:57.202,45,Moderate
25.59,6.0,68.11,800.0,3.75,2026-04-04 18:18:57.202,45,Moderate
25.54,6.0,61.18,800.0,17.04,2026-04-04 18:21:57.202,45,Moderate
25.61,6.0,61.48,800.0,19.51,2026-04-04 18:24:57.202,45,Moderate
25.57,6.0,61.58,800.0,12.04,2026-04-04 18:27:57.202,45,Moderate
25.57,6.0,62.59,800.0,1.51,2026-04-04 18:30:57.202,45,Moderate
25.54,6.0,61.74,799.88,1.72,2026-04-04 18:33:57.202,45,Moderate
25.63,6.0,68.13,799.81,1.01,2026-04-04 18:36:57.202,45,Moderate
25.58,6.0,64.94,800.0,3.17,2026-04-04 18:39:57.202,45,Moderate
25.54,6.0,63.89,800.0,0.0,2026-04-04 18:42:57.202,45,Moderate
25.45,6.0,61.63,799.98,1.66,2026-04-04 18:45:57.202,45,Moderate
25.44,6.0,58.77,800.0,3.54,2026-04-04 18:48:57.202,45,Moderate
25.58,6.0,68.66,800.0,0.56,2026-04-04 18:51:57.202,45,Moderate
25.5,6.0,66.01,800.0,1.33,2026-04-04 18:54:57.202,45,Moderate
25.39,6.0,65.98,800.0,4.96,2026-04-04 18:57:57.202,45,Moderate
25.63,6.0,61.9,798.97,4.59,2026-04-04 19:00:57.202,45,Moderate
25.62,6.0,61.0,799.93,3.13,2026-04-04 19:03:57.202,45,Moderate
25.55,6.0,63.1,800.0,1.2,2026-04-04 19:06:57.202,45,Moderate
25.53,6.0,64.13,800.0,1.41,2026-04-04 19:09:57.202,45,Moderate
25.68,6.0,65.24,800.0,3.0,2026-04-04 19:12:57.202,45,Moderate
25.63,6.0,67.38,800.0,3.14,2026-04-04 19:15:57.202,45,Moderate
25.56,6.0,64.33,800.0,0.35,2026-04-04 19:18:57.202,45,Moderate
25.62,6.0,60.83,800.0,0.32,2026-04-04 19:21:57.202,45,Moderate
25.65,6.0,61.94,800.0,3.77,2026-04-04 19:24:57.202,45,Moderate
25.62,6.0,67.1,799.78,0.22,2026-04-04 19:27:57.202,45,Moderate
25.55,6.0,61.9,799.15,1.61,2026-04-04 19:30:57.202,45,Moderate
25.55,6.0,65.97,800.0,2.49,2026-04-04 19:33:57.202,45,Moderate
25.59,6.0,57.33,800.0,1.71,2026-04-04 19:36:57.202,45,Moderate
25.52,6.0,64.08,799.44,2.78,2026-04-04 19:39:57.202,45,Moderate
25.6,6.0,58.28,799.84,1.71,2026-04-04 19:42:57.202,45,Moderate
25.59,6.0,65.52,800.0,0.87,2026-04-04 19:45:57.202,45,Moderate
25.56,6.0,62.75,800.0,2.63,2026-04-04 19:48:57.202,45,Moderate
25.53,6.0,60.38,799.99,3.6,2026-04-04 19:51:57.202,45,Moderate
25.53,6.0,58.68,799.47,4.86,2026-04-04 19:54:57.202,45,Moderate
25.5,6.0,64.53,800.0,2.58,2026-04-04 19:57:57.202,45,Moderate
25.56,6.0,60.97,800.0,4.9,2026-04-04 20:00:57.202,45,Moderate
25.54,6.0,63.26,800.0,4.03,2026-04-04 20:03:57.202,45,Moderate
25.46,6.0,61.1,800.0,4.5,2026-04-04 20:06:57.202,45,Moderate
25.54,6.0,58.73,799.21,3.6,2026-04-04 20:09:57.202,45,Moderate
25.49,6.0,61.07,800.0,2.27,2026-04-04 20:12:57.202,45,Moderate
25.46,6.0,64.05,800.0,2.69,2026-04-04 20:15:57.202,45,Moderate
25.46,6.0,61.47,800.0,2.25,2026-04-04 20:18:57.202,45,Moderate
25.5,6.0,60.31,800.0,1.06,2026-04-04 20:21:57.202,45,Moderate
25.47,6.0,63.08,800.0,3.69,2026-04-04 20:24:57.202,45,Moderate
25.62,6.0,58.52,800.0,1.24,2026-04-04 20:27:57.202,45,Moderate
25.51,6.0,60.42,800.0,2.95,2026-04-04 20:30:57.202,45,Moderate
25.48,6.0,60.02,800.0,2.38,2026-04-04 20:33:57.202,45,Moderate
25.5,6.0,62.19,800.0,0.31,2026-04-04 20:36:57.202,45,Moderate
25.45,6.0,59.93,800.0,3.84,2026-04-04 20:39:57.202,45,Moderate
25.42,6.0,60.47,800.0,3.13,2026-04-04 20:42:57.202,45,Moderate
25.47,6.0,66.38,800.0,4.32,2026-04-04 20:45:57.202,45,Moderate
25.49,6.0,59.35,799.57,4.42,2026-04-04 20:48:57.202,45,Moderate
25.55,6.0,61.51,799.57,0.1,2026-04-04 20:51:57.202,45,Moderate
25.46,6.0,60.15,800.0,2.54,2026-04-04 20:54:57.202,45,Moderate
25.46,6.0,65.58,800.0,0.99,2026-04-04 20:57:57.202,45,Moderate
25.51,6.0,66.19,800.0,2.6,2026-04-04 21:00:57.202,45,Moderate
25.46,6.0,65.23,800.0,1.67,2026-04-04 21:03:57.202,45,Moderate
25.51,6.0,61.19,800.0,3.97,2026-04-04 21:06:57.202,45,Moderate
25.43,6.0,61.45,800.0,0.99,2026-04-04 21:09:57.202,45,Moderate
25.49,6.02,57.5,800.0,1.44,2026-04-04 21:12:57.202,45,Moderate
25.47,6.01,60.77,800.0,4.91,2026-04-04 21:15:57.202,45,Moderate
25.47,6.0,59.89,800.0,3.66,2026-04-04 21:18:57.202,45,Moderate
25.45,6.0,64.32,799.79,1.87,2026-04-04 21:21:57.202,45,Moderate
25.47,6.0,61.88,800.0,3.97,2026-04-04 21:24:57.202,45,Moderate
25.46,6.0,59.73,800.0,2.4,2026-04-04 21:27:57.202,45,Moderate
25.48,6.0,60.25,800.0,0.67,2026-04-04 21:30:57.202,45,Moderate
25.57,6.0,62.38,800.0,2.97,2026-04-04 21:33:57.202,45,Moderate
25.49,6.0,59.75,800.0,1.18,2026-04-04 21:36:57.202,45,Moderate
25.56,6.0,60.14,800.0,3.13,2026-04-04 21:39:57.202,45,Moderate
25.5,6.0,67.1,799.96,3.88,2026-04-04 21:42:57.202,45,Moderate
25.41,6.0,62.73,799.86,4.65,2026-04-04 21:45:57.202,45,Moderate
25.52,6.0,61.86,800.0,4.01,2026-04-04 21:48:57.202,45,Moderate
25.48,6.0,65.02,800.0,2.97,2026-04-04 21:51:57.202,45,Moderate
25.47,6.0,55.82,800.0,4.75,2026-04-04 21:54:57.202,45,Moderate
25.48,6.0,57.82,800.0,1.1,2026-04-04 21:57:57.202,45,Moderate
25.53,6.0,57.08,799.96,1.79,2026-04-04 22:00:57.202,45,Moderate
25.51,6.0,63.36,800.0,3.74,2026-04-04 22:03:57.202,45,Moderate
25.47,6.0,58.5,800.0,2.3,2026-04-04 22:06:57.202,45,Moderate
25.43,6.0,56.08,800.0,4.11,2026-04-04 22:09:57.202,45,Moderate
25.55,6.0,64.02,800.0,3.73,2026-04-04 22:12:57.202,45,Moderate
25.44,6.0,60.35,800.0,2.96,2026-04-04 22:15:57.202,45,Moderate
25.48,6.0,58.82,800.0,4.17,2026-04-04 22:18:57.202,45,Moderate
25.6,6.0,59.43,800.0,3.69,2026-04-04 22:21:57.202,45,Moderate
25.56,6.0,56.08,800.0,3.41,2026-04-04 22:24:57.202,45,Moderate
25.54,6.0,65.33,800.0,4.26,2026-04-04 22:27:57.202,45,Moderate
25.55,6.0,62.83,800.0,1.54,2026-04-04 22:30:57.202,45,Moderate
25.45,6.0,59.68,800.0,4.31,2026-04-04 22:33:57.202,45,Moderate
25.53,6.0,61.84,800.0,1.76,2026-04-04 22:36:57.202,45,Moderate
25.63,6.0,57.77,800.0,0.7,2026-04-04 22:39:57.202,45,Moderate
25.57,6.0,57.35,799.4,1.4,2026-04-04 22:42:57.202,45,Moderate
25.54,6.0,57.65,798.47,1.01,2026-04-04 22:45:57.202,45,Moderate
25.53,6.0,59.34,799.31,0.89,2026-04-04 22:48:57.202,45,Moderate
25.47,6.0,58.71,800.0,3.51,2026-04-04 22:51:57.202,45,Moderate
25.53,6.0,55.62,800.0,0.39,2026-04-04 22:54:57.202,45,Moderate
25.6,6.01,54.11,800.0,0.85,2026-04-04 22:57:57.202,45,Moderate
25.55,6.0,54.26,800.0,4.2,2026-04-04 23:00:57.202,45,Moderate
25.57,6.0,61.29,800.0,4.9,2026-04-04 23:03:57.202,45,Moderate
25.57,6.0,55.84,799.29,0.47,2026-04-04 23:06:57.202,45,Moderate
25.62,6.0,63.5,800.0,4.11,2026-04-04 23:09:57.202,45,Moderate
25.53,6.0,57.81,800.0,3.47,2026-04-04 23:12:57.202,45,Moderate
25.5,6.0,57.53,799.86,0.43,2026-04-04 23:15:57.202,45,Moderate
25.54,6.0,62.8,800.0,3.87,2026-04-04 23:18:57.202,45,Moderate
25.62,6.0,65.7,800.0,4.39,2026-04-04 23:21:57.202,45,Moderate
25.52,6.0,61.1,800.0,0.23,2026-04-04 23:24:57.202,45,Moderate
25.58,6.0,63.71,800.0,3.56,2026-04-04 23:27:57.202,45,Moderate
25.57,6.02,57.87,800.0,108.8,2026-04-04 23:30:57.202,45,Moderate
25.67,6.0,64.02,800.0,114.88,2026-04-04 23:33:57.202,45,Moderate
25.59,6.0,60.65,800.0,69.0,2026-04-04 23:36:57.202,45,Moderate
25.61,6.0,62.18,798.97,64.6,2026-04-04 23:39:57.202,45,Moderate
25.52,6.0,56.05,800.0,62.94,2026-04-04 23:42:57.202,45,Moderate
25.49,6.01,56.73,800.0,68.74,2026-04-04 23:45:57.202,45,Moderate
25.49,6.0,66.01,799.06,68.74,2026-04-04 23:48:57.202,45,Moderate
25.64,6.0,60.91,799.63,51.01,2026-04-04 23:51:57.202,45,Moderate
25.59,6.0,58.77,800.0,100.23,2026-04-04 23:54:57.202,45,Moderate
25.6,6.01,59.8,800.0,29.48,2026-04-04 23:57:57.202,45,Moderate
25.59,6.0,63.59,799.77,75.48,2026-04-05 00:00:57.202,45,Moderate
25.55,6.0,59.97,800.0,107.1,2026-04-05 00:03:57.202,45,Moderate
25.52,6.0,57.53,799.5,78.44,2026-04-05 00:06:57.202,45,Moderate
25.52,6.0,58.37,800.0,17.57,2026-04-05 00:09:57.202,45,Moderate
25.57,6.0,58.61,800.0,32.21,2026-04-05 00:12:57.202,45,Moderate
25.57,6.0,56.27,798.59,117.03,2026-04-05 00:15:57.202,45,Moderate
25.54,6.0,59.04,797.35,111.32,2026-04-05 00:18:57.202,45,Moderate
25.62,6.0,58.78,798.58,81.53,2026-04-05 00:21:57.202,45,Moderate
25.52,6.0,61.91,799.42,55.36,2026-04-05 00:24:57.202,45,Moderate
25.57,6.0,62.32,800.0,25.54,2026-04-05 00:27:57.202,45,Moderate
25.51,6.0,57.72,800.0,51.38,2026-04-05 00:30:57.202,45,Moderate
25.61,6.0,57.16,800.0,112.77,2026-04-05 00:33:57.202,45,Moderate
25.59,6.0,60.28,800.0,47.91,2026-04-05 00:36:57.202,45,Moderate
25.64,6.0,62.43,799.82,49.66,2026-04-05 00:39:57.202,45,Moderate
25.64,6.0,55.32,799.76,91.2,2026-04-05 00:42:57.202,45,Moderate
25.61,6.0,61.26,800.0,42.2,2026-04-05 00:45:57.202,45,Moderate
25.6,6.0,64.07,800.0,60.06,2026-04-05 00:48:57.202,45,Moderate
25.53,6.0,64.8,800.0,110.79,2026-04-05 00:51:57.202,45,Moderate
25.5,6.0,64.8,800.0,21.75,2026-04-05 00:54:57.202,45,Moderate
25.51,6.0,63.29,800.0,50.08,2026-04-05 00:57:57.202,45,Moderate
25.54,6.0,62.37,800.0,99.44,2026-04-05 01:00:57.202,45,Moderate
25.57,6.0,57.79,800.0,92.52,2026-04-05 01:03:57.202,45,Moderate
25.56,6.0,57.19,799.86,79.11,2026-04-05 01:06:57.202,45,Moderate
25.57,6.0,62.77,800.0,118.6,2026-04-05 01:09:57.202,45,Moderate
25.52,6.0,59.51,799.86,112.89,2026-04-05 01:12:57.202,45,Moderate
25.54,6.0,60.45,800.0,29.84,2026-04-05 01:15:57.202,45,Moderate
25.58,6.03,58.41,800.0,63.09,2026-04-05 01:18:57.202,45,Moderate
25.57,6.02,60.77,800.0,99.44,2026-04-05 01:21:57.202,45,Moderate
25.58,6.0,61.58,800.0,65.25,2026-04-05 01:24:57.202,45,Moderate
25.56,6.0,64.99,800.0,66.84,2026-04-05 01:27:57.202,45,Moderate
25.61,6.0,58.41,800.0,131.4,2026-04-05 01:30:57.202,45,Moderate
25.52,6.0,57.67,800.0,196.38,2026-04-05 01:33:57.202,45,Moderate
25.7,6.0,62.55,800.0,169.66,2026-04-05 01:36:57.202,45,Moderate
25.66,6.0,62.73,800.0,276.05,2026-04-05 01:39:57.202,45,Moderate
25.68,6.0,61.16,800.0,276.05,2026-04-05 01:42:57.202,45,Moderate
25.66,6.0,59.45,800.0,308.18,2026-04-05 01:45:57.202,45,Moderate
25.52,6.0,61.5,799.66,430.62,2026-04-05 01:48:57.202,45,Moderate
25.44,6.0,57.94,800.0,334.21,2026-04-05 01:51:57.202,45,Moderate
25.51,6.0,59.02,800.0,192.81,2026-04-05 01:54:57.202,45,Moderate
25.53,6.0,56.73,800.0,266.09,2026-04-05 01:57:57.202,45,Moderate
25.51,6.0,61.49,800.0,239.94,2026-04-05 02:00:57.202,45,Moderate
25.55,6.0,55.31,799.85,429.15,2026-04-05 02:03:57.202,45,Moderate
25.62,6.0,62.16,800.0,465.96,2026-04-05 02:06:57.202,45,Moderate
25.53,6.0,56.47,800.0,276.16,2026-04-05 02:09:57.202,45,Moderate
25.49,6.0,60.88,800.0,399.0,2026-04-05 02:12:57.202,45,Moderate
25.58,6.0,57.95,800.0,85.3,2026-04-05 02:15:57.202,45,Moderate
25.45,6.0,55.98,800.0,380.03,2026-04-05 02:18:57.202,45,Moderate
25.5,6.0,59.37,800.0,327.21,2026-04-05 02:21:57.202,45,Moderate
25.53,6.0,56.81,799.99,217.21,2026-04-05 02:24:57.202,45,Moderate
25.45,6.0,65.56,800.0,304.75,2026-04-05 02:27:57.202,45,Moderate
25.55,6.0,70.76,800.0,2051.39,2026-04-05 02:30:57.202,45,Moderate
25.57,6.0,68.06,800.0,2133.51,2026-04-05 02:33:57.202,45,Moderate
25.48,6.0,64.62,800.0,1551.02,2026-04-05 02:36:57.202,45,Moderate
25.48,6.0,74.8,800.0,2077.1,2026-04-05 02:39:57.202,45,Moderate
25.46,6.0,74.71,800.0,2459.01,2026-04-05 02:42:57.202,45,Moderate
25.54,6.0,76.81,800.0,2618.71,2026-04-05 02:45:57.202,45,Moderate
25.46,6.0,74.22,800.0,2280.84,2026-04-05 02:48:57.202,45,Moderate
25.47,6.0,74.66,800.0,2584.37,2026-04-05 02:51:57.202,45,Moderate
25.54,6.0,65.36,800.0,1730.07,2026-04-05 02:54:57.202,45,Moderate
25.62,6.0,78.43,800.0,2723.52,2026-04-05 02:57:57.202,45,Moderate
25.49,6.0,71.1,800.0,1966.09,2026-04-05 03:00:57.202,45,Moderate
25.59,6.0,64.33,799.31,1605.57,2026-04-05 03:03:57.202,45,Moderate
25.56,6.0,61.64,799.67,2748.8,2026-04-05 03:06:57.202,45,Moderate
25.61,6.0,67.08,800.0,2072.48,2026-04-05 03:09:57.202,45,Moderate
25.57,6.0,61.0,800.0,2142.34,2026-04-05 03:12:57.202,45,Moderate
25.6,6.0,57.53,800.0,2535.32,2026-04-05 03:15:57.202,45,Moderate
25.62,6.0,70.47,800.0,2438.27,2026-04-05 03:18:57.202,45,Moderate
25.37,6.0,60.41,799.44,1490.57,2026-04-05 03:21:57.202,45,Moderate
25.31,6.0,69.12,800.0,1630.63,2026-04-05 03:24:57.202,45,Moderate
25.47,6.0,62.22,800.0,2557.74,2026-04-05 03:27:57.202,45,Moderate
25.59,6.0,62.92,799.62,2719.3,2026-04-05 03:30:57.202,45,Moderate
25.54,6.0,61.98,799.29,1965.51,2026-04-05 03:33:57.202,45,Moderate
25.55,6.0,66.69,799.62,2410.54,2026-04-05 03:36:57.202,45,Moderate
25.48,6.0,62.75,799.93,2601.06,2026-04-05 03:39:57.202,45,Moderate
25.5,6.0,64.86,800.0,2038.23,2026-04-05 03:42:57.202,45,Moderate
25.58,6.0,66.62,800.0,2263.07,2026-04-05 03:45:57.202,45,Moderate
25.54,6.0,65.52,800.0,1523.45,2026-04-05 03:48:57.202,45,Moderate
25.61,6.0,60.37,800.0,1552.72,2026-04-05 03:51:57.202,45,Moderate
25.63,6.0,60.56,800.0,1702.12,2026-04-05 03:54:57.202,45,Moderate
25.48,6.0,63.2,800.0,2450.95,2026-04-05 03:57:57.202,45,Moderate
25.57,6.0,65.84,800.0,2381.3,2026-04-05 04:00:57.202,45,Moderate
25.49,6.0,63.21,800.0,2179.68,2026-04-05 04:03:57.202,45,Moderate
25.5,6.0,58.86,800.0,2488.16,2026-04-05 04:06:57.202,45,Moderate
25.55,6.0,66.92,800.0,2629.08,2026-04-05 04:09:57.202,45,Moderate
25.56,6.0,63.52,800.0,2307.95,2026-04-05 04:12:57.202,45,Moderate
25.6,6.0,68.37,800.0,2659.53,2026-04-05 04:15:57.202,45,Moderate
25.63,6.0,60.11,800.0,1714.75,2026-04-05 04:18:57.202,45,Moderate
25.74,6.0,57.78,800.0,2302.12,2026-04-05 04:21:57.202,45,Moderate
25.53,6.0,63.01,800.0,1398.56,2026-04-05 04:24:57.202,45,Moderate
25.51,6.0,59.99,800.0,1572.22,2026-04-05 04:27:57.202,45,Moderate
25.76,6.16,40.07,726.23,1452.62,2026-04-05 04:30:57.202,45,Moderate
25.78,6.33,31.58,632.08,1961.05,2026-04-05 04:33:57.202,45,Moderate
25.81,6.46,28.17,555.43,2310.72,2026-04-05 04:36:57.202,30,Safe
25.82,6.64,21.68,499.21,1428.67,2026-04-05 04:39:57.202,15,Safe
25.86,6.77,21.49,470.53,2212.67,2026-04-05 04:42:57.202,15,Safe
25.78,6.93,15.06,420.02,2562.34,2026-04-05 04:45:57.202,0,Safe
25.69,7.11,15.68,364.14,2131.16,2026-04-05 04:48:57.202,0,Safe
25.72,7.26,17.37,319.97,2373.69,2026-04-05 04:51:57.202,0,Safe
25.68,7.37,18.04,276.59,1456.02,2026-04-05 04:54:57.202,0,Safe
25.78,7.56,9.06,260.53,1870.28,2026-04-05 04:57:57.202,15,Safe
25.79,7.72,12.64,240.09,1962.14,2026-04-05 05:00:57.202,15,Safe
25.73,7.9,12.41,219.51,1797.74,2026-04-05 05:03:57.202,15,Safe
25.8,7.9,15.02,199.86,1353.21,2026-04-05 05:06:57.202,15,Safe
25.73,7.9,15.42,187.07,2481.21,2026-04-05 05:09:57.202,15,Safe
25.78,7.9,13.25,180.0,1626.95,2026-04-05 05:12:57.202,15,Safe
25.81,7.9,7.84,180.0,1890.23,2026-04-05 05:15:57.202,15,Safe
25.82,7.9,18.08,180.0,2258.01,2026-04-05 05:18:57.202,15,Safe
25.84,7.9,11.3,180.0,2702.3,2026-04-05 05:21:57.202,15,Safe
25.83,7.9,10.56,180.0,2385.73,2026-04-05 05:24:57.202,15,Safe
25.82,7.9,16.31,180.0,1406.43,2026-04-05 05:27:57.202,15,Safe
25.76,7.87,7.9,180.0,1824.35,2026-04-05 05:30:57.202,15,Safe
25.83,7.86,9.01,181.9,1198.26,2026-04-05 05:33:57.202,15,Safe
25.75,7.87,12.54,184.03,1437.89,2026-04-05 05:36:57.202,15,Safe
25.79,7.87,11.73,185.03,1937.35,2026-04-05 05:39:57.202,15,Safe
25.67,7.86,15.48,186.39,1494.45,2026-04-05 05:42:57.202,15,Safe
25.76,7.84,11.52,186.97,2361.77,2026-04-05 05:45:57.202,15,Safe
25.73,7.82,14.37,188.85,1375.32,2026-04-05 05:48:57.202,15,Safe
25.82,7.84,14.9,189.85,2737.26,2026-04-05 05:51:57.202,15,Safe
25.84,7.84,17.87,191.25,2439.7,2026-04-05 05:54:57.202,15,Safe
25.89,7.83,9.26,188.9,1577.1,2026-04-05 05:57:57.202,15,Safe
25.82,7.8,9.13,189.51,1261.93,2026-04-05 06:00:57.202,15,Safe
25.74,7.8,8.88,189.76,2448.56,2026-04-05 06:03:57.202,15,Safe
25.68,7.82,9.85,190.45,1771.04,2026-04-05 06:06:57.202,15,Safe
25.7,7.83,13.21,189.75,1624.93,2026-04-05 06:09:57.202,15,Safe
25.72,7.81,17.06,189.98,1821.35,2026-04-05 06:12:57.202,15,Safe
25.85,7.78,13.95,192.07,1821.35,2026-04-05 06:15:57.202,15,Safe
25.83,7.78,14.4,191.86,2419.34,2026-04-05 06:18:57.202,15,Safe
25.79,7.77,13.32,191.5,2652.17,2026-04-05 06:21:57.202,15,Safe
25.77,7.76,15.66,191.03,1799.05,2026-04-05 06:24:57.202,15,Safe
25.79,7.76,17.15,191.33,2430.34,2026-04-05 06:27:57.202,15,Safe
25.79,7.73,12.38,191.17,2188.15,2026-04-05 06:30:57.202,15,Safe
25.89,7.72,10.5,191.63,1593.08,2026-04-05 06:33:57.202,15,Safe
25.79,7.7,17.57,192.33,1858.79,2026-04-05 06:36:57.202,15,Safe
25.85,7.72,10.46,193.15,1627.11,2026-04-05 06:39:57.202,15,Safe
25.76,7.69,11.39,192.63,1317.4,2026-04-05 06:42:57.202,15,Safe
25.72,7.65,16.8,194.43,2210.5,2026-04-05 06:45:57.202,15,Safe
25.76,7.65,14.5,196.15,2098.59,2026-04-05 06:48:57.202,15,Safe
25.77,7.62,9.68,196.23,2296.89,2026-04-05 06:51:57.202,15,Safe
25.62,7.62,9.02,198.21,1860.65,2026-04-05 06:54:57.202,15,Safe
25.67,7.59,12.87,199.07,1483.03,2026-04-05 06:57:57.202,15,Safe
25.71,7.59,8.15,197.86,2411.03,2026-04-05 07:00:57.202,15,Safe
25.77,7.59,9.24,198.54,1271.78,2026-04-05 07:03:57.202,15,Safe
25.8,7.57,11.36,199.46,1537.01,2026-04-05 07:06:57.202,15,Safe
25.87,7.57,10.34,199.53,1677.63,2026-04-05 07:09:57.202,15,Safe
25.82,7.54,15.43,199.49,1270.59,2026-04-05 07:12:57.202,15,Safe
25.65,7.53,16.13,200.9,1660.46,2026-04-05 07:15:57.202,15,Safe
25.74,7.55,11.74,200.81,2278.12,2026-04-05 07:18:57.202,15,Safe
25.8,7.55,8.71,201.65,2313.89,2026-04-05 07:21:57.202,15,Safe
25.8,7.55,14.67,202.08,1231.88,2026-04-05 07:24:57.202,15,Safe
25.85,7.5,10.83,203.61,1898.26,2026-04-05 07:27:57.202,0,Safe
25.85,7.48,13.02,204.81,2606.64,2026-04-05 07:30:57.202,0,Safe
25.87,7.48,11.1,206.24,2625.63,2026-04-05 07:33:57.202,0,Safe
25.87,7.45,18.55,206.14,1580.02,2026-04-05 07:36:57.202,0,Safe
25.98,7.47,13.8,205.5,1947.54,2026-04-05 07:39:57.202,0,Safe
25.87,7.47,12.02,205.93,1303.01,2026-04-05 07:42:57.202,0,Safe
25.81,7.46,10.4,206.16,2605.32,2026-04-05 07:45:57.202,0,Safe
25.71,7.44,9.24,205.76,1222.09,2026-04-05 07:48:57.202,0,Safe
25.86,7.43,12.91,206.81,2801.18,2026-04-05 07:51:57.202,0,Safe
25.76,7.42,16.4,207.01,2305.93,2026-04-05 07:54:57.202,0,Safe
25.79,7.39,11.71,209.15,1705.19,2026-04-05 07:57:57.202,0,Safe
25.74,7.4,14.54,209.47,2595.95,2026-04-05 08:00:57.202,0,Safe
25.86,7.42,17.34,210.12,1810.77,2026-04-05 08:03:57.202,0,Safe
25.86,7.39,15.19,210.12,1560.91,2026-04-05 08:06:57.202,0,Safe
25.76,7.38,13.56,210.75,2842.96,2026-04-05 08:09:57.202,0,Safe
25.79,7.37,14.6,211.42,2610.29,2026-04-05 08:12:57.202,0,Safe
25.77,7.37,17.0,212.41,2508.79,2026-04-05 08:15:57.202,0,Safe
25.82,7.37,14.11,212.79,2181.56,2026-04-05 08:18:57.202,0,Safe
25.78,7.38,17.93,212.62,2302.85,2026-04-05 08:21:57.202,0,Safe
25.74,7.38,16.33,212.7,2406.8,2026-04-05 08:24:57.202,0,Safe
25.77,7.39,15.58,214.11,2110.26,2026-04-05 08:27:57.202,0,Safe
25.78,7.38,13.24,215.65,2085.82,2026-04-05 08:30:57.202,0,Safe
25.83,7.37,13.53,217.05,1839.37,2026-04-05 08:33:57.202,0,Safe
25.76,7.34,8.79,217.66,2432.35,2026-04-05 08:36:57.202,0,Safe
25.81,7.34,14.44,217.34,2011.81,2026-04-05 08:39:57.202,0,Safe
25.76,7.31,9.84,218.21,1759.64,2026-04-05 08:42:57.202,0,Safe
25.7,7.36,16.76,219.37,1465.64,2026-04-05 08:45:57.202,0,Safe
25.79,7.34,12.05,219.4,1802.43,2026-04-05 08:48:57.202,0,Safe
25.83,7.34,11.67,220.78,1262.43,2026-04-05 08:51:57.202,0,Safe
25.84,7.32,13.92,220.65,1797.21,2026-04-05 08:54:57.202,0,Safe
25.86,7.31,15.11,222.05,1814.36,2026-04-05 08:57:57.202,0,Safe
25.87,7.3,15.52,222.66,1170.87,2026-04-05 09:00:57.202,0,Safe
25.69,7.31,11.29,222.65,1703.46,2026-04-05 09:03:57.202,0,Safe
25.66,7.29,17.04,224.21,2290.05,2026-04-05 09:06:57.202,0,Safe
25.75,7.29,10.69,225.26,2150.44,2026-04-05 09:09:57.202,0,Safe
25.67,7.27,13.74,227.3,1819.04,2026-04-05 09:12:57.202,0,Safe
25.78,7.26,12.58,227.66,2076.53,2026-04-05 09:15:57.202,0,Safe
25.85,7.25,15.22,227.15,1700.42,2026-04-05 09:18:57.202,0,Safe
25.85,7.25,11.67,227.11,2056.61,2026-04-05 09:21:57.202,0,Safe
25.76,7.23,16.87,227.31,2161.42,2026-04-05 09:24:57.202,0,Safe
25.76,7.23,18.6,227.8,1436.08,2026-04-05 09:27:57.202,0,Safe
25.79,7.21,15.71,228.43,1442.84,2026-04-05 09:30:57.202,0,Safe
25.86,7.22,12.94,228.98,2621.7,2026-04-05 09:33:57.202,0,Safe
25.84,7.23,10.56,228.75,1794.76,2026-04-05 09:36:57.202,0,Safe
25.82,7.22,9.38,229.29,2137.72,2026-04-05 09:39:57.202,0,Safe
25.83,7.21,16.4,230.3,2830.5,2026-04-05 09:42:57.202,0,Safe
25.8,7.2,17.8,229.83,1682.57,2026-04-05 09:45:57.202,0,Safe
25.77,7.18,13.33,229.7,2029.92,2026-04-05 09:48:57.202,0,Safe
25.83,7.2,14.28,227.44,1552.51,2026-04-05 09:51:57.202,0,Safe
25.72,7.21,10.38,228.38,1514.87,2026-04-05 09:54:57.202,0,Safe
25.85,7.21,11.91,228.8,1458.75,2026-04-05 09:57:57.202,0,Safe
25.85,7.23,12.29,230.15,1998.36,2026-04-05 10:00:57.202,0,Safe
25.78,7.23,14.71,229.69,1415.0,2026-04-05 10:03:57.202,0,Safe
25.74,7.19,9.63,230.67,2064.42,2026-04-05 10:06:57.202,0,Safe
25.9,7.19,11.84,230.77,2436.6,2026-04-05 10:09:57.202,0,Safe
25.94,7.2,16.72,232.02,2363.23,2026-04-05 10:12:57.202,0,Safe
25.96,7.21,12.44,232.31,1979.02,2026-04-05 10:15:57.202,0,Safe
25.87,7.21,13.12,232.42,1161.81,2026-04-05 10:18:57.202,0,Safe
25.84,7.2,13.56,233.13,2112.84,2026-04-05 10:21:57.202,0,Safe
25.8,7.17,19.26,233.58,2388.35,2026-04-05 10:24:57.202,0,Safe
25.81,7.17,21.7,234.14,2035.68,2026-04-05 10:27:57.202,15,Safe
25.74,7.16,15.46,235.52,2714.24,2026-04-05 10:30:57.202,0,Safe
25.77,7.16,14.36,236.62,2517.35,2026-04-05 10:33:57.202,0,Safe
25.82,7.14,9.6,236.06,1665.49,2026-04-05 10:36:57.202,0,Safe
25.78,7.14,18.33,236.66,1772.16,2026-04-05 10:39:57.202,0,Safe
25.83,7.15,17.72,236.63,1537.84,2026-04-05 10:42:57.202,0,Safe
25.77,7.11,17.24,237.22,1548.81,2026-04-05 10:45:57.202,0,Safe
25.74,7.11,16.19,237.22,1638.48,2026-04-05 10:48:57.202,0,Safe
25.68,7.08,12.24,240.09,2124.91,2026-04-05 10:51:57.202,0,Safe
25.8,7.09,11.54,239.64,1648.49,2026-04-05 10:54:57.202,0,Safe
25.8,7.1,13.83,240.97,2440.4,2026-04-05 10:57:57.202,0,Safe
25.8,7.09,10.0,241.85,1639.69,2026-04-05 11:00:57.202,0,Safe
25.79,7.07,16.73,241.93,2444.57,2026-04-05 11:03:57.202,0,Safe
25.78,7.05,17.19,242.64,2400.34,2026-04-05 11:06:57.202,0,Safe
25.67,7.03,15.28,242.0,1873.46,2026-04-05 11:09:57.202,0,Safe
25.81,7.01,18.66,241.96,1925.45,2026-04-05 11:12:57.202,0,Safe
25.75,7.01,16.26,242.83,1923.63,2026-04-05 11:15:57.202,0,Safe
25.75,6.98,9.74,243.29,2719.68,2026-04-05 11:18:57.202,0,Safe
25.92,6.99,14.64,243.57,2873.98,2026-04-05 11:21:57.202,0,Safe
25.86,6.98,13.36,244.67,1455.92,2026-04-05 11:24:57.202,0,Safe
25.74,6.97,19.24,245.05,1487.82,2026-04-05 11:27:57.202,0,Safe
25.88,6.95,13.94,246.51,1988.7,2026-04-05 11:30:57.202,0,Safe
25.67,6.97,15.0,247.68,1346.99,2026-04-05 11:33:57.202,0,Safe
25.69,6.98,17.79,247.22,2081.34,2026-04-05 11:36:57.202,0,Safe
25.65,6.98,10.66,249.72,1516.03,2026-04-05 11:39:57.202,0,Safe
25.54,6.98,12.53,249.48,1728.35,2026-04-05 11:42:57.202,0,Safe
25.51,6.98,16.83,249.51,2085.71,2026-04-05 11:45:57.202,0,Safe
25.47,6.98,8.85,249.93,1404.97,2026-04-05 11:48:57.202,0,Safe
25.59,6.98,19.99,251.32,1325.54,2026-04-05 11:51:57.202,0,Safe
25.6,6.96,12.06,253.41,1541.31,2026-04-05 11:54:57.202,0,Safe
25.53,6.97,15.48,253.52,1742.6,2026-04-05 11:57:57.202,0,Safe
25.41,6.96,18.42,255.95,1881.13,2026-04-05 12:00:57.202,0,Safe
25.49,6.96,12.24,256.25,1261.73,2026-04-05 12:03:57.202,0,Safe
25.42,6.96,9.99,256.38,1231.91,2026-04-05 12:06:57.202,0,Safe
25.42,6.98,7.71,257.34,2079.36,2026-04-05 12:09:57.202,0,Safe
25.6,6.99,20.27,259.08,2099.52,2026-04-05 12:12:57.202,15,Safe
25.58,6.96,11.38,260.3,1890.21,2026-04-05 12:15:57.202,0,Safe
25.57,6.95,14.8,260.82,2198.5,2026-04-05 12:18:57.202,0,Safe
25.58,6.95,11.79,260.64,1105.75,2026-04-05 12:21:57.202,0,Safe
25.57,6.93,12.09,261.04,1091.16,2026-04-05 12:24:57.202,0,Safe
25.45,6.93,19.74,261.97,1715.68,2026-04-05 12:27:57.202,0,Safe
25.49,6.94,27.31,267.16,1395.15,2026-04-05 12:30:57.202,15,Safe
25.49,6.92,19.75,271.91,946.76,2026-04-05 12:33:57.202,0,Safe
25.37,6.9,21.86,274.67,767.63,2026-04-05 12:36:57.202,15,Safe
25.44,6.88,26.01,278.74,655.83,2026-04-05 12:39:57.202,15,Safe
25.46,6.86,26.81,282.12,1200.0,2026-04-05 12:42:57.202,15,Safe
25.46,6.86,20.25,284.85,846.34,2026-04-05 12:45:57.202,15,Safe
25.44,6.84,31.47,290.6,847.13,2026-04-05 12:48:57.202,30,Safe
25.58,6.82,31.69,295.07,1458.36,2026-04-05 12:51:57.202,30,Safe
25.62,6.82,32.02,297.47,1672.4,2026-04-05 12:54:57.202,30,Safe
25.68,6.81,32.25,300.69,773.91,2026-04-05 12:57:57.202,30,Safe
25.58,6.8,33.18,304.07,922.12,2026-04-05 13:00:57.202,30,Safe
25.61,6.81,27.78,305.84,1509.47,2026-04-05 13:03:57.202,15,Safe
25.55,6.79,22.92,307.84,1523.13,2026-04-05 13:06:57.202,15,Safe
25.6,6.78,22.91,307.76,779.38,2026-04-05 13:09:57.202,15,Safe
25.47,6.75,22.56,308.51,1573.58,2026-04-05 13:12:57.202,15,Safe
25.53,6.73,25.19,309.05,1674.74,2026-04-05 13:15:57.202,15,Safe
25.54,6.72,23.68,309.87,816.44,2026-04-05 13:18:57.202,15,Safe
25.47,6.72,24.36,309.53,855.99,2026-04-05 13:21:57.202,15,Safe
25.5,6.72,25.03,310.26,735.04,2026-04-05 13:24:57.202,15,Safe
25.57,6.71,18.8,310.6,1108.85,2026-04-05 13:27:57.202,0,Safe
25.55,6.71,24.7,310.85,689.62,2026-04-05 13:30:57.202,15,Safe
25.61,6.66,19.93,311.72,566.43,2026-04-05 13:33:57.202,0,Safe
25.61,6.66,22.15,313.61,570.64,2026-04-05 13:36:57.202,15,Safe
25.71,6.66,26.31,314.12,1559.9,2026-04-05 13:39:57.202,15,Safe
25.64,6.67,20.51,315.73,1460.1,2026-04-05 13:42:57.202,15,Safe
25.71,6.65,17.22,315.69,892.4,2026-04-05 13:45:57.202,0,Safe
25.65,6.66,23.42,316.33,1099.62,2026-04-05 13:48:57.202,15,Safe
25.57,6.66,22.49,315.88,986.45,2026-04-05 13:51:57.202,15,Safe
25.7,6.64,21.32,316.78,829.38,2026-04-05 13:54:57.202,15,Safe
25.56,6.6,19.34,316.85,692.98,2026-04-05 13:57:57.202,0,Safe
25.59,6.59,23.62,317.06,608.1,2026-04-05 14:00:57.202,15,Safe
25.53,6.6,17.23,318.83,582.77,2026-04-05 14:03:57.202,0,Safe
25.41,6.58,18.21,318.36,880.78,2026-04-05 14:06:57.202,0,Safe
25.43,6.58,23.4,318.38,707.39,2026-04-05 14:09:57.202,15,Safe
25.37,6.56,19.88,319.48,1088.63,2026-04-05 14:12:57.202,0,Safe
25.46,6.56,23.0,319.99,994.61,2026-04-05 14:15:57.202,15,Safe
25.39,6.58,22.7,320.68,1216.15,2026-04-05 14:18:57.202,15,Safe
25.46,6.58,16.16,320.14,1558.81,2026-04-05 14:21:57.202,0,Safe
25.51,6.56,15.52,319.49,703.62,2026-04-05 14:24:57.202,0,Safe
25.55,6.55,20.85,320.65,1344.72,2026-04-05 14:27:57.202,15,Safe
25.55,6.56,18.52,321.24,979.88,2026-04-05 14:30:57.202,0,Safe
25.4,6.54,25.45,321.45,1134.16,2026-04-05 14:33:57.202,15,Safe
25.53,6.53,18.62,322.97,712.15,2026-04-05 14:36:57.202,0,Safe
25.54,6.51,19.37,322.21,1537.64,2026-04-05 14:39:57.202,0,Safe
25.53,6.51,24.24,321.76,562.8,2026-04-05 14:42:57.202,15,Safe
25.55,6.49,19.61,322.4,690.01,2026-04-05 14:45:57.202,15,Safe
25.52,6.47,22.94,322.65,989.66,2026-04-05 14:48:57.202,30,Safe
25.52,6.47,23.38,322.56,886.92,2026-04-05 14:51:57.202,30,Safe
25.47,6.45,17.1,322.99,1004.57,2026-04-05 14:54:57.202,15,Safe
25.51,6.43,17.03,324.27,1567.51,2026-04-05 14:57:57.202,15,Safe
25.5,6.43,18.05,326.21,1228.52,2026-04-05 15:00:57.202,15,Safe
25.5,6.41,20.32,325.62,730.55,2026-04-05 15:03:57.202,30,Safe
25.59,6.4,20.84,325.96,1516.16,2026-04-05 15:06:57.202,30,Safe
25.58,6.38,20.4,326.76,1022.25,2026-04-05 15:09:57.202,30,Safe
25.49,6.37,20.42,327.52,676.4,2026-04-05 15:12:57.202,30,Safe
25.58,6.38,16.85,329.32,1449.56,2026-04-05 15:15:57.202,15,Safe
25.62,6.39,16.46,329.67,528.69,2026-04-05 15:18:57.202,15,Safe
25.54,6.36,18.31,329.37,521.77,2026-04-05 15:21:57.202,15,Safe
25.56,6.34,15.82,329.16,619.37,2026-04-05 15:24:57.202,15,Safe
25.52,6.38,20.76,330.9,579.07,2026-04-05 15:27:57.202,30,Safe
25.58,6.36,17.55,331.44,900.13,2026-04-05 15:30:57.202,15,Safe
25.54,6.37,23.75,331.46,1518.79,2026-04-05 15:33:57.202,30,Safe
25.51,6.34,18.29,331.55,858.73,2026-04-05 15:36:57.202,15,Safe
25.62,6.33,18.72,332.39,631.56,2026-04-05 15:39:57.202,15,Safe
25.62,6.32,21.06,333.15,1121.11,2026-04-05 15:42:57.202,30,Safe
25.63,6.3,13.76,333.33,538.35,2026-04-05 15:45:57.202,15,Safe
25.53,6.3,21.78,334.53,1533.12,2026-04-05 15:48:57.202,30,Safe
25.62,6.3,19.5,334.49,1531.0,2026-04-05 15:51:57.202,15,Safe
25.56,6.29,18.62,336.32,653.92,2026-04-05 15:54:57.202,15,Safe
25.57,6.28,19.08,337.52,749.49,2026-04-05 15:57:57.202,15,Safe
25.62,6.28,20.82,337.03,1376.98,2026-04-05 16:00:57.202,30,Safe
25.58,6.26,15.46,337.56,994.48,2026-04-05 16:03:57.202,15,Safe
25.66,6.27,17.36,339.85,902.18,2026-04-05 16:06:57.202,15,Safe
25.67,6.28,22.68,340.06,1094.5,2026-04-05 16:09:57.202,30,Safe
25.65,6.29,23.06,339.45,1254.67,2026-04-05 16:12:57.202,30,Safe
25.63,6.28,18.65,339.32,1091.76,2026-04-05 16:15:57.202,15,Safe
25.56,6.26,12.79,340.98,1169.22,2026-04-05 16:18:57.202,15,Safe
25.46,6.26,17.43,342.7,799.16,2026-04-05 16:21:57.202,15,Safe
25.51,6.25,20.67,343.58,734.39,2026-04-05 16:24:57.202,30,Safe
25.47,6.24,16.42,344.75,507.5,2026-04-05 16:27:57.202,15,Safe
25.64,6.25,20.67,345.04,1306.08,2026-04-05 16:30:57.202,30,Safe
25.58,6.26,16.37,345.76,1206.17,2026-04-05 16:33:57.202,15,Safe
25.57,6.24,14.99,346.44,1478.2,2026-04-05 16:36:57.202,15,Safe
25.51,6.21,18.34,347.42,832.11,2026-04-05 16:39:57.202,15,Safe
25.56,6.21,15.64,347.14,1204.82,2026-04-05 16:42:57.202,15,Safe
25.57,6.2,19.89,348.77,1463.2,2026-04-05 16:45:57.202,15,Safe
25.46,6.19,20.92,350.19,1168.08,2026-04-05 16:48:57.202,30,Safe
25.43,6.18,15.33,350.42,1362.59,2026-04-05 16:51:57.202,15,Safe
25.46,6.18,16.28,350.57,1087.91,2026-04-05 16:54:57.202,15,Safe
25.57,6.2,12.89,351.21,1339.4,2026-04-05 16:57:57.202,15,Safe
25.54,6.19,21.0,351.08,1285.03,2026-04-05 17:00:57.202,30,Safe
25.56,6.17,17.81,352.26,779.86,2026-04-05 17:03:57.202,15,Safe
25.53,6.15,17.11,354.06,676.21,2026-04-05 17:06:57.202,15,Safe
25.55,6.17,18.37,354.47,746.95,2026-04-05 17:09:57.202,15,Safe
25.67,6.14,14.22,356.27,1063.04,2026-04-05 17:12:57.202,15,Safe
25.58,6.12,16.98,356.88,938.13,2026-04-05 17:15:57.202,15,Safe
25.51,6.09,14.65,358.24,1058.05,2026-04-05 17:18:57.202,15,Safe
25.61,6.1,11.33,359.6,775.72,2026-04-05 17:21:57.202,15,Safe
25.52,6.08,19.24,361.12,1499.1,2026-04-05 17:24:57.202,15,Safe
25.55,6.08,18.54,360.64,644.33,2026-04-05 17:27:57.202,15,Safe
25.54,6.06,13.96,361.58,3.03,2026-04-05 17:30:57.202,15,Safe
25.52,6.05,11.9,363.04,16.56,2026-04-05 17:33:57.202,15,Safe
25.6,6.08,16.87,364.17,2.31,2026-04-05 17:36:57.202,15,Safe
25.58,6.05,16.26,365.28,3.38,2026-04-05 17:39:57.202,15,Safe
25.6,6.02,9.84,365.27,3.26,2026-04-05 17:42:57.202,15,Safe
25.53,6.0,12.52,366.77,6.18,2026-04-05 17:45:57.202,15,Safe
25.63,6.0,14.91,366.98,11.4,2026-04-05 17:48:57.202,15,Safe
25.66,6.02,15.06,368.45,14.04,2026-04-05 17:51:57.202,15,Safe
25.73,6.02,21.47,368.96,10.95,2026-04-05 17:54:57.202,30,Safe
25.67,6.01,18.11,369.85,12.79,2026-04-05 17:57:57.202,15,Safe
25.56,6.0,18.08,369.88,8.99,2026-04-05 18:00:57.202,15,Safe
25.47,6.0,11.97,371.57,4.78,2026-04-05 18:03:57.202,15,Safe
25.64,6.01,13.9,372.82,5.65,2026-04-05 18:06:57.202,15,Safe
25.51,6.01,20.5,373.68,13.54,2026-04-05 18:09:57.202,30,Safe
25.55,6.0,19.86,373.79,7.11,2026-04-05 18:12:57.202,15,Safe
25.48,6.02,15.76,374.09,4.51,2026-04-05 18:15:57.202,15,Safe
25.47,6.04,22.99,374.88,5.07,2026-04-05 18:18:57.202,30,Safe
25.53,6.02,20.64,375.47,5.14,2026-04-05 18:21:57.202,30,Safe
25.5,6.0,21.93,375.59,19.61,2026-04-05 18:24:57.202,30,Safe
25.5,6.01,19.97,376.78,19.04,2026-04-05 18:27:57.202,15,Safe
25.52,6.03,20.7,377.56,0.32,2026-04-05 18:30:57.202,30,Safe
25.5,6.0,18.31,377.57,3.21,2026-04-05 18:33:57.202,15,Safe
25.6,6.01,16.3,377.41,1.21,2026-04-05 18:36:57.202,15,Safe
25.54,6.02,14.58,378.72,1.25,2026-04-05 18:39:57.202,15,Safe
25.57,6.03,14.08,379.17,2.34,2026-04-05 18:42:57.202,15,Safe
25.66,6.03,9.91,380.51,0.83,2026-04-05 18:45:57.202,15,Safe
25.56,6.05,14.43,379.61,0.29,2026-04-05 18:48:57.202,15,Safe
25.64,6.05,18.5,380.16,0.74,2026-04-05 18:51:57.202,15,Safe
25.63,6.05,13.09,381.12,2.04,2026-04-05 18:54:57.202,15,Safe
25.6,6.03,17.33,382.06,4.68,2026-04-05 18:57:57.202,15,Safe
25.56,6.01,15.3,383.98,2.48,2026-04-05 19:00:57.202,15,Safe
25.57,6.01,13.4,382.62,2.37,2026-04-05 19:03:57.202,15,Safe
25.58,6.0,12.87,384.25,1.38,2026-04-05 19:06:57.202,15,Safe
25.56,6.0,18.6,385.74,2.72,2026-04-05 19:09:57.202,15,Safe
25.55,6.01,20.22,386.34,3.46,2026-04-05 19:12:57.202,30,Safe
25.53,6.01,19.86,387.88,0.44,2026-04-05 19:15:57.202,15,Safe
25.5,6.02,16.45,389.4,0.15,2026-04-05 19:18:57.202,15,Safe
25.48,6.02,19.79,390.19,3.84,2026-04-05 19:21:57.202,15,Safe
25.42,6.02,15.3,390.32,4.82,2026-04-05 19:24:57.202,15,Safe
25.45,6.01,22.3,390.04,4.23,2026-04-05 19:27:57.202,30,Safe
25.48,6.01,14.2,389.99,3.34,2026-04-05 19:30:57.202,15,Safe
25.56,6.0,18.23,391.83,4.97,2026-04-05 19:33:57.202,15,Safe
25.69,6.0,12.61,392.25,4.61,2026-04-05 19:36:57.202,15,Safe
25.71,6.0,17.99,391.91,3.51,2026-04-05 19:39:57.202,15,Safe
25.75,6.0,18.63,392.07,3.35,2026-04-05 19:42:57.202,15,Safe
25.67,6.0,20.07,393.58,4.02,2026-04-05 19:45:57.202,30,Safe
25.61,6.0,17.98,393.86,1.21,2026-04-05 19:48:57.202,15,Safe
25.56,6.0,13.33,393.69,1.78,2026-04-05 19:51:57.202,15,Safe
25.5,6.02,14.49,394.45,0.37,2026-04-05 19:54:57.202,15,Safe
25.48,6.03,17.94,394.45,0.01,2026-04-05 19:57:57.202,15,Safe
25.58,6.04,14.97,397.65,4.93,2026-04-05 20:00:57.202,15,Safe
25.55,6.02,14.3,398.14,1.02,2026-04-05 20:03:57.202,15,Safe
25.47,6.0,20.84,398.56,4.13,2026-04-05 20:06:57.202,30,Safe
25.41,6.0,18.37,400.12,3.23,2026-04-05 20:09:57.202,15,Safe
25.47,6.0,14.75,399.43,4.67,2026-04-05 20:12:57.202,15,Safe
25.58,6.0,13.88,399.29,2.19,2026-04-05 20:15:57.202,15,Safe
25.53,6.0,17.35,400.59,1.5,2026-04-05 20:18:57.202,15,Safe
25.57,6.0,18.51,401.61,4.66,2026-04-05 20:21:57.202,15,Safe
25.61,6.0,14.26,404.07,4.07,2026-04-05 20:24:57.202,15,Safe
25.57,6.0,22.8,404.1,4.01,2026-04-05 20:27:57.202,30,Safe
25.45,6.0,21.5,404.67,1.72,2026-04-05 20:30:57.202,30,Safe
25.5,6.0,16.37,405.82,1.76,2026-04-05 20:33:57.202,15,Safe
25.56,6.0,16.5,406.18,2.45,2026-04-05 20:36:57.202,15,Safe
25.68,6.02,12.12,408.4,4.51,2026-04-05 20:39:57.202,15,Safe
25.67,6.0,18.97,410.61,2.93,2026-04-05 20:42:57.202,15,Safe
25.61,6.0,17.79,411.67,4.37,2026-04-05 20:45:57.202,15,Safe
25.62,6.0,15.55,412.64,4.25,2026-04-05 20:48:57.202,15,Safe
25.56,6.01,14.29,414.1,0.7,2026-04-05 20:51:57.202,15,Safe
25.6,6.01,22.55,414.46,2.09,2026-04-05 20:54:57.202,30,Safe
25.58,6.0,21.64,415.55,0.96,2026-04-05 20:57:57.202,30,Safe
25.59,6.0,18.84,417.89,1.41,2026-04-05 21:00:57.202,15,Safe
25.62,6.0,19.66,418.96,3.48,2026-04-05 21:03:57.202,15,Safe
25.75,6.0,18.8,418.16,1.9,2026-04-05 21:06:57.202,15,Safe
25.64,6.01,15.02,420.08,2.14,2026-04-05 21:09:57.202,15,Safe
25.66,6.0,14.13,419.77,1.66,2026-04-05 21:12:57.202,15,Safe
25.51,6.0,14.54,421.14,1.16,2026-04-05 21:15:57.202,15,Safe
25.56,6.0,15.9,422.01,1.85,2026-04-05 21:18:57.202,15,Safe
25.57,6.0,16.33,422.44,4.95,2026-04-05 21:21:57.202,15,Safe
25.6,6.0,13.79,422.4,2.07,2026-04-05 21:24:57.202,15,Safe
25.62,6.0,16.37,423.36,0.59,2026-04-05 21:27:57.202,15,Safe
25.58,6.0,23.31,422.94,1.46,2026-04-05 21:30:57.202,30,Safe
25.52,6.0,21.44,424.24,3.09,2026-04-05 21:33:57.202,30,Safe
25.63,6.0,21.02,425.42,4.51,2026-04-05 21:36:57.202,30,Safe
25.55,6.0,13.93,426.36,0.73,2026-04-05 21:39:57.202,15,Safe
25.5,6.0,21.4,427.57,2.69,2026-04-05 21:42:57.202,30,Safe
25.67,6.0,21.33,430.47,4.74,2026-04-05 21:45:57.202,30,Safe
25.61,6.0,17.66,431.28,2.35,2026-04-05 21:48:57.202,15,Safe
25.56,6.0,17.54,431.42,1.92,2026-04-05 21:51:57.202,15,Safe
25.49,6.02,14.87,433.0,1.54,2026-04-05 21:54:57.202,15,Safe
25.59,6.0,15.67,433.32,1.58,2026-04-05 21:57:57.202,15,Safe
25.52,6.0,19.08,434.53,1.93,2026-04-05 22:00:57.202,15,Safe
25.49,6.0,18.0,433.66,4.15,2026-04-05 22:03:57.202,15,Safe
25.61,6.0,22.12,433.62,3.53,2026-04-05 22:06:57.202,30,Safe
25.64,6.01,20.37,434.22,1.8,2026-04-05 22:09:57.202,30,Safe
25.6,6.0,16.19,435.89,4.79,2026-04-05 22:12:57.202,15,Safe
25.58,6.0,21.07,436.4,4.4,2026-04-05 22:15:57.202,30,Safe
25.52,6.0,19.4,435.22,1.81,2026-04-05 22:18:57.202,15,Safe
25.54,6.0,19.39,435.67,4.37,2026-04-05 22:21:57.202,15,Safe
25.59,6.01,21.18,435.87,4.01,2026-04-05 22:24:57.202,30,Safe
25.56,6.0,22.43,436.15,1.23,2026-04-05 22:27:57.202,30,Safe
25.72,6.0,21.01,436.66,2.82,2026-04-05 22:30:57.202,30,Safe
25.7,6.0,11.67,437.39,1.07,2026-04-05 22:33:57.202,15,Safe
25.69,6.0,19.72,437.52,0.83,2026-04-05 22:36:57.202,15,Safe
25.73,6.0,18.17,439.27,1.63,2026-04-05 22:39:57.202,15,Safe
25.59,6.0,19.1,442.16,0.24,2026-04-05 22:42:57.202,15,Safe
25.59,6.0,17.3,442.79,0.04,2026-04-05 22:45:57.202,15,Safe
25.54,6.0,21.57,444.17,1.06,2026-04-05 22:48:57.202,30,Safe
25.55,6.0,21.18,443.85,2.64,2026-04-05 22:51:57.202,30,Safe
25.61,6.0,25.01,445.07,2.15,2026-04-05 22:54:57.202,30,Safe
25.67,6.0,24.22,444.34,3.69,2026-04-05 22:57:57.202,30,Safe
25.68,6.0,23.58,445.31,2.92,2026-04-05 23:00:57.202,30,Safe
25.71,6.0,14.24,446.55,0.09,2026-04-05 23:03:57.202,15,Safe
25.6,6.03,19.14,446.54,3.05,2026-04-05 23:06:57.202,15,Safe
25.56,6.02,17.82,448.97,3.44,2026-04-05 23:09:57.202,15,Safe
25.53,6.0,17.6,449.82,3.91,2026-04-05 23:12:57.202,15,Safe
25.66,6.0,22.3,451.29,1.89,2026-04-05 23:15:57.202,30,Safe
25.6,6.0,19.22,452.21,1.92,2026-04-05 23:18:57.202,15,Safe
25.63,6.01,23.34,451.89,3.16,2026-04-05 23:21:57.202,30,Safe
25.58,6.0,17.31,451.47,0.73,2026-04-05 23:24:57.202,15,Safe
25.54,6.0,19.91,451.97,3.91,2026-04-05 23:27:57.202,15,Safe
25.57,6.01,19.81,451.96,66.05,2026-04-05 23:30:57.202,15,Safe
25.57,6.01,17.09,452.66,52.53,2026-04-05 23:33:57.202,15,Safe
25.54,6.01,12.78,455.07,90.81,2026-04-05 23:36:57.202,15,Safe
25.55,6.01,15.66,454.68,50.35,2026-04-05 23:39:57.202,15,Safe
25.6,6.0,15.7,454.08,73.09,2026-04-05 23:42:57.202,15,Safe
25.58,6.02,21.98,456.17,63.91,2026-04-05 23:45:57.202,30,Safe
25.65,6.0,17.17,458.63,93.21,2026-04-05 23:48:57.202,15,Safe
25.57,6.0,20.04,458.69,92.64,2026-04-05 23:51:57.202,30,Safe
25.55,6.0,16.63,458.87,62.01,2026-04-05 23:54:57.202,15,Safe
25.53,6.0,14.32,459.89,54.74,2026-04-05 23:57:57.202,15,Safe
25.59,6.02,18.92,459.26,70.07,2026-04-06 00:00:57.202,15,Safe
25.53,6.0,19.73,458.61,57.36,2026-04-06 00:03:57.202,15,Safe
25.51,6.0,15.54,460.4,26.49,2026-04-06 00:06:57.202,15,Safe
25.65,6.0,20.83,460.4,28.34,2026-04-06 00:09:57.202,30,Safe
25.7,6.0,17.88,461.58,15.39,2026-04-06 00:12:57.202,15,Safe
25.73,6.0,20.34,461.87,81.51,2026-04-06 00:15:57.202,30,Safe
25.67,6.01,23.65,462.11,117.36,2026-04-06 00:18:57.202,30,Safe
25.55,6.0,25.61,461.58,98.82,2026-04-06 00:21:57.202,30,Safe
25.54,6.0,20.84,462.42,24.94,2026-04-06 00:24:57.202,30,Safe
25.53,6.01,18.4,463.39,84.44,2026-04-06 00:27:57.202,15,Safe
25.54,6.0,21.42,464.24,26.73,2026-04-06 00:30:57.202,30,Safe
25.55,6.0,22.96,463.8,119.49,2026-04-06 00:33:57.202,30,Safe
25.46,6.0,15.07,463.88,29.27,2026-04-06 00:36:57.202,15,Safe
25.56,6.0,23.17,464.61,70.44,2026-04-06 00:39:57.202,30,Safe
25.65,6.0,21.95,466.29,105.17,2026-04-06 00:42:57.202,30,Safe
25.57,6.0,16.08,464.74,44.58,2026-04-06 00:45:57.202,15,Safe
25.61,6.0,20.71,465.55,94.44,2026-04-06 00:48:57.202,30,Safe
25.68,6.0,22.99,466.6,109.47,2026-04-06 00:51:57.202,30,Safe
25.62,6.03,22.03,468.05,117.79,2026-04-06 00:54:57.202,30,Safe
25.6,6.04,15.5,468.35,62.93,2026-04-06 00:57:57.202,15,Safe
25.55,6.02,21.46,468.66,25.26,2026-04-06 01:00:57.202,30,Safe
25.58,6.0,21.9,469.67,48.13,2026-04-06 01:03:57.202,30,Safe
25.61,6.0,14.02,469.9,25.39,2026-04-06 01:06:57.202,15,Safe
25.51,6.0,18.09,469.53,90.35,2026-04-06 01:09:57.202,15,Safe
25.58,6.0,21.05,469.94,112.83,2026-04-06 01:12:57.202,30,Safe
25.53,6.0,22.89,470.38,118.49,2026-04-06 01:15:57.202,30,Safe
25.49,6.01,21.17,469.99,62.4,2026-04-06 01:18:57.202,30,Safe
25.49,6.0,19.93,470.7,48.6,2026-04-06 01:21:57.202,15,Safe
25.46,6.0,22.06,471.74,73.71,2026-04-06 01:24:57.202,30,Safe
25.45,6.0,21.58,471.43,42.5,2026-04-06 01:27:57.202,30,Safe
25.59,6.0,14.63,473.36,263.11,2026-04-06 01:30:57.202,15,Safe
25.65,6.01,19.62,473.14,400.93,2026-04-06 01:33:57.202,15,Safe
25.66,6.02,16.41,473.58,227.33,2026-04-06 01:36:57.202,15,Safe
25.58,6.02,21.46,474.11,518.6,2026-04-06 01:39:57.202,30,Safe
25.58,6.02,19.35,474.47,528.07,2026-04-06 01:42:57.202,15,Safe
25.59,6.02,21.8,474.59,581.03,2026-04-06 01:45:57.202,30,Safe
25.55,6.0,16.25,474.62,507.56,2026-04-06 01:48:57.202,15,Safe
25.56,6.01,21.78,474.27,177.1,2026-04-06 01:51:57.202,30,Safe
25.49,6.01,22.09,474.27,265.91,2026-04-06 01:54:57.202,30,Safe
25.53,6.0,25.4,476.73,524.62,2026-04-06 01:57:57.202,30,Safe
25.56,6.0,19.98,476.41,536.53,2026-04-06 02:00:57.202,15,Safe
25.58,6.0,21.05,477.6,529.03,2026-04-06 02:03:57.202,30,Safe
25.49,6.0,18.33,477.67,228.64,2026-04-06 02:06:57.202,15,Safe
25.57,6.0,22.51,478.51,682.95,2026-04-06 02:09:57.202,30,Safe
25.65,6.01,19.89,479.83,150.4,2026-04-06 02:12:57.202,15,Safe
25.79,6.0,25.72,478.75,328.21,2026-04-06 02:15:57.202,30,Safe
25.7,6.0,22.4,480.02,126.03,2026-04-06 02:18:57.202,30,Safe
25.69,6.01,23.36,481.27,274.31,2026-04-06 02:21:57.202,30,Safe
25.58,6.01,21.51,483.0,145.7,2026-04-06 02:24:57.202,30,Safe
25.64,6.0,22.49,483.31,690.51,2026-04-06 02:27:57.202,30,Safe
25.63,6.0,24.26,488.6,2778.99,2026-04-06 02:30:57.202,30,Safe
25.66,6.0,32.42,492.82,1639.69,2026-04-06 02:33:57.202,45,Moderate
25.67,6.0,29.08,494.66,2477.88,2026-04-06 02:36:57.202,30,Safe
25.62,6.0,36.77,497.68,2566.98,2026-04-06 02:39:57.202,45,Moderate
25.51,6.0,34.47,502.11,2025.62,2026-04-06 02:42:57.202,45,Moderate
25.55,6.0,33.41,505.26,1846.73,2026-04-06 02:45:57.202,45,Moderate
25.56,6.01,31.59,510.2,2051.38,2026-04-06 02:48:57.202,45,Moderate
25.68,6.03,34.89,513.78,1214.99,2026-04-06 02:51:57.202,45,Moderate
25.68,6.03,39.3,518.26,1680.18,2026-04-06 02:54:57.202,45,Moderate
25.58,6.0,42.09,523.48,1935.48,2026-04-06 02:57:57.202,45,Moderate
25.63,6.0,36.4,525.42,1505.95,2026-04-06 03:00:57.202,45,Moderate
25.61,6.0,31.84,527.64,2390.74,2026-04-06 03:03:57.202,45,Moderate
25.66,6.0,27.1,527.97,2165.96,2026-04-06 03:06:57.202,30,Safe
25.54,6.0,30.22,529.15,2503.1,2026-04-06 03:09:57.202,45,Moderate
25.74,6.0,27.54,529.59,2131.33,2026-04-06 03:12:57.202,30,Safe
25.7,6.0,27.37,530.8,2445.87,2026-04-06 03:15:57.202,30,Safe
25.74,6.0,28.08,531.27,2175.48,2026-04-06 03:18:57.202,30,Safe
25.7,6.0,25.44,531.22,1661.11,2026-04-06 03:21:57.202,30,Safe
25.66,6.0,27.75,532.58,2401.85,2026-04-06 03:24:57.202,30,Safe
25.59,6.01,23.67,532.63,2283.38,2026-04-06 03:27:57.202,30,Safe
25.66,6.0,30.83,533.88,1749.61,2026-04-06 03:30:57.202,45,Moderate
25.69,6.01,33.4,534.09,1387.66,2026-04-06 03:33:57.202,45,Moderate
25.69,6.01,28.0,535.6,1915.51,2026-04-06 03:36:57.202,30,Safe
25.66,6.02,30.56,535.88,2673.8,2026-04-06 03:39:57.202,45,Moderate
25.6,6.03,30.76,536.76,2297.02,2026-04-06 03:42:57.202,45,Moderate
25.49,6.05,24.07,537.35,2359.29,2026-04-06 03:45:57.202,30,Safe
25.52,6.04,27.63,537.93,2851.02,2026-04-06 03:48:57.202,30,Safe
25.51,6.03,29.55,538.73,1965.27,2026-04-06 03:51:57.202,30,Safe
25.58,6.02,30.2,539.69,2198.38,2026-04-06 03:54:57.202,45,Moderate
25.53,6.01,26.31,540.42,2470.36,2026-04-06 03:57:57.202,30,Safe
25.57,6.01,33.86,542.02,1864.11,2026-04-06 04:00:57.202,45,Moderate
25.59,6.0,29.99,542.03,1666.99,2026-04-06 04:03:57.202,30,Safe
25.68,6.02,28.4,542.2,1404.98,2026-04-06 04:06:57.202,30,Safe
25.62,6.0,29.75,542.79,2288.39,2026-04-06 04:09:57.202,30,Safe
25.62,6.0,27.29,541.8,2113.16,2026-04-06 04:12:57.202,30,Safe
25.6,6.0,32.41,541.45,1524.41,2026-04-06 04:15:57.202,45,Moderate
25.56,6.0,29.98,541.33,1935.49,2026-04-06 04:18:57.202,30,Safe
25.48,6.0,28.81,542.67,1989.3,2026-04-06 04:21:57.202,30,Safe
25.54,6.0,26.02,543.82,2889.11,2026-04-06 04:24:57.202,30,Safe
25.56,6.0,22.33,543.25,2245.23,2026-04-06 04:27:57.202,30,Safe
25.7,6.0,25.45,543.54,2621.5,2026-04-06 04:30:57.202,30,Safe
25.9,6.0,27.42,543.53,1957.51,2026-04-06 04:33:57.202,30,Safe
25.86,6.0,28.05,544.43,1798.32,2026-04-06 04:36:57.202,30,Safe
25.88,6.0,29.41,545.07,2017.01,2026-04-06 04:39:57.202,30,Safe
25.84,6.0,27.32,546.53,1360.52,2026-04-06 04:42:57.202,30,Safe
25.9,6.0,27.2,546.83,2775.28,2026-04-06 04:45:57.202,30,Safe
25.91,6.0,22.17,547.45,2104.95,2026-04-06 04:48:57.202,30,Safe
25.92,6.0,22.17,549.11,2003.39,2026-04-06 04:51:57.202,30,Safe
25.95,6.0,30.42,549.14,2663.68,2026-04-06 04:54:57.202,45,Moderate
25.9,6.0,27.38,550.76,2465.99,2026-04-06 04:57:57.202,30,Safe
26.01,6.0,31.8,550.72,2154.93,2026-04-06 05:00:57.202,45,Moderate
25.93,6.0,26.22,551.25,2111.11,2026-04-06 05:03:57.202,30,Safe
25.83,6.0,27.37,553.21,2228.34,2026-04-06 05:06:57.202,30,Safe
25.95,6.0,27.19,555.14,2261.73,2026-04-06 05:09:57.202,30,Safe
25.8,6.0,27.55,555.15,1188.26,2026-04-06 05:12:57.202,30,Safe
25.77,6.0,24.71,555.75,1694.95,2026-04-06 05:15:57.202,30,Safe
25.8,6.0,30.63,556.08,2266.09,2026-04-06 05:18:57.202,45,Moderate
25.92,6.01,25.6,555.64,2521.36,2026-04-06 05:21:57.202,30,Safe
25.96,6.0,30.83,556.22,1963.04,2026-04-06 05:24:57.202,45,Moderate
25.87,6.0,27.4,556.56,2309.34,2026-04-06 05:27:57.202,30,Safe
25.81,6.0,27.59,556.42,2118.85,2026-04-06 05:30:57.202,30,Safe
25.78,6.0,29.04,557.29,1421.98,2026-04-06 05:33:57.202,30,Safe
26.0,6.0,23.15,557.61,1667.51,2026-04-06 05:36:57.202,30,Safe
25.88,6.0,27.87,558.99,2811.65,2026-04-06 05:39:57.202,30,Safe
25.96,6.0,27.78,559.23,2188.91,2026-04-06 05:42:57.202,30,Safe
25.93,6.01,31.18,560.56,1786.38,2026-04-06 05:45:57.202,45,Moderate
25.95,6.01,22.06,562.87,2116.75,2026-04-06 05:48:57.202,30,Safe
25.9,6.0,30.76,562.18,2261.82,2026-04-06 05:51:57.202,45,Moderate
25.9,6.0,29.96,561.63,1245.79,2026-04-06 05:54:57.202,30,Safe
25.92,6.0,20.77,562.4,2346.23,2026-04-06 05:57:57.202,30,Safe
25.89,6.0,31.94,563.2,1495.04,2026-04-06 06:00:57.202,45,Moderate
25.76,6.0,26.79,565.66,2539.09,2026-04-06 06:03:57.202,30,Safe
25.77,6.0,20.17,567.22,1735.48,2026-04-06 06:06:57.202,30,Safe
25.88,6.0,24.9,569.85,2506.81,2026-04-06 06:09:57.202,30,Safe
25.74,6.0,34.28,570.55,1397.19,2026-04-06 06:12:57.202,45,Moderate
25.84,6.0,24.52,570.83,2521.2,2026-04-06 06:15:57.202,30,Safe
25.79,6.01,26.6,572.32,2909.08,2026-04-06 06:18:57.202,30,Safe
25.81,6.01,28.4,573.65,1512.95,2026-04-06 06:21:57.202,30,Safe
25.78,6.01,27.39,574.62,1920.25,2026-04-06 06:24:57.202,30,Safe
25.85,6.0,29.72,574.89,1639.39,2026-04-06 06:27:57.202,30,Safe
25.84,6.0,23.5,575.75,1954.34,2026-04-06 06:30:57.202,30,Safe
25.72,6.0,23.83,577.26,1424.47,2026-04-06 06:33:57.202,30,Safe
25.82,6.0,26.63,577.38,1773.84,2026-04-06 06:36:57.202,30,Safe
25.95,6.0,22.99,577.38,2232.87,2026-04-06 06:39:57.202,30,Safe
25.95,6.02,20.42,577.47,1729.24,2026-04-06 06:42:57.202,30,Safe
26.06,6.02,27.33,577.35,2240.11,2026-04-06 06:45:57.202,30,Safe
26.03,6.03,24.78,579.42,2350.03,2026-04-06 06:48:57.202,30,Safe
25.89,6.03,23.59,580.5,2662.72,2026-04-06 06:51:57.202,30,Safe
25.94,6.03,29.67,581.51,2117.97,2026-04-06 06:54:57.202,30,Safe
25.91,6.02,26.91,582.61,2137.51,2026-04-06 06:57:57.202,30,Safe
25.92,6.01,23.7,581.64,1809.82,2026-04-06 07:00:57.202,30,Safe
25.89,6.0,24.82,583.54,2715.11,2026-04-06 07:03:57.202,30,Safe
25.83,6.0,28.09,583.93,2030.36,2026-04-06 07:06:57.202,30,Safe
25.81,6.0,30.64,584.65,1357.47,2026-04-06 07:09:57.202,45,Moderate
25.79,6.02,29.15,584.88,2159.18,2026-04-06 07:12:57.202,30,Safe
25.83,6.0,34.36,585.74,2115.53,2026-04-06 07:15:57.202,45,Moderate
25.85,6.01,21.43,586.68,2319.35,2026-04-06 07:18:57.202,30,Safe
25.89,6.03,22.02,587.52,2322.97,2026-04-06 07:21:57.202,30,Safe
26.0,6.01,30.71,587.6,1930.88,2026-04-06 07:24:57.202,45,Moderate
25.86,6.03,27.48,587.21,1177.81,2026-04-06 07:27:57.202,30,Safe
25.79,6.05,26.07,587.17,1816.08,2026-04-06 07:30:57.202,30,Safe
25.81,6.03,24.9,587.88,2772.65,2026-04-06 07:33:57.202,30,Safe
25.85,6.0,26.23,589.0,2241.58,2026-04-06 07:36:57.202,30,Safe
25.93,6.0,25.73,589.81,1999.83,2026-04-06 07:39:57.202,30,Safe
25.93,6.0,18.65,590.38,1924.3,2026-04-06 07:42:57.202,15,Safe
25.89,6.0,21.66,591.59,2294.95,2026-04-06 07:45:57.202,30,Safe
25.9,6.01,22.23,592.51,2613.21,2026-04-06 07:48:57.202,30,Safe
25.91,6.02,21.45,593.23,2153.85,2026-04-06 07:51:57.202,30,Safe
25.84,6.03,28.39,593.8,2621.23,2026-04-06 07:54:57.202,30,Safe
25.81,6.04,19.8,593.96,2225.4,2026-04-06 07:57:57.202,15,Safe
25.65,6.03,32.38,594.24,1963.36,2026-04-06 08:00:57.202,45,Moderate
25.7,6.03,22.52,595.11,1929.95,2026-04-06 08:03:57.202,30,Safe
25.88,6.03,30.94,594.2,2349.03,2026-04-06 08:06:57.202,45,Moderate
25.83,6.02,22.38,594.63,1961.78,2026-04-06 08:09:57.202,30,Safe
25.81,6.0,24.03,595.32,2617.37,2026-04-06 08:12:57.202,30,Safe
25.86,6.0,25.63,596.1,2005.65,2026-04-06 08:15:57.202,30,Safe
25.81,6.0,25.36,597.03,2181.13,2026-04-06 08:18:57.202,30,Safe
25.85,6.01,28.64,598.24,2435.87,2026-04-06 08:21:57.202,30,Safe
25.82,6.01,22.41,598.98,1864.21,2026-04-06 08:24:57.202,30,Safe
25.81,6.0,21.79,599.08,1502.81,2026-04-06 08:27:57.202,30,Safe
25.9,6.0,20.46,598.68,2774.19,2026-04-06 08:30:57.202,30,Safe
25.86,6.0,22.68,598.68,2337.86,2026-04-06 08:33:57.202,30,Safe
25.94,6.0,25.21,601.35,2406.24,2026-04-06 08:36:57.202,30,Safe
25.91,6.0,26.66,601.78,1427.66,2026-04-06 08:39:57.202,30,Safe
25.85,6.0,21.4,602.71,1476.49,2026-04-06 08:42:57.202,30,Safe
25.85,6.0,24.15,603.97,1429.65,2026-04-06 08:45:57.202,30,Safe
25.77,6.0,27.28,605.28,1591.6,2026-04-06 08:48:57.202,30,Safe
25.76,6.0,22.79,605.99,1222.7,2026-04-06 08:51:57.202,30,Safe
25.87,6.0,26.41,606.92,2519.89,2026-04-06 08:54:57.202,30,Safe
25.9,6.0,28.46,607.8,2441.71,2026-04-06 08:57:57.202,30,Safe
25.83,6.01,19.02,608.22,2549.45,2026-04-06 09:00:57.202,15,Safe
25.86,6.0,21.71,609.9,2199.34,2026-04-06 09:03:57.202,30,Safe
25.88,6.0,26.1,607.91,1815.56,2026-04-06 09:06:57.202,30,Safe
25.92,6.02,22.38,608.72,1803.13,2026-04-06 09:09:57.202,30,Safe
25.83,6.01,25.59,608.91,2481.08,2026-04-06 09:12:57.202,30,Safe
25.76,6.02,19.61,608.9,1515.88,2026-04-06 09:15:57.202,15,Safe
25.88,6.01,21.56,608.94,2293.59,2026-04-06 09:18:57.202,30,Safe
25.87,6.02,21.08,609.69,2557.54,2026-04-06 09:21:57.202,30,Safe
25.91,6.03,24.83,611.04,1712.04,2026-04-06 09:24:57.202,30,Safe
25.88,6.0,26.94,611.98,2299.95,2026-04-06 09:27:57.202,30,Safe
25.88,6.0,29.53,611.14,1820.09,2026-04-06 09:30:57.202,30,Safe
25.88,6.0,21.87,611.78,1691.74,2026-04-06 09:33:57.202,30,Safe
25.92,6.0,26.26,612.9,2642.65,2026-04-06 09:36:57.202,30,Safe
25.95,6.0,25.04,613.24,2726.23,2026-04-06 09:39:57.202,30,Safe
25.88,6.0,26.79,613.26,2402.49,2026-04-06 09:42:57.202,30,Safe
25.92,6.01,20.2,614.77,2206.03,2026-04-06 09:45:57.202,30,Safe
25.82,6.03,20.47,615.05,2584.43,2026-04-06 09:48:57.202,30,Safe
25.89,6.03,24.71,615.82,1815.95,2026-04-06 09:51:57.202,30,Safe
25.8,6.0,18.24,617.26,1313.53,2026-04-06 09:54:57.202,15,Safe
25.87,6.0,24.8,617.96,1686.09,2026-04-06 09:57:57.202,30,Safe
25.81,6.0,20.52,619.55,1288.18,2026-04-06 10:00:57.202,30,Safe
25.83,6.0,18.64,620.08,1623.58,2026-04-06 10:03:57.202,15,Safe
25.83,6.0,22.27,619.96,2362.01,2026-04-06 10:06:57.202,30,Safe
25.79,6.0,27.76,620.74,2078.28,2026-04-06 10:09:57.202,30,Safe
25.89,6.0,21.93,620.82,1671.85,2026-04-06 10:12:57.202,30,Safe
25.94,6.0,21.83,621.81,2140.81,2026-04-06 10:15:57.202,30,Safe
25.84,6.0,26.18,622.16,1571.18,2026-04-06 10:18:57.202,30,Safe
25.8,6.0,25.22,624.02,2257.56,2026-04-06 10:21:57.202,30,Safe
25.71,6.0,26.46,624.82,2352.01,2026-04-06 10:24:57.202,30,Safe
25.72,6.0,29.28,624.83,2828.48,2026-04-06 10:27:57.202,30,Safe
25.61,6.0,20.58,624.93,1338.23,2026-04-06 10:30:57.202,30,Safe
25.73,6.0,20.58,626.24,1559.03,2026-04-06 10:33:57.202,30,Safe
25.87,6.0,25.67,626.01,1380.15,2026-04-06 10:36:57.202,30,Safe
25.82,6.0,25.49,626.81,1846.67,2026-04-06 10:39:57.202,30,Safe
25.95,6.0,25.3,626.61,1635.72,2026-04-06 10:42:57.202,30,Safe
25.83,6.01,26.77,625.37,1370.55,2026-04-06 10:45:57.202,30,Safe
25.83,6.0,23.62,624.81,2413.88,2026-04-06 10:48:57.202,30,Safe
25.83,6.02,23.29,625.82,2846.35,2026-04-06 10:51:57.202,30,Safe
25.99,6.03,27.13,625.56,1996.36,2026-04-06 10:54:57.202,30,Safe
25.92,6.02,23.83,626.16,2523.76,2026-04-06 10:57:57.202,30,Safe
25.97,6.01,21.89,626.93,2485.38,2026-04-06 11:00:57.202,30,Safe
26.03,6.0,21.01,626.28,2449.23,2026-04-06 11:03:57.202,30,Safe
25.95,6.0,26.96,627.37,1466.21,2026-04-06 11:06:57.202,30,Safe
25.95,6.0,22.6,626.72,2171.16,2026-04-06 11:09:57.202,30,Safe
25.89,6.0,22.28,626.55,1331.48,2026-04-06 11:12:57.202,30,Safe
25.79,6.0,20.78,628.29,2801.12,2026-04-06 11:15:57.202,30,Safe
25.76,6.0,22.52,628.87,1839.24,2026-04-06 11:18:57.202,30,Safe
25.74,6.0,28.12,628.94,1397.76,2026-04-06 11:21:57.202,30,Safe
25.72,6.0,27.64,630.91,2824.15,2026-04-06 11:24:57.202,30,Safe
25.78,6.02,28.36,631.03,2575.7,2026-04-06 11:27:57.202,30,Safe
25.89,6.0,28.76,631.6,1361.8,2026-04-06 11:30:57.202,30,Safe
25.7,6.0,21.86,632.45,1487.8,2026-04-06 11:33:57.202,30,Safe
25.62,6.0,24.22,632.2,1287.25,2026-04-06 11:36:57.202,30,Safe
25.67,6.0,21.09,632.55,1280.0,2026-04-06 11:39:57.202,30,Safe
25.56,6.01,24.59,632.9,1164.51,2026-04-06 11:42:57.202,30,Safe
25.6,6.01,19.34,633.51,1759.81,2026-04-06 11:45:57.202,15,Safe
25.59,6.0,21.43,633.75,1976.57,2026-04-06 11:48:57.202,30,Safe
25.58,6.0,26.32,634.51,1262.4,2026-04-06 11:51:57.202,30,Safe
25.57,6.01,26.66,634.61,1135.96,2026-04-06 11:54:57.202,30,Safe
25.68,6.01,21.83,635.31,1665.43,2026-04-06 11:57:57.202,30,Safe
25.67,6.04,24.96,634.47,2224.29,2026-04-06 12:00:57.202,30,Safe
25.58,6.04,27.54,634.21,1883.13,2026-04-06 12:03:57.202,30,Safe
25.55,6.0,23.65,636.06,1343.39,2026-04-06 12:06:57.202,30,Safe
25.51,6.0,21.23,636.6,1376.87,2026-04-06 12:09:57.202,30,Safe
25.57,6.01,27.62,636.34,1706.41,2026-04-06 12:12:57.202,30,Safe
25.46,6.0,25.05,638.6,1473.21,2026-04-06 12:15:57.202,30,Safe
25.53,6.0,21.93,638.62,2276.98,2026-04-06 12:18:57.202,30,Safe
25.5,6.0,25.24,638.87,1719.4,2026-04-06 12:21:57.202,30,Safe
25.5,6.0,25.29,639.89,1588.79,2026-04-06 12:24:57.202,30,Safe
25.54,6.0,20.46,640.87,1217.05,2026-04-06 12:27:57.202,30,Safe
25.57,6.0,31.33,645.53,122.83,2026-04-06 12:30:57.202,45,Moderate
25.5,6.0,28.7,650.94,56.88,2026-04-06 12:33:57.202,30,Safe
25.61,6.0,37.69,654.96,146.3,2026-04-06 12:36:57.202,45,Moderate
25.56,6.0,24.63,660.93,86.6,2026-04-06 12:39:57.202,30,Safe
25.51,6.0,37.16,666.14,98.72,2026-04-06 12:42:57.202,45,Moderate
25.55,6.0,41.59,670.07,81.45,2026-04-06 12:45:57.202,45,Moderate
25.54,6.01,41.97,673.56,168.56,2026-04-06 12:48:57.202,45,Moderate
25.59,6.0,36.47,675.89,110.71,2026-04-06 12:51:57.202,45,Moderate
25.57,6.0,39.35,679.42,113.38,2026-04-06 12:54:57.202,45,Moderate
25.72,6.0,43.48,682.24,119.56,2026-04-06 12:57:57.202,45,Moderate
25.72,6.01,39.49,685.56,84.75,2026-04-06 13:00:57.202,45,Moderate
25.65,6.0,32.93,684.99,34.99,2026-04-06 13:03:57.202,45,Moderate
25.62,6.0,32.59,685.5,168.4,2026-04-06 13:06:57.202,45,Moderate
25.51,6.03,36.22,687.06,96.47,2026-04-06 13:09:57.202,45,Moderate
25.62,6.03,27.9,687.21,91.64,2026-04-06 13:12:57.202,30,Safe
25.58,6.01,30.63,689.21,78.24,2026-04-06 13:15:57.202,45,Moderate
25.63,6.0,31.37,690.4,128.46,2026-04-06 13:18:57.202,45,Moderate
25.7,6.0,30.22,690.9,175.17,2026-04-06 13:21:57.202,45,Moderate
25.59,6.0,28.74,691.09,67.37,2026-04-06 13:24:57.202,30,Safe
25.54,6.02,27.72,691.8,112.23,2026-04-06 13:27:57.202,30,Safe
25.53,6.02,32.03,691.78,2.41,2026-04-06 13:30:57.202,45,Moderate
25.52,6.03,32.1,692.8,3.17,2026-04-06 13:33:57.202,45,Moderate
25.4,6.01,36.33,692.82,4.09,2026-04-06 13:36:57.202,45,Moderate
25.51,6.01,33.17,694.57,5.49,2026-04-06 13:39:57.202,45,Moderate
25.46,6.0,36.11,695.11,274.06,2026-04-06 13:42:57.202,45,Moderate
25.53,6.0,35.8,696.11,13.31,2026-04-06 13:45:57.202,45,Moderate
